sample_id,latitude,longitude,landslide,xgboost_probability
POS_003932,30.529505,79.085957,1,0.871858
UK_NEG_00306,30.017314,77.97127,0,0.002498
UK_NEG_04228,30.311468,80.409333,0,0.001867
POS_005477,30.5745,79.0532,1,0.944529
UK_NEG_04090,29.236661,78.909315,0,0.000354
POS_001778,29.944569,79.078828,1,0.883285
POS_002549,30.094888,79.658516,1,0.681986
UK_NEG_00927,29.540953,80.205994,0,0.703418
UK_NEG_02001,29.57374,79.003911,0,0.037202
POS_003867,30.518825,77.956656,1,0.991322
POS_005146,30.967639,78.435278,1,0.945892
UK_NEG_01000,30.769728,79.133624,0,0.008719
UK_NEG_04040,29.871992,79.059777,0,0.087792
POS_001587,29.90528,80.31278,1,0.901932
POS_002775,30.173528,78.87755,1,0.68945
UK_NEG_04297,30.847277,79.213034,0,0.008397
UK_NEG_01081,30.033918,77.999775,0,0.002514
UK_NEG_01452,30.354734,78.933003,0,0.529411
POS_003528,30.399273,78.199711,1,0.995964
UK_NEG_02312,29.731438,79.441701,0,0.533033
UK_NEG_03603,30.461785,79.406709,0,0.870594
POS_004835,30.8475,78.210278,1,0.571629
POS_004941,30.884522,77.83363,1,0.81289
UK_NEG_01356,29.608825,78.729993,0,0.148022
POS_005334,30.644787,79.017771,1,0.803843
UK_NEG_03400,30.674173,79.174938,0,0.000829
POS_001845,29.959768,79.678717,1,0.853739
UK_NEG_03601,30.772269,78.242507,0,0.21402
POS_004767,30.829722,78.616667,1,0.96967
UK_NEG_01344,29.700882,80.22498,0,0.824628
UK_NEG_01838,31.168555,78.335211,0,0.005813
UK_NEG_01960,29.186789,79.539356,0,0.001489
UK_NEG_04158,29.212171,79.529171,0,0.002168
UK_NEG_04127,30.059811,80.686043,0,0.015091
UK_NEG_02120,30.423738,80.043866,0,0.001178
POS_004915,30.866667,78.654444,1,0.655404
POS_001949,29.980037,79.046357,1,0.497717
POS_001685,29.919963,78.798512,1,0.992259
UK_NEG_04745,30.032241,78.13248,0,0.000609
POS_004081,30.564722,79.560444,1,0.936703
UK_NEG_03931,28.934049,80.005193,0,0.002743
POS_000369,29.404139,80.017472,1,0.949127
UK_NEG_02353,29.184621,79.556713,0,0.000591
UK_NEG_00497,30.544244,79.398496,0,0.050117
UK_NEG_03625,29.427412,78.990257,0,0.002055
POS_004805,30.842519,78.223082,1,0.838316
UK_NEG_03612,29.520778,78.711928,0,0.000559
POS_000387,29.417607,79.402302,1,0.989269
POS_002728,30.138602,79.617579,1,0.329561
UK_NEG_04513,30.503567,80.163086,0,0.005195
UK_NEG_03886,29.798467,77.980452,0,0.002086
UK_NEG_03009,30.935596,78.306104,0,0.124303
POS_000275,29.344365,79.494614,1,0.925281
POS_000331,29.378972,79.585836,1,0.766843
POS_000061,29.227417,80.001041,1,0.930641
UK_NEG_03447,31.210956,79.16164,0,0.001908
POS_004763,30.827994,78.225852,1,0.924966
UK_NEG_04960,30.69425,79.644525,0,0.001579
POS_001201,29.791171,79.162418,1,0.877632
POS_004930,30.872411,78.06375,1,0.726621
UK_NEG_03752,30.707291,80.088683,0,0.005022
POS_004579,30.764408,78.105439,1,0.944927
UK_NEG_01652,29.613442,79.365158,0,0.564762
POS_003266,30.323899,78.955659,1,0.785965
POS_001183,29.782059,78.693066,1,0.916516
POS_003361,30.36201,78.912112,1,0.99458
POS_003798,30.500145,77.872566,1,0.946216
POS_003813,30.505944,78.650889,1,0.983645
UK_NEG_04682,29.762018,78.734394,0,0.119882
UK_NEG_04991,29.45987,80.135847,0,0.660282
UK_NEG_00190,30.639284,79.285894,0,0.004744
POS_000220,29.317407,79.491366,1,0.775044
POS_004373,30.629131,78.994628,1,0.501087
POS_004556,30.758935,78.277539,1,0.524394
POS_000688,29.520718,79.411128,1,0.950027
POS_000803,29.558407,79.400222,1,0.979846
UK_NEG_05406,30.739412,79.723945,0,0.000637
UK_NEG_04308,30.077378,78.293582,0,0.000544
UK_NEG_02052,30.096615,80.418289,0,0.008995
UK_NEG_02306,30.890118,78.993519,0,0.003087
POS_001099,29.733994,80.316378,1,0.996709
POS_002404,30.061972,79.535083,1,0.650768
UK_NEG_03051,28.887758,80.052199,0,0.00065
UK_NEG_03877,29.750509,78.836648,0,0.754385
UK_NEG_02099,29.892273,79.560178,0,0.739741
POS_003955,30.533028,78.751083,1,0.605139
UK_NEG_03513,30.414322,79.853998,0,0.005376
UK_NEG_03736,29.810688,78.030048,0,0.000291
POS_003626,30.4277,79.07,1,0.99937
UK_NEG_05233,29.263778,79.106796,0,0.015801
UK_NEG_03773,30.772545,79.357712,0,0.007552
UK_NEG_04504,28.895531,79.975757,0,0.001683
POS_003207,30.305306,78.605417,1,0.9226
UK_NEG_03348,29.635455,80.301068,0,0.606638
POS_001933,29.978565,79.02029,1,0.817841
UK_NEG_01328,30.545405,78.536718,0,0.067871
UK_NEG_00895,29.746025,79.308702,0,0.771024
UK_NEG_03243,30.962244,79.780212,0,0.002046
POS_004694,30.798472,78.145083,1,0.981304
POS_003029,30.27407,79.605416,1,0.878407
POS_001320,29.82303,78.860671,1,0.929334
POS_001744,29.935225,79.335266,1,0.964716
UK_NEG_04744,30.110647,80.147964,0,0.012591
UK_NEG_00714,29.123775,79.429898,0,0.000793
UK_NEG_00671,30.941792,78.607709,0,0.004218
POS_005001,30.903556,78.233889,1,0.648479
UK_NEG_03884,31.17439,79.28998,0,0.001334
UK_NEG_01485,30.727459,78.285927,0,0.747143
UK_NEG_00412,30.077145,80.563457,0,0.050898
UK_NEG_03950,30.929629,78.772043,0,0.007976
POS_003508,30.395981,78.881113,1,0.678729
POS_000793,29.553982,79.249893,1,0.990606
UK_NEG_02535,30.111935,80.489037,0,0.006112
UK_NEG_00388,30.91292,79.085149,0,0.003244
UK_NEG_02328,31.307375,79.15503,0,0.002255
POS_005361,30.493444,79.087694,1,0.995963
POS_003904,30.525194,79.073194,1,0.898371
POS_002618,30.107653,80.235951,1,0.988574
POS_004817,30.844722,78.443056,1,0.937087
POS_004700,30.802778,78.189528,1,0.88182
POS_001424,29.855362,79.205448,1,0.750026
POS_003794,30.499304,78.100031,1,0.960626
UK_NEG_03103,31.137572,78.994086,0,0.001071
UK_NEG_04521,30.70821,80.074822,0,0.000533
UK_NEG_01687,31.253601,79.018517,0,0.019684
POS_002530,30.093402,78.664846,1,0.84315
POS_003326,30.34566,77.962452,1,0.056538
UK_NEG_00066,31.133296,78.566547,0,0.000992
UK_NEG_04673,29.444527,80.112725,0,0.49306
POS_003057,30.279167,79.165917,1,0.993136
UK_NEG_04595,29.790832,78.940891,0,0.437241
POS_002160,30.010466,80.178885,1,0.685787
POS_003417,30.37679,78.515921,1,0.997669
UK_NEG_03718,29.739989,80.243669,0,0.532447
UK_NEG_00470,29.375116,78.959828,0,0.000613
POS_005127,30.957941,78.420209,1,0.953369
POS_005500,30.2849,79.13211,1,0.998662
POS_003172,30.297417,79.057361,1,0.98557
POS_001638,29.912203,79.034292,1,0.932251
UK_NEG_03564,30.628286,79.762653,0,0.003754
POS_000450,29.450917,79.962694,1,0.96668
UK_NEG_04540,30.597158,78.885588,0,0.196181
UK_NEG_01476,30.651367,79.892318,0,0.008737
POS_001702,29.922805,79.87605,1,0.983345
POS_000787,29.553167,79.581083,1,0.538768
UK_NEG_01086,29.918776,79.652652,0,0.082796
POS_001861,29.962639,79.981333,1,0.709153
UK_NEG_03952,31.060751,78.112069,0,0.143092
UK_NEG_02920,31.033575,79.332429,0,0.001679
UK_NEG_00843,31.276276,79.006949,0,0.001386
POS_004654,30.78425,77.857028,1,0.411036
POS_003871,30.519667,78.592722,1,0.953865
POS_001683,29.919407,79.192601,1,0.905711
UK_NEG_00633,29.888232,80.404904,0,0.545776
POS_003966,30.534639,78.807972,1,0.924629
POS_005494,30.2853,78.9717,1,0.990731
UK_NEG_02434,28.99878,79.302337,0,0.000921
UK_NEG_01391,31.252662,79.081983,0,0.023713
POS_001373,29.834723,79.017239,1,0.930664
UK_NEG_02540,30.195092,78.030496,0,0.011075
UK_NEG_02550,29.170012,79.034995,0,0.001048
UK_NEG_02322,31.186332,78.537609,0,0.001863
POS_002489,30.086137,78.65454,1,0.965819
POS_003000,30.26825,79.182917,1,0.997332
UK_NEG_00134,30.091104,77.991407,0,0.029642
UK_NEG_00323,29.361577,79.352886,0,0.8695
UK_NEG_01519,30.1887,78.450568,0,0.619857
POS_005520,30.2884,79.119438,1,0.999633
POS_005188,30.996108,78.063161,1,0.705395
UK_NEG_00892,30.920315,79.643848,0,0.000363
UK_NEG_01716,30.898138,79.278961,0,0.000507
UK_NEG_02114,29.726671,80.248162,0,0.894517
UK_NEG_02901,30.034545,78.684464,0,0.816882
POS_002870,30.217937,79.464015,1,0.843517
UK_NEG_03890,30.930002,79.699996,0,0.002172
UK_NEG_01129,30.774083,79.420225,0,0.000493
UK_NEG_03627,28.78393,80.022118,0,0.000267
POS_001711,29.92556,80.30444,1,0.792867
POS_003721,30.464237,78.901631,1,0.290905
POS_000029,29.171161,80.078641,1,0.97235
UK_NEG_00373,29.183829,79.298531,0,0.000602
UK_NEG_01578,28.963565,79.463705,0,0.001309
POS_003585,30.410087,79.306248,1,0.989104
POS_003416,30.376741,78.890933,1,0.936157
UK_NEG_03181,30.803853,79.533166,0,0.006842
POS_001635,29.911808,78.810917,1,0.995522
UK_NEG_00540,29.021517,80.037866,0,0.000708
UK_NEG_04696,30.812135,78.572315,0,0.004088
UK_NEG_00151,30.741313,77.934189,0,0.349689
UK_NEG_00466,30.082894,77.997903,0,0.106901
POS_001490,29.880692,79.982155,1,0.507471
POS_003157,30.294691,78.987041,1,0.925201
POS_003703,30.455594,77.888131,1,0.971179
POS_003680,30.449958,79.076547,1,0.999237
UK_NEG_02944,30.366785,77.882666,0,0.087069
POS_003870,30.519431,78.588875,1,0.848739
UK_NEG_03963,29.243066,79.091812,0,0.000722
UK_NEG_02617,31.116378,78.658737,0,0.002712
POS_004573,30.762917,78.10875,1,0.946975
POS_003754,30.481139,79.137111,1,0.465696
UK_NEG_02929,30.021836,80.549816,0,0.82826
POS_002545,30.094458,79.860752,1,0.724212
POS_000206,29.307972,79.795056,1,0.830013
UK_NEG_03376,29.701921,79.341122,0,0.203563
UK_NEG_00453,30.15542,77.916768,0,0.022876
POS_004577,30.764333,78.094222,1,0.983095
POS_001478,29.875063,78.585731,1,0.92996
POS_000836,29.570169,79.246095,1,0.983148
UK_NEG_03176,30.052521,79.00217,0,0.003272
UK_NEG_02222,29.9154,79.669661,0,0.757578
UK_NEG_04132,30.668074,79.897764,0,0.004702
POS_001858,29.961947,79.668388,1,0.918071
POS_003632,30.428758,78.586675,1,0.558372
UK_NEG_03416,29.359364,79.213554,0,0.002067
POS_000574,29.493782,79.899406,1,0.763483
UK_NEG_02334,30.206305,79.410078,0,0.045214
POS_001670,29.917513,80.147943,1,0.966843
POS_005167,30.970833,78.43375,1,0.962738
UK_NEG_04087,30.148954,78.093299,0,0.000332
UK_NEG_04033,30.763986,80.033517,0,0.003706
UK_NEG_03258,30.699039,78.995931,0,0.018748
UK_NEG_03088,30.378579,79.382123,0,0.616111
POS_003527,30.39911,78.884818,1,0.914359
UK_NEG_00741,30.972168,78.515202,0,0.001324
POS_003977,30.538944,78.797694,1,0.986322
POS_000638,29.511472,80.296,1,0.995441
UK_NEG_03263,30.645394,79.949053,0,0.00054
POS_001087,29.720222,79.259939,1,0.923668
UK_NEG_05001,30.302852,78.303032,0,0.776023
POS_002511,30.090333,78.632972,1,0.926341
UK_NEG_03511,29.310078,79.399153,0,0.707969
POS_001665,29.91675,79.810639,1,0.945592
UK_NEG_04839,29.354051,80.060926,0,0.252647
POS_003315,30.342649,78.132835,1,0.954324
POS_003163,30.295571,79.322059,1,0.958935
UK_NEG_00458,29.609893,79.84798,0,0.304331
UK_NEG_02609,30.474361,78.690256,0,0.377838
UK_NEG_00680,30.354568,79.419744,0,0.004217
UK_NEG_02808,30.053766,79.445497,0,0.044779
UK_NEG_03380,31.114709,78.592191,0,0.003785
UK_NEG_02966,29.092957,79.839936,0,0.004629
POS_003166,30.295964,78.719206,1,0.994312
POS_005249,30.418108,78.08585,1,0.998273
POS_002962,30.253556,78.735222,1,0.576394
POS_001475,29.874524,79.876226,1,0.902172
POS_002413,30.064556,79.526778,1,0.974158
UK_NEG_01635,30.719957,78.762671,0,0.003339
UK_NEG_02581,30.170538,78.241586,0,0.459554
POS_003178,30.2985,79.109833,1,0.927008
UK_NEG_00974,30.645634,77.903601,0,0.710656
POS_003674,30.448139,79.075361,1,0.999183
UK_NEG_04750,29.999846,80.246141,0,0.354598
POS_005266,30.894042,78.301908,1,0.836432
POS_004424,30.65,78.300833,1,0.907772
POS_003933,30.529809,77.860332,1,0.949368
POS_000355,29.397222,79.954306,1,0.755826
POS_001264,29.807583,79.716944,1,0.969696
UK_NEG_01377,30.748629,79.690342,0,0.001498
POS_000567,29.490328,79.979559,1,0.985774
POS_004975,30.893611,78.674444,1,0.992938
UK_NEG_02994,29.758579,78.91946,0,0.119594
POS_001272,29.809216,78.613298,1,0.928978
POS_005308,30.063994,78.487419,1,0.991443
UK_NEG_03779,29.120795,79.90442,0,0.077687
UK_NEG_02869,29.547574,78.655113,0,0.000619
UK_NEG_03157,29.544863,79.916098,0,0.983105
POS_001985,29.986186,78.530342,1,0.8331
POS_005400,29.843639,80.16125,1,0.772146
UK_NEG_05248,29.177219,79.687155,0,0.066443
UK_NEG_00305,30.10903,78.106204,0,0.001598
UK_NEG_01352,31.162075,79.301271,0,0.001879
UK_NEG_00459,30.081843,80.420098,0,0.003207
POS_003803,30.501271,78.150376,1,0.997796
POS_001691,29.920775,79.790417,1,0.922488
POS_002194,30.016,79.309722,1,0.801961
POS_000967,29.6499,79.0468,1,0.969975
POS_002029,29.991112,78.640542,1,0.985187
POS_002998,30.267306,79.180222,1,0.997097
UK_NEG_01712,30.779266,79.935785,0,0.000395
UK_NEG_04161,30.992948,79.17987,0,0.001002
UK_NEG_04081,30.783701,79.759384,0,0.002265
POS_004312,30.611778,77.785927,1,0.989835
POS_001217,29.794701,79.186138,1,0.876561
POS_005154,30.969057,78.442153,1,0.963275
UK_NEG_03619,31.076724,79.300878,0,0.015959
POS_002202,30.017643,78.667229,1,0.720962
POS_004488,30.7175,78.3508,1,0.983937
POS_001440,29.863296,78.599093,1,0.895927
POS_004439,30.656852,79.028875,1,0.918433
UK_NEG_00753,30.552457,79.808333,0,0.002244
UK_NEG_04390,30.748339,79.93661,0,0.000248
POS_003174,30.297444,79.059139,1,0.99764
UK_NEG_03975,30.856522,79.681589,0,0.003856
POS_001110,29.745987,80.303395,1,0.957707
POS_001242,29.800199,78.756922,1,0.866807
UK_NEG_00962,31.035095,78.735544,0,0.007475
UK_NEG_01177,31.270352,79.158469,0,0.004601
POS_000312,29.370556,79.638611,1,0.459088
POS_005183,30.991645,78.065594,1,0.432968
POS_004114,30.571242,77.990621,1,0.993048
UK_NEG_05257,30.170941,79.407839,0,0.671992
UK_NEG_04131,29.966922,80.379907,0,0.082384
UK_NEG_03524,30.901611,79.177888,0,0.001218
POS_002978,30.262583,79.214861,1,0.999202
UK_NEG_00153,29.855816,78.425329,0,0.715879
POS_003237,30.313081,78.597216,1,0.994162
POS_000798,29.556113,79.405966,1,0.979843
UK_NEG_00348,29.667182,79.601805,0,0.27978
POS_000925,29.629843,79.03881,1,0.960777
UK_NEG_02260,29.977837,78.127776,0,0.08866
UK_NEG_01875,30.13828,80.020198,0,0.011583
UK_NEG_01713,30.087807,78.396992,0,0.962483
UK_NEG_04073,30.737138,78.711397,0,0.031793
POS_001089,29.72278,78.864961,1,0.966879
POS_002438,30.071298,78.777149,1,0.738556
UK_NEG_00512,29.85308,78.936989,0,0.545284
POS_001764,29.941886,79.332523,1,0.948934
UK_NEG_01449,29.687781,79.351215,0,0.628702
POS_001945,29.98,80.58,1,0.994808
POS_004200,30.590694,78.82325,1,0.922419
UK_NEG_02209,30.599358,79.395247,0,0.001272
POS_001923,29.976403,80.087578,1,0.993248
POS_001341,29.826892,78.871768,1,0.85182
UK_NEG_03115,30.204779,80.781977,0,0.007367
POS_002486,30.085667,79.470194,1,0.99819
UK_NEG_00111,30.111181,80.785528,0,0.000712
POS_001243,29.800482,78.547727,1,0.961318
POS_002925,30.241464,78.70481,1,0.71205
POS_001791,29.948645,80.110252,1,0.997606
POS_000576,29.494193,79.512639,1,0.951463
UK_NEG_05426,30.167788,79.935423,0,0.066631
UK_NEG_00169,30.317333,79.829303,0,0.01159
UK_NEG_00505,30.31388,78.821928,0,0.750715
UK_NEG_02803,30.143542,80.855233,0,0.00328
POS_002213,30.02,80.3,1,0.995522
POS_000185,29.297028,79.954139,1,0.446299
POS_000356,29.400005,79.635763,1,0.676155
POS_005237,30.071667,79.502667,1,0.976252
POS_004584,30.765556,78.399167,1,0.963996
POS_002551,30.094972,79.658889,1,0.825825
UK_NEG_00414,31.072775,78.513012,0,0.001546
POS_001601,29.907019,80.142056,1,0.912565
UK_NEG_02837,30.496477,78.799816,0,0.017529
UK_NEG_03384,30.615983,79.789055,0,0.010722
UK_NEG_01541,29.875344,78.957304,0,0.839381
UK_NEG_04639,30.685862,80.150069,0,0.000982
POS_001301,29.817,78.897,1,0.953228
POS_003246,30.317556,79.033111,1,0.990931
POS_000478,29.456264,79.791906,1,0.626568
UK_NEG_05033,29.611854,78.039235,0,0.001605
POS_000812,29.563205,79.228522,1,0.967899
POS_001418,29.851523,78.849715,1,0.789136
UK_NEG_04031,29.8501,80.078518,0,0.688377
UK_NEG_02346,30.301739,79.990311,0,0.006581
UK_NEG_02047,30.862795,79.654536,0,0.001151
UK_NEG_01674,31.136922,78.032271,0,0.062037
UK_NEG_00205,31.06497,78.131615,0,0.290525
POS_002886,30.223972,79.272361,1,0.999663
UK_NEG_03622,30.352194,77.744204,0,0.001806
POS_002282,30.035419,80.048113,1,0.674012
POS_002069,29.99651,78.722178,1,0.989744
UK_NEG_01657,30.874869,79.203118,0,0.003676
POS_004599,30.768697,78.108076,1,0.934575
POS_005253,29.457862,80.191313,1,0.77965
UK_NEG_02059,30.715851,79.813077,0,0.018485
POS_000413,29.435561,79.495321,1,0.990296
POS_000046,29.190611,80.11058,1,0.963407
UK_NEG_03354,31.087163,78.968494,0,0.021064
UK_NEG_02303,30.992828,79.484628,0,0.000575
POS_002222,30.020901,78.807375,1,0.998031
UK_NEG_03105,31.016504,79.366511,0,0.006954
POS_003662,30.444176,78.915783,1,0.211707
POS_004595,30.767467,78.272948,1,0.455979
UK_NEG_02249,29.269315,79.510046,0,0.187282
UK_NEG_01981,30.344995,80.612959,0,0.000985
POS_000313,29.370643,79.42424,1,0.987089
POS_004161,30.58275,78.821,1,0.975783
POS_004601,30.769471,78.465337,1,0.971551
UK_NEG_02263,30.80416,78.904613,0,0.007788
UK_NEG_01207,30.203882,78.144024,0,0.007002
UK_NEG_00653,29.750139,78.973913,0,0.804627
POS_001641,29.913639,80.119111,1,0.976399
UK_NEG_05250,30.722382,79.338208,0,0.003593
UK_NEG_01659,30.101378,80.216156,0,0.027412
POS_005056,30.923539,78.224257,1,0.705632
UK_NEG_00038,28.842753,80.018702,0,0.000935
UK_NEG_02714,30.193315,80.233345,0,0.003734
POS_004832,30.846946,78.091083,1,0.985632
UK_NEG_00801,30.67797,79.218168,0,0.021929
POS_005480,30.5745,79.0549,1,0.998507
UK_NEG_00880,30.847741,79.498518,0,0.002985
UK_NEG_04856,29.315811,78.908123,0,0.001374
UK_NEG_04189,29.30665,80.287407,0,0.76724
POS_002720,30.135333,79.62025,1,0.884151
POS_001821,29.956183,79.342251,1,0.824574
UK_NEG_04483,30.835144,79.973105,0,0.004175
UK_NEG_01904,31.162036,78.055295,0,0.010637
UK_NEG_02435,30.274185,80.08828,0,0.016758
UK_NEG_01049,29.750857,80.381488,0,0.964598
POS_002578,30.099475,79.687764,1,0.38683
UK_NEG_01186,30.212536,79.697965,0,0.005166
UK_NEG_02990,29.718874,80.040534,0,0.434271
POS_002565,30.098125,79.667123,1,0.960098
UK_NEG_00271,29.84603,79.849357,0,0.086565
POS_001005,29.673,78.909,1,0.407939
UK_NEG_04018,31.091239,79.230099,0,0.000883
UK_NEG_01289,30.625809,79.641936,0,0.003664
POS_000107,29.262581,80.101237,1,0.833208
POS_005510,30.4777,78.4671,1,0.763107
UK_NEG_01510,28.967968,80.073616,0,0.003921
POS_003006,30.269833,79.092417,1,0.365876
POS_002769,30.166845,78.731067,1,0.316114
POS_004281,30.602416,77.901257,1,0.859954
UK_NEG_00797,30.799677,79.467199,0,0.002333
UK_NEG_04600,29.356692,79.950032,0,0.098614
POS_001593,29.906565,79.034338,1,0.989596
POS_001760,29.941097,79.097696,1,0.977907
POS_002659,30.119619,78.771437,1,0.670135
POS_005450,29.380077,79.491868,1,0.997601
UK_NEG_04510,29.80684,80.289334,0,0.180823
UK_NEG_01618,29.702788,79.056598,0,0.701813
UK_NEG_01993,30.184185,80.222795,0,0.025576
POS_005170,30.972183,78.432302,1,0.970139
POS_000766,29.547152,80.284095,1,0.757916
POS_000219,29.317,79.344,1,0.42554
POS_003776,30.489193,79.48159,1,0.997436
UK_NEG_01869,30.734401,78.998108,0,0.002668
POS_004234,30.59505,78.83175,1,0.960525
POS_000404,29.431918,79.857583,1,0.858892
POS_002443,30.071867,78.984055,1,0.942904
UK_NEG_02378,30.828439,79.263716,0,0.005498
POS_001625,29.909702,78.635017,1,0.998965
POS_005131,30.959302,78.425531,1,0.988099
UK_NEG_04880,30.815999,79.542863,0,0.001126
UK_NEG_01478,30.704914,79.468798,0,0.001424
UK_NEG_00319,30.419412,77.641174,0,0.005236
UK_NEG_05419,30.492873,78.285531,0,0.088697
UK_NEG_01818,30.476463,79.94222,0,0.003599
POS_005434,29.326083,79.364646,1,0.931114
POS_001808,29.952301,79.371902,1,0.937458
POS_004503,30.730742,79.071194,1,0.039398
UK_NEG_05231,30.827582,79.450342,0,0.00083
POS_002312,30.040444,80.054622,1,0.910253
POS_005396,29.864583,80.1635,1,0.086126
UK_NEG_02098,29.110457,79.621815,0,0.000747
UK_NEG_04440,30.375898,80.104994,0,0.002158
POS_002608,30.105912,80.243454,1,0.906548
POS_003804,30.501722,79.095806,1,0.997764
UK_NEG_01965,30.699964,79.088054,0,0.008968
UK_NEG_01616,30.355656,79.955933,0,0.003959
POS_005316,30.165052,78.617504,1,0.99723
UK_NEG_05241,30.315474,80.283208,0,0.006796
UK_NEG_04463,30.613871,78.262457,0,0.567744
UK_NEG_00137,30.94047,78.827101,0,0.025941
POS_003621,30.42508,78.515638,1,0.898389
POS_003868,30.518942,78.589333,1,0.8758
UK_NEG_04818,29.730303,78.752293,0,0.015938
UK_NEG_05015,30.277865,80.050637,0,0.00056
UK_NEG_02362,31.196516,78.405453,0,0.006686
POS_002246,30.027087,80.161438,1,0.896996
UK_NEG_02348,30.237729,79.092725,0,0.706469
POS_002446,30.072811,79.545783,1,0.815017
POS_004366,30.627418,77.794557,1,0.998277
POS_001421,29.853841,79.427874,1,0.180578
POS_001835,29.95833,80.30472,1,0.985726
POS_003907,30.525722,78.773806,1,0.844063
POS_005372,30.274278,79.420583,1,0.869714
POS_000260,29.338256,79.484345,1,0.839469
POS_004296,30.6061,78.3144,1,0.980126
UK_NEG_05292,31.087884,78.836563,0,0.001729
UK_NEG_00539,30.038645,79.841018,0,0.848355
UK_NEG_05232,30.928062,78.837598,0,0.000341
UK_NEG_03179,29.726547,77.972102,0,0.001867
UK_NEG_05378,30.964439,78.306824,0,0.329788
POS_002336,30.046987,79.573925,1,0.924114
UK_NEG_00648,30.124312,80.725839,0,0.000554
UK_NEG_04741,30.493393,80.144176,0,0.000913
UK_NEG_05514,29.315813,78.810751,0,0.000821
POS_005274,30.843545,78.627507,1,0.408634
POS_004269,30.600222,78.616833,1,0.410162
UK_NEG_02956,30.596355,79.77591,0,0.010696
POS_002338,30.04806,80.30417,1,0.315
POS_001271,29.809177,78.541261,1,0.95025
UK_NEG_02614,29.635737,78.841432,0,0.051511
UK_NEG_01701,29.677284,79.167689,0,0.888471
UK_NEG_04069,31.186672,79.063675,0,0.00494
POS_002028,29.990944,79.924278,1,0.964207
POS_001639,29.912545,79.811848,1,0.930687
UK_NEG_02138,30.062369,79.994214,0,0.199048
POS_002667,30.121277,78.591402,1,0.958778
UK_NEG_01442,30.055331,79.734484,0,0.443861
POS_001041,29.689306,80.00075,1,0.995833
POS_001488,29.880281,78.75037,1,0.982595
UK_NEG_00889,30.693854,79.25675,0,0.001938
POS_001555,29.898832,80.03288,1,0.524292
POS_002042,29.992852,79.920803,1,0.932422
UK_NEG_04893,30.031492,78.062019,0,0.016408
POS_001094,29.727222,80.276917,1,0.964123
POS_002341,30.05,80.28,1,0.716091
POS_001114,29.751044,79.041216,1,0.385261
POS_001679,29.918732,78.59211,1,0.853927
POS_003122,30.289278,79.099778,1,0.412418
POS_005283,30.258318,79.217921,1,0.995677
UK_NEG_00495,29.963408,80.535452,0,0.016179
UK_NEG_01134,28.775851,79.965681,0,0.001339
UK_NEG_03277,30.464135,79.330117,0,0.08858
POS_005374,30.256806,79.446333,1,0.965007
UK_NEG_04783,30.972355,78.6075,0,0.003935
UK_NEG_01889,31.309838,79.075254,0,0.000565
UK_NEG_00742,30.090187,77.811101,0,0.00237
UK_NEG_00278,29.663248,79.924334,0,0.275391
POS_005043,30.913611,78.220972,1,0.863802
UK_NEG_00722,30.336166,80.212029,0,0.006549
UK_NEG_00085,29.266286,79.518794,0,0.493896
UK_NEG_04935,29.14173,79.490483,0,0.000918
POS_000956,29.643798,80.324652,1,0.566996
UK_NEG_00251,29.265694,79.747678,0,0.751622
POS_003016,30.272444,79.215472,1,0.971089
POS_005085,30.933672,78.402695,1,0.88426
POS_003931,30.529306,78.600444,1,0.99875
UK_NEG_03700,30.206295,78.007082,0,0.101907
POS_005271,30.754834,78.561414,1,0.999182
UK_NEG_02118,29.717067,77.844271,0,0.000815
POS_002435,30.070978,79.508972,1,0.944257
UK_NEG_05420,30.575088,79.609781,0,0.009358
POS_001738,29.934366,78.590789,1,0.89541
POS_002258,30.029199,79.556635,1,0.976357
UK_NEG_01501,31.165839,78.255859,0,0.005108
UK_NEG_04419,29.302928,79.025831,0,0.000927
UK_NEG_03395,31.174497,79.117513,0,0.005942
UK_NEG_01923,30.424307,79.662215,0,0.003116
UK_NEG_00606,30.778659,80.167843,0,0.00166
UK_NEG_02040,30.873441,78.492018,0,0.22873
POS_004207,30.591861,78.617056,1,0.672034
UK_NEG_00413,29.763395,78.44787,0,0.001271
UK_NEG_04327,31.157508,78.435225,0,0.005321
POS_003525,30.39898,78.881946,1,0.652132
POS_002741,30.143762,78.595441,1,0.991975
UK_NEG_05246,29.9216,77.956518,0,0.001318
POS_001792,29.948653,78.519179,1,0.446222
UK_NEG_05452,29.938768,80.195061,0,0.150277
UK_NEG_05181,30.162669,80.444331,0,0.002889
POS_002797,30.18193,78.583664,1,0.956468
POS_002143,30.007005,78.512231,1,0.932778
UK_NEG_04726,30.654214,78.444726,0,0.714706
POS_002472,30.081173,79.612894,1,0.143095
POS_003133,30.291187,78.760665,1,0.967114
POS_005419,31.041111,77.82635,1,0.966512
POS_003324,30.344694,79.056556,1,0.981286
UK_NEG_04464,30.100883,80.398774,0,0.017836
POS_000553,29.486943,79.995147,1,0.983288
POS_004341,30.623028,77.897531,1,0.962177
POS_002958,30.251451,79.214928,1,0.976222
POS_003497,30.393437,78.135086,1,0.913359
UK_NEG_00833,29.684489,80.206847,0,0.30906
UK_NEG_02859,30.02514,78.165377,0,0.001082
UK_NEG_01632,29.881275,80.05756,0,0.409138
UK_NEG_01962,30.580181,78.980322,0,0.002883
POS_004385,30.631779,77.875043,1,0.995864
UK_NEG_03986,29.94889,78.262776,0,0.008114
POS_004428,30.651667,78.3025,1,0.849891
POS_002726,30.137588,79.715557,1,0.989381
POS_003095,30.284784,78.513632,1,0.810019
UK_NEG_01599,30.279124,77.946574,0,0.005888
POS_003720,30.463755,77.949444,1,0.98562
UK_NEG_04489,30.282346,79.940389,0,0.005311
UK_NEG_05060,30.360002,80.073226,0,0.000762
POS_004657,30.78574,78.307574,1,0.697754
UK_NEG_02241,30.8177,79.404257,0,0.000873
POS_004653,30.784167,78.36375,1,0.982379
POS_003489,30.391485,78.560475,1,0.84349
POS_001539,29.896417,79.061722,1,0.591323
UK_NEG_05036,28.956126,79.525249,0,0.001526
UK_NEG_00829,29.976398,78.555312,0,0.748825
UK_NEG_04391,30.852049,79.870363,0,0.002561
POS_000205,29.305389,80.167389,1,0.662097
UK_NEG_04644,30.892568,79.341036,0,0.0016
UK_NEG_00909,29.995588,80.338766,0,0.843395
UK_NEG_01169,30.753455,79.550627,0,0.001252
POS_002501,30.0879,78.656967,1,0.294949
POS_002437,30.071222,79.6035,1,0.994513
POS_001558,29.89925,80.028028,1,0.712327
UK_NEG_02780,30.732857,79.860735,0,0.005248
UK_NEG_03310,29.602462,80.165108,0,0.250936
UK_NEG_03692,30.760645,79.696439,0,0.000656
POS_005455,29.713207,80.360451,1,0.830477
POS_001652,29.914853,79.967175,1,0.843035
UK_NEG_00032,31.053154,78.084492,0,0.582086
UK_NEG_00848,30.501847,79.007869,0,0.010743
POS_001890,29.968979,78.491882,1,0.9743
UK_NEG_00375,30.781976,78.021123,0,0.677998
UK_NEG_03480,28.867936,79.962308,0,0.000426
UK_NEG_04247,30.877122,77.969602,0,0.136801
POS_001175,29.779072,79.03504,1,0.908913
POS_002907,30.232522,78.501281,1,0.98202
UK_NEG_00670,29.517126,78.922128,0,0.002195
POS_003829,30.51,79.49,1,0.914495
UK_NEG_03186,29.631306,79.48638,0,0.128002
POS_003724,30.466151,77.92033,1,0.982574
POS_002399,30.061404,79.521704,1,0.960241
UK_NEG_04606,29.856297,80.357967,0,0.913457
UK_NEG_04962,29.546975,78.920038,0,0.001165
UK_NEG_02203,28.775073,79.948645,0,0.001937
UK_NEG_03472,29.57684,79.757404,0,0.56998
UK_NEG_03583,30.00937,77.986767,0,0.002614
UK_NEG_01020,31.096939,79.133476,0,0.00089
UK_NEG_04401,30.900353,79.241532,0,0.002043
POS_004211,30.592583,78.646889,1,0.951297
POS_000442,29.445458,79.970473,1,0.859258
UK_NEG_02384,31.248117,79.074407,0,0.001177
POS_003590,30.411667,79.294722,1,0.585584
UK_NEG_02455,30.198396,79.588367,0,0.008778
UK_NEG_05334,29.079693,79.377266,0,0.000396
POS_002832,30.197338,79.304865,1,0.403713
POS_002262,30.030104,79.264309,1,0.657524
POS_004814,30.844444,78.445,1,0.848064
POS_001528,29.893183,79.060203,1,0.873351
POS_003770,30.487722,79.678056,1,0.971527
POS_003015,30.272194,79.218889,1,0.957473
POS_000418,29.436556,79.568019,1,0.584978
UK_NEG_00474,30.144896,79.544687,0,0.086623
POS_003540,30.401127,78.510738,1,0.99826
POS_002158,30.01,80.72,1,0.775509
UK_NEG_02685,30.582158,80.071104,0,0.000471
UK_NEG_00750,30.052663,79.660182,0,0.208186
UK_NEG_03878,30.25937,79.937599,0,0.002303
UK_NEG_04549,31.112438,78.716854,0,0.003969
POS_002165,30.011961,78.510242,1,0.994942
UK_NEG_00668,30.258129,77.905639,0,0.358825
UK_NEG_03428,31.028,79.12163,0,0.000757
POS_000615,29.505809,80.02406,1,0.997773
POS_002334,30.045667,78.611861,1,0.983913
UK_NEG_05245,29.382663,79.221779,0,0.072655
POS_004277,30.601861,78.641389,1,0.999306
POS_002164,30.011826,80.082283,1,0.990609
POS_001230,29.79644,78.430524,1,0.936234
UK_NEG_03759,29.658459,79.447914,0,0.134239
POS_005174,30.974167,78.4475,1,0.337826
POS_002323,30.0441,78.8138,1,0.347562
UK_NEG_04775,29.29431,78.815392,0,0.000897
POS_003530,30.399629,78.195199,1,0.975326
POS_003370,30.365852,78.591544,1,0.773116
UK_NEG_04932,30.878644,79.959133,0,0.000425
POS_005467,30.628972,78.998417,1,0.779294
UK_NEG_01107,31.27874,79.147508,0,0.001959
POS_001642,29.913806,80.118694,1,0.857977
POS_001397,29.843194,79.797222,1,0.481438
POS_000009,29.147738,79.954939,1,0.490382
POS_003300,30.335368,78.165128,1,0.967382
POS_001777,29.944139,78.752408,1,0.98981
POS_001842,29.959609,78.524587,1,0.954936
POS_003538,30.400834,78.584741,1,0.836228
POS_004895,30.860719,78.287372,1,0.998862
UK_NEG_01715,30.620238,79.884752,0,0.002803
UK_NEG_03904,30.695506,79.328855,0,0.003717
UK_NEG_05160,31.033481,79.37556,0,0.001664
UK_NEG_05094,30.694246,78.947865,0,0.018768
UK_NEG_03787,30.745214,77.878508,0,0.010591
POS_000109,29.263087,79.555678,1,0.051464
POS_002400,30.061521,78.78082,1,0.99637
POS_005053,30.92004,77.837335,1,0.635362
POS_004953,30.888611,78.397306,1,0.044111
POS_001579,29.903222,80.025694,1,0.879543
POS_003846,30.51425,78.645833,1,0.998579
POS_002095,29.999339,79.564301,1,0.998063
POS_000150,29.279241,80.123204,1,0.528629
POS_003589,30.411583,79.060194,1,0.998385
POS_000965,29.648915,78.974567,1,0.959829
UK_NEG_01932,30.34774,79.732676,0,0.001152
POS_000785,29.551926,79.410945,1,0.992955
UK_NEG_03757,30.066451,77.969417,0,0.001299
UK_NEG_05218,29.64862,78.536878,0,0.001212
POS_004219,30.593831,78.689708,1,0.820738
POS_005211,30.073987,79.500402,1,0.717025
POS_002753,30.151742,79.495386,1,0.04051
POS_001238,29.799533,78.753783,1,0.949378
UK_NEG_00486,29.082226,79.250486,0,0.000719
UK_NEG_04124,29.708077,78.763337,0,0.034926
POS_003123,30.289389,79.201917,1,0.589766
POS_003533,30.400278,79.397222,1,0.985957
UK_NEG_05166,30.360868,78.407859,0,0.397235
POS_005106,30.946552,78.40829,1,0.809804
POS_002448,30.073121,78.651731,1,0.636359
UK_NEG_02914,31.158615,79.287612,0,0.00082
POS_005325,30.1252,78.5968,1,0.978109
UK_NEG_04756,30.808983,79.211697,0,0.002642
POS_004925,30.870139,78.233972,1,0.906449
POS_002136,30.004944,78.72221,1,0.93546
POS_002697,30.125818,79.383163,1,0.961027
UK_NEG_03478,29.013648,79.666044,0,0.001599
POS_001323,29.823611,79.8765,1,0.842402
UK_NEG_04749,30.347236,78.278184,0,0.861493
UK_NEG_00876,29.266278,79.086125,0,0.000729
UK_NEG_00106,30.378613,79.557932,0,0.052482
POS_004044,30.554494,78.807772,1,0.643593
UK_NEG_00292,30.674808,79.334076,0,0.002617
UK_NEG_03225,30.749998,79.799095,0,0.001772
UK_NEG_04851,29.13453,79.364239,0,0.000877
POS_002561,30.09775,79.921556,1,0.866341
UK_NEG_02304,31.10416,79.052098,0,0.003345
UK_NEG_02904,30.626531,80.217056,0,0.010541
POS_000923,29.628932,79.058413,1,0.994674
UK_NEG_02648,28.890463,79.669263,0,0.000859
POS_004358,30.62625,78.996944,1,0.943256
UK_NEG_02560,29.777829,77.806925,0,0.000981
UK_NEG_02502,30.0395,80.733637,0,0.008863
POS_000441,29.44525,80.083111,1,0.997368
UK_NEG_04765,30.577529,79.90946,0,0.00108
POS_000031,29.173097,79.823553,1,0.845913
POS_002896,30.226444,78.237139,1,0.91313
UK_NEG_05403,29.053359,79.930047,0,0.00036
POS_000918,29.625215,79.040688,1,0.935537
POS_000338,29.380595,79.597381,1,0.291099
UK_NEG_00777,30.678161,78.731586,0,0.055562
UK_NEG_01023,29.977028,78.960192,0,0.075179
UK_NEG_02277,30.274223,80.433156,0,0.000432
POS_004349,30.624722,78.994706,1,0.763468
POS_003486,30.391177,78.735952,1,0.99169
POS_000795,29.55471,79.306447,1,0.995268
UK_NEG_04503,30.67197,79.120419,0,0.037257
POS_004604,30.770414,78.366569,1,0.908627
UK_NEG_00917,29.343564,78.870032,0,0.001253
POS_004116,30.571861,78.818111,1,0.920417
UK_NEG_04624,29.396628,79.248528,0,0.014817
UK_NEG_03934,30.442528,80.289297,0,0.00092
UK_NEG_00265,30.59152,78.271045,0,0.472826
UK_NEG_04894,31.201531,78.446502,0,0.001454
POS_001234,29.798917,79.886972,1,0.812431
UK_NEG_02499,30.339791,80.057861,0,0.00222
UK_NEG_04341,29.137737,79.29465,0,0.0037
UK_NEG_04055,30.669354,78.468488,0,0.268915
UK_NEG_00666,29.643814,79.799256,0,0.095198
POS_001372,29.83434,78.598053,1,0.904016
UK_NEG_00396,29.901079,79.145001,0,0.930062
POS_003799,30.500278,78.440833,1,0.83012
UK_NEG_00410,30.400965,79.875773,0,0.002364
UK_NEG_04779,30.154222,80.690653,0,0.000323
UK_NEG_05069,30.057935,80.007836,0,0.086539
POS_004135,30.57625,77.932694,1,0.966871
UK_NEG_01280,30.576467,79.31778,0,0.001811
POS_002613,30.106958,79.434624,1,0.821254
UK_NEG_05186,29.79999,79.300815,0,0.35967
POS_001494,29.88169,78.581074,1,0.933846
POS_003700,30.455028,78.039639,1,0.973568
POS_005474,30.5942,79.0202,1,0.999321
POS_001881,29.967332,78.107284,1,0.233782
POS_005407,30.005611,80.718028,1,0.989197
UK_NEG_04163,29.573799,79.705159,0,0.615137
UK_NEG_02720,29.554796,80.165271,0,0.608279
UK_NEG_05187,29.685332,78.752769,0,0.00294
POS_003382,30.368363,78.901091,1,0.980696
POS_003209,30.305972,79.003528,1,0.972487
POS_004698,30.801025,78.446973,1,0.993401
UK_NEG_04876,29.940392,77.991883,0,0.001172
UK_NEG_03982,30.026591,80.611614,0,0.011432
POS_003418,30.376799,79.503848,1,0.700975
UK_NEG_04417,30.081479,78.825952,0,0.393679
UK_NEG_04149,29.791467,78.983513,0,0.210022
UK_NEG_05357,29.116417,80.095956,0,0.000624
POS_003045,30.276946,79.575409,1,0.873385
UK_NEG_01074,30.868669,78.902715,0,0.0013
POS_001812,29.953439,79.29897,1,0.942419
POS_004189,30.588689,78.645417,1,0.93396
UK_NEG_04157,29.822084,78.390938,0,0.01937
UK_NEG_01181,29.368183,79.312396,0,0.006254
UK_NEG_00024,29.862819,78.642957,0,0.454779
UK_NEG_01678,30.327494,80.451736,0,0.000804
POS_002521,30.092723,79.867598,1,0.675516
POS_002067,29.99597,78.545739,1,0.993599
UK_NEG_01093,30.621629,79.946054,0,0.003904
UK_NEG_02028,29.165161,79.178604,0,0.00023
UK_NEG_01754,31.126692,78.633429,0,0.001058
POS_003251,30.318139,79.186428,1,0.753754
POS_000370,29.404647,79.445464,1,0.315534
POS_000499,29.461215,79.312385,1,0.996626
POS_003063,30.280722,79.216472,1,0.840209
UK_NEG_00192,31.030581,78.72007,0,0.086718
POS_001329,29.825053,78.949714,1,0.9892
POS_003788,30.495,79.640662,1,0.976474
POS_004831,30.846891,78.251557,1,0.998726
POS_000396,29.426547,79.511671,1,0.929306
POS_003474,30.388283,78.05945,1,0.98985
POS_005025,30.906706,78.229493,1,0.891971
POS_004703,30.806064,78.222892,1,0.999647
POS_000908,29.617667,79.16125,1,0.99358
POS_004560,30.759583,78.194667,1,0.945304
POS_005135,30.960382,78.426348,1,0.875674
UK_NEG_02101,30.077826,80.752455,0,0.005321
POS_000118,29.266611,80.135778,1,0.996321
UK_NEG_05385,29.710404,77.904066,0,0.000706
POS_002555,30.096045,78.615961,1,0.998848
POS_001941,29.98,80.63,1,0.207289
POS_003972,30.537829,77.882622,1,0.981237
POS_000870,29.591721,79.972911,1,0.966685
POS_001253,29.8038,79.213779,1,0.933111
UK_NEG_01912,29.642142,80.301135,0,0.452774
POS_003117,30.288222,79.197472,1,0.956872
POS_002889,30.224364,78.522899,1,0.912196
POS_005027,30.907227,78.336437,1,0.917969
UK_NEG_02833,30.292408,80.882015,0,0.002299
POS_000143,29.274646,79.567592,1,0.74529
POS_001952,29.980597,79.963333,1,0.549664
UK_NEG_03723,30.718997,79.223393,0,0.11596
POS_000938,29.63425,80.003194,1,0.950969
UK_NEG_05214,30.399789,78.380963,0,0.266692
UK_NEG_03336,30.965448,79.818397,0,0.00223
POS_001506,29.886144,78.996052,1,0.105094
POS_002097,29.99963,78.810835,1,0.828985
UK_NEG_00309,29.359017,79.565585,0,0.610909
UK_NEG_03471,30.692196,78.587052,0,0.072521
UK_NEG_00503,29.954676,78.033334,0,0.000733
UK_NEG_03629,30.485943,78.982567,0,0.152891
POS_004156,30.582111,78.821056,1,0.371221
POS_002587,30.101302,79.03806,1,0.850362
POS_000709,29.526191,79.856874,1,0.998441
POS_003753,30.480913,78.044821,1,0.988207
POS_004327,30.616222,78.8445,1,0.03643
POS_000324,29.377079,79.492585,1,0.928188
UK_NEG_01964,29.974931,77.962403,0,0.001828
UK_NEG_03896,30.987662,78.229393,0,0.047874
UK_NEG_04060,30.327845,79.391679,0,0.104212
POS_000994,29.6667,79.7747,1,0.604861
POS_001498,29.882401,78.746014,1,0.99432
UK_NEG_00861,29.893996,79.154859,0,0.799192
POS_003506,30.395297,79.203102,1,0.348007
POS_002841,30.20075,79.464028,1,0.950181
POS_001959,29.982528,79.966222,1,0.958938
UK_NEG_02023,30.692598,79.938128,0,0.002007
UK_NEG_04307,30.198201,79.429992,0,0.017527
UK_NEG_00989,29.653648,79.818143,0,0.231102
UK_NEG_00339,30.411902,80.149194,0,0.000952
UK_NEG_03255,30.698104,78.247696,0,0.029995
UK_NEG_00291,30.408466,77.581293,0,0.00261
POS_001394,29.841318,78.984692,1,0.984666
POS_001591,29.905712,78.753924,1,0.649853
UK_NEG_00354,31.159539,78.735688,0,0.000484
UK_NEG_02056,29.404235,79.140238,0,0.001694
POS_002396,30.061161,80.227358,1,0.321592
POS_003639,30.432485,77.886474,1,0.864211
POS_001965,29.983903,78.39876,1,0.941357
POS_003080,30.283528,79.144222,1,0.996692
UK_NEG_04457,30.333497,77.984855,0,0.012393
UK_NEG_04244,31.075737,78.411263,0,0.048722
UK_NEG_05332,30.92221,79.736001,0,0.001619
POS_002984,30.263806,79.094,1,0.917715
POS_001070,29.709889,79.249417,1,0.963851
UK_NEG_01537,30.381252,79.897262,0,0.008486
POS_001613,29.908345,79.016021,1,0.909514
UK_NEG_02662,29.215421,79.42725,0,0.000797
POS_004862,30.853093,78.198299,1,0.937189
POS_000184,29.296778,79.9485,1,0.840549
UK_NEG_02754,28.985724,79.696144,0,0.001004
POS_004744,30.820582,78.109734,1,0.8865
POS_000674,29.517725,79.65905,1,0.590986
UK_NEG_01447,30.256404,79.945522,0,0.00695
POS_003778,30.489667,79.65075,1,0.998778
UK_NEG_04448,28.765716,79.975652,0,0.000949
POS_004369,30.628306,78.998417,1,0.945343
POS_004131,30.575167,77.963861,1,0.893007
POS_004815,30.844556,78.091944,1,0.931216
POS_002359,30.053843,79.891986,1,0.792047
UK_NEG_04014,29.486482,79.27562,0,0.954011
POS_002083,29.997843,78.79788,1,0.992207
UK_NEG_04748,29.94313,80.069872,0,0.973827
UK_NEG_04821,29.870957,79.461513,0,0.654836
POS_003181,30.299278,79.20425,1,0.260724
UK_NEG_02080,28.858461,79.929048,0,0.002448
POS_000306,29.361,79.592,1,0.974098
POS_002564,30.098031,79.617947,1,0.4777
UK_NEG_02531,29.643381,79.303086,0,0.650903
POS_004495,30.7175,78.3508,1,0.975936
POS_003131,30.290808,78.760316,1,0.971063
POS_004174,30.585275,77.875858,1,0.979287
UK_NEG_01266,30.811432,77.810557,0,0.893317
POS_003584,30.409897,78.514328,1,0.982878
UK_NEG_01615,29.380816,79.207879,0,0.000704
POS_001353,29.829834,78.874938,1,0.947227
UK_NEG_02164,29.149404,79.907236,0,0.061294
UK_NEG_00752,30.976693,78.784467,0,0.003684
POS_001876,29.965331,80.097331,1,0.863877
UK_NEG_02161,31.15736,78.593227,0,0.003245
POS_002385,30.059235,80.065848,1,0.57556
UK_NEG_02493,31.340477,79.065367,0,0.001157
UK_NEG_01646,29.296087,79.396132,0,0.117312
POS_003935,30.530167,79.510417,1,0.994706
POS_004544,30.756598,78.099739,1,0.925048
POS_005424,30.592222,79.028333,1,0.741764
POS_005062,30.925208,77.837529,1,0.985021
POS_003334,30.350583,79.030611,1,0.975214
POS_000724,29.532083,79.547083,1,0.874191
UK_NEG_03461,29.514713,78.984575,0,0.106162
POS_004909,30.864167,78.110056,1,0.23092
POS_001549,29.898245,78.859359,1,0.85664
UK_NEG_05387,29.929364,80.331996,0,0.018413
POS_000872,29.592647,80.379755,1,0.987027
POS_001513,29.889361,79.928861,1,0.920809
UK_NEG_00706,30.665736,79.913926,0,0.001883
POS_004988,30.900555,78.229232,1,0.832409
UK_NEG_04666,29.478447,78.838478,0,0.921545
UK_NEG_00338,30.6712,79.364943,0,0.008532
POS_003827,30.509667,78.638472,1,0.554272
UK_NEG_01753,29.404288,79.237013,0,0.002415
UK_NEG_02046,30.124598,80.795871,0,0.002135
UK_NEG_00879,29.622567,79.710719,0,0.10925
POS_003242,30.316167,79.02725,1,0.984211
POS_002309,30.040099,79.892962,1,0.842207
UK_NEG_00599,30.580228,80.03104,0,0.000509
UK_NEG_00353,30.48019,79.950073,0,0.002931
POS_003617,30.423231,77.945288,1,0.349199
UK_NEG_00195,29.901728,80.448681,0,0.355128
UK_NEG_03662,29.721621,79.380247,0,0.905788
POS_004709,30.807926,78.182602,1,0.978396
POS_001062,29.6989,79.8703,1,0.686332
POS_001430,29.858196,78.8347,1,0.838986
POS_003558,30.404528,78.921596,1,0.832554
UK_NEG_03303,30.292457,78.401889,0,0.366179
UK_NEG_00262,30.205866,78.941,0,0.91185
UK_NEG_03004,30.797549,79.831839,0,0.003015
POS_004255,30.598111,78.677861,1,0.748023
POS_004350,30.624806,78.995778,1,0.996654
UK_NEG_04030,29.8198,79.540778,0,0.452935
POS_002834,30.197952,77.917633,1,0.757283
POS_001132,29.758972,79.771028,1,0.940839
UK_NEG_05013,29.237051,79.406794,0,0.000699
POS_002764,30.164056,79.710417,1,0.979836
UK_NEG_03713,30.339344,78.287423,0,0.754719
UK_NEG_02406,31.090591,78.017099,0,0.041085
POS_001825,29.957242,78.69114,1,0.998585
UK_NEG_02350,30.724975,78.072232,0,0.972023
UK_NEG_01238,30.675686,79.248259,0,0.010886
UK_NEG_02181,31.176675,78.397155,0,0.000586
POS_003825,30.509444,78.44,1,0.758952
POS_003968,30.53625,78.800556,1,0.919329
POS_004529,30.753218,78.177508,1,0.978643
POS_005029,30.908194,78.333889,1,0.610506
UK_NEG_00547,30.90372,78.000552,0,0.765787
UK_NEG_03397,30.42858,80.407619,0,0.010377
POS_001001,29.671236,79.466566,1,0.594608
UK_NEG_02973,29.756341,78.496497,0,0.000904
POS_002128,30.003444,78.82757,1,0.765637
UK_NEG_05234,30.597905,79.660153,0,0.004213
UK_NEG_03412,29.730435,78.794657,0,0.485603
UK_NEG_02238,30.335997,80.272763,0,0.001349
POS_003239,30.314417,79.029389,1,0.990953
UK_NEG_04091,30.230172,79.188089,0,0.670196
POS_004800,30.839989,78.449964,1,0.972747
UK_NEG_01283,30.659659,78.710786,0,0.026175
POS_005208,30.029348,79.5267,1,0.643728
POS_002548,30.094564,79.865765,1,0.866515
UK_NEG_04671,30.538354,78.934246,0,0.010502
UK_NEG_02987,29.87155,77.882097,0,0.002946
UK_NEG_04234,30.776496,78.997282,0,0.001315
UK_NEG_02242,31.209343,78.470918,0,0.002524
UK_NEG_01933,30.902506,79.521272,0,0.001264
UK_NEG_04769,30.457792,79.012422,0,0.072728
POS_000346,29.388994,79.471336,1,0.992331
POS_003103,30.286039,79.229401,1,0.990909
UK_NEG_04276,29.124205,79.6887,0,0.001759
UK_NEG_04400,30.905842,78.489038,0,0.012014
POS_002926,30.241743,78.899366,1,0.99747
POS_004440,30.6575,78.303611,1,0.943673
UK_NEG_00294,30.489735,78.729189,0,0.695441
UK_NEG_01517,30.936063,78.158008,0,0.038238
UK_NEG_01059,30.439268,78.222142,0,0.02875
POS_000831,29.568785,79.160047,1,0.993712
UK_NEG_02463,30.374001,78.307024,0,0.235687
POS_000023,29.15916,79.884315,1,0.968148
POS_001095,29.728,78.884,1,0.911116
UK_NEG_03406,30.591062,79.231209,0,0.002493
POS_001190,29.785768,78.548458,1,0.458597
UK_NEG_05092,30.579476,79.24581,0,0.008985
POS_001335,29.825306,80.090917,1,0.845663
POS_000159,29.284327,79.633732,1,0.922393
UK_NEG_05480,30.190318,78.093159,0,0.001435
UK_NEG_01634,30.273482,78.015374,0,0.009384
UK_NEG_05404,29.296978,79.269955,0,0.00051
UK_NEG_01548,30.905295,79.559694,0,0.001717
UK_NEG_03253,29.892692,77.990278,0,0.000565
POS_003345,30.355636,78.514576,1,0.993236
UK_NEG_02492,29.107319,79.993136,0,0.147908
UK_NEG_02264,30.535909,79.431246,0,0.010017
UK_NEG_04063,29.839301,78.635314,0,0.374051
POS_001405,29.845511,78.976995,1,0.992685
UK_NEG_02606,30.440146,78.954856,0,0.010659
POS_000358,29.400444,79.848917,1,0.966323
UK_NEG_02065,30.317831,79.771519,0,0.000421
UK_NEG_01644,30.399888,79.548299,0,0.107884
POS_004342,30.62308,77.868955,1,0.870458
UK_NEG_03404,30.271164,80.473201,0,0.000729
UK_NEG_05346,29.086866,79.468876,0,0.000806
UK_NEG_01453,29.795694,78.354675,0,0.001531
POS_004636,30.780336,78.156285,1,0.708953
UK_NEG_03281,30.771978,78.759424,0,0.008115
UK_NEG_00517,30.172313,79.939005,0,0.196326
POS_000548,29.48518,79.449638,1,0.937954
UK_NEG_01099,31.215092,78.279341,0,0.001388
POS_001831,29.95806,80.60083,1,0.897929
UK_NEG_03112,30.09833,78.406183,0,0.841072
POS_001174,29.778829,79.834544,1,0.998368
POS_002529,30.093359,78.612026,1,0.820484
UK_NEG_03424,28.894068,79.529037,0,0.019361
POS_003017,30.272472,79.220722,1,0.951897
UK_NEG_02949,30.573968,79.324496,0,0.001051
POS_000844,29.572091,79.909662,1,0.64345
POS_003915,30.526528,78.759833,1,0.922084
POS_000141,29.274167,80.126889,1,0.961727
POS_000407,29.433606,79.290411,1,0.515427
POS_004806,30.842971,78.450079,1,0.282266
UK_NEG_01935,30.03671,80.680032,0,0.074989
POS_001990,29.986878,78.401085,1,0.848194
POS_000186,29.297167,79.947389,1,0.376533
UK_NEG_01948,28.973123,79.582155,0,0.000323
UK_NEG_05082,30.846732,79.918425,0,0.002296
POS_003127,30.290175,78.622675,1,0.99375
UK_NEG_01157,30.019341,79.485912,0,0.087427
POS_003591,30.411932,78.184551,1,0.996471
POS_003492,30.39182,78.837187,1,0.928093
UK_NEG_01247,29.849337,79.513784,0,0.017725
POS_004486,30.7175,78.3508,1,0.991319
POS_005341,29.973694,80.050806,1,0.996412
UK_NEG_03561,30.048674,78.321278,0,0.16667
POS_001799,29.951374,79.195501,1,0.948411
POS_004431,30.652806,78.977833,1,0.594917
UK_NEG_04314,30.686307,79.269218,0,0.001585
POS_004865,30.853911,78.198449,1,0.964087
UK_NEG_05374,30.614055,80.010307,0,0.004668
UK_NEG_02613,30.700988,79.659771,0,0.006008
POS_000240,29.324628,79.346206,1,0.976731
UK_NEG_03247,29.133916,79.843663,0,0.104464
UK_NEG_03375,31.049744,78.137322,0,0.038676
POS_004684,30.796111,78.151667,1,0.986377
UK_NEG_03891,30.725541,80.222055,0,0.014156
UK_NEG_01695,30.114097,80.320286,0,0.81687
UK_NEG_03507,30.052864,79.196691,0,0.015214
POS_001355,29.830485,79.002984,1,0.991956
POS_004568,30.761841,78.419357,1,0.590871
POS_000282,29.347265,79.47382,1,0.93016
UK_NEG_01945,30.542239,80.060181,0,0.00225
UK_NEG_04509,28.958846,79.685413,0,0.001474
POS_002237,30.024639,79.564146,1,0.703272
POS_001921,29.975953,79.048776,1,0.910663
UK_NEG_05307,31.096841,78.073361,0,0.651912
POS_002035,29.991667,79.916667,1,0.962198
UK_NEG_00707,29.378548,79.14496,0,0.00062
POS_003564,30.405911,78.511851,1,0.89683
UK_NEG_01874,31.031391,77.913336,0,0.002468
UK_NEG_03753,31.137298,78.299552,0,0.02002
UK_NEG_00443,31.02322,79.481783,0,0.003433
POS_004949,30.887278,78.309694,1,0.740925
POS_000470,29.454975,79.314111,1,0.959609
POS_000623,29.5083,79.9617,1,0.998109
UK_NEG_01866,30.654327,78.414383,0,0.94816
UK_NEG_01613,30.703041,80.064101,0,0.003286
POS_002037,29.992306,79.912472,1,0.984928
UK_NEG_02212,30.403597,79.842613,0,0.002429
POS_003097,30.284972,79.166111,1,0.983846
POS_005165,30.970556,78.406111,1,0.391023
POS_001273,29.80944,80.37028,1,0.970324
POS_000056,29.210552,79.798514,1,0.996024
POS_004864,30.85375,78.244861,1,0.889375
UK_NEG_04100,30.350665,79.644115,0,0.005682
UK_NEG_02621,30.837604,79.883597,0,0.002429
POS_005151,30.968761,78.448035,1,0.981319
UK_NEG_00834,29.216587,80.269785,0,0.95583
UK_NEG_01412,31.101012,79.342011,0,0.002502
UK_NEG_02602,29.657987,78.806822,0,0.012046
UK_NEG_03322,28.978177,79.99939,0,0.00119
POS_001942,29.98,80.58,1,0.994069
POS_004415,30.645416,77.79867,1,0.797164
UK_NEG_02064,30.361721,77.912149,0,0.04465
UK_NEG_02285,28.959399,79.432499,0,0.000789
UK_NEG_05297,30.713882,78.104062,0,0.809713
POS_001333,29.825306,80.090917,1,0.880237
UK_NEG_03755,29.102819,79.847502,0,0.802222
POS_002892,30.225343,79.464234,1,0.802816
UK_NEG_04337,30.260576,79.260474,0,0.605224
POS_003038,30.275556,79.096972,1,0.756221
UK_NEG_01872,30.051043,78.143041,0,0.000223
UK_NEG_02450,29.372387,79.874029,0,0.624189
UK_NEG_04527,29.064976,79.62689,0,0.000593
POS_001854,29.961027,78.472414,1,0.943243
POS_003381,30.368222,79.274472,1,0.971656
POS_005353,30.396694,79.323417,1,0.993818
POS_005079,30.930979,78.405346,1,0.88791
UK_NEG_03764,29.831943,78.192043,0,0.000871
POS_004077,30.563444,79.568889,1,0.987705
POS_001023,29.682607,79.814875,1,0.949268
POS_002920,30.238571,78.705147,1,0.949816
POS_001213,29.793973,79.172021,1,0.759629
UK_NEG_02721,31.232662,79.118299,0,0.002768
POS_004318,30.6144,78.3169,1,0.941662
UK_NEG_02256,29.254834,79.185354,0,0.000307
POS_000452,29.452029,79.491627,1,0.926935
UK_NEG_03734,29.070891,80.050044,0,0.001018
UK_NEG_03855,31.126157,79.294256,0,0.001533
POS_002371,30.056506,78.599874,1,0.950277
POS_005444,29.382697,79.42724,1,0.902035
UK_NEG_02925,30.738594,79.443549,0,0.004178
POS_002956,30.250972,79.228278,1,0.995185
POS_004278,30.602111,79.175389,1,0.836089
POS_003394,30.371111,79.268389,1,0.792233
POS_005190,30.9973,78.021985,1,0.800751
POS_005072,30.929916,78.394719,1,0.402007
UK_NEG_05101,30.62236,79.280653,0,0.001368
UK_NEG_00803,30.724415,77.744377,0,0.691468
UK_NEG_05119,29.780006,77.866774,0,0.000371
UK_NEG_01778,30.326595,80.164596,0,0.009874
POS_000210,29.312921,79.532425,1,0.980087
POS_002800,30.18242,78.79296,1,0.994071
UK_NEG_04552,30.019765,78.018174,0,0.000992
POS_001646,29.914023,79.288127,1,0.956309
UK_NEG_01767,30.224758,78.966868,0,0.546668
POS_005212,30.084545,79.484698,1,0.988064
POS_004846,30.848,79.2816,1,0.018934
POS_003862,30.517267,77.989851,1,0.99873
POS_004317,30.613861,78.636889,1,0.881765
UK_NEG_02175,30.525268,80.158389,0,0.00112
POS_000426,29.439979,79.486256,1,0.995149
UK_NEG_04732,30.058662,80.411385,0,0.025723
POS_001255,29.804621,79.180702,1,0.889799
POS_004563,30.760105,78.365897,1,0.984647
UK_NEG_02174,30.396024,77.853475,0,0.045286
UK_NEG_03816,29.406843,79.056526,0,0.002101
POS_001827,29.957634,78.165672,1,0.98675
POS_005097,30.943272,78.407297,1,0.588933
UK_NEG_01562,30.44316,80.249946,0,0.000678
UK_NEG_01083,29.706479,80.118373,0,0.025037
UK_NEG_03392,30.484409,80.022596,0,0.001627
UK_NEG_00585,30.204738,80.429819,0,0.001789
UK_NEG_02633,28.784415,80.048323,0,0.000428
POS_003221,30.307156,78.851956,1,0.986869
POS_001321,29.823459,79.06736,1,0.946528
UK_NEG_04243,30.677813,79.701902,0,0.001562
UK_NEG_02379,31.171576,78.35568,0,0.001542
UK_NEG_03576,29.539581,79.467644,0,0.883898
POS_001226,29.795217,78.59856,1,0.928244
POS_001306,29.818624,79.069057,1,0.945429
UK_NEG_02850,30.562824,79.420679,0,0.314813
UK_NEG_04714,30.458131,80.10572,0,0.017118
POS_001491,29.880709,78.45552,1,0.663571
UK_NEG_01226,30.733446,80.038579,0,0.009309
UK_NEG_02349,30.848865,79.529387,0,0.008783
UK_NEG_04811,31.100104,78.055053,0,0.369766
UK_NEG_01102,29.181331,80.247979,0,0.439678
UK_NEG_01558,29.300615,80.111047,0,0.500418
UK_NEG_00898,30.549682,78.258801,0,0.524571
POS_005512,30.4864,79.4773,1,0.999452
POS_003927,30.528867,77.870334,1,0.996868
UK_NEG_03695,29.223971,79.867351,0,0.057014
POS_002540,30.094139,79.624056,1,0.85543
UK_NEG_04438,29.613214,79.91122,0,0.7947
UK_NEG_05021,30.252758,80.966744,0,0.005591
POS_004167,30.583948,77.872574,1,0.971913
UK_NEG_04482,30.457544,80.267643,0,0.001646
POS_004999,30.903258,78.349479,1,0.746572
UK_NEG_01532,29.58862,78.681624,0,0.510834
POS_002182,30.014951,80.09204,1,0.915754
UK_NEG_02745,30.169636,80.308345,0,0.002392
POS_003695,30.453808,77.916522,1,0.82947
POS_001562,29.900437,78.191591,1,0.816126
UK_NEG_00274,29.020613,79.54385,0,0.002364
POS_001628,29.910246,78.790721,1,0.981175
POS_005463,29.301684,79.544196,1,0.990445
POS_002575,30.099111,79.432306,1,0.997797
UK_NEG_03798,30.351925,77.730318,0,0.008142
POS_004540,30.755833,78.334722,1,0.755935
POS_005381,30.411611,79.294528,1,0.364931
POS_001193,29.788474,79.974284,1,0.975091
POS_003923,30.528167,78.543,1,0.546191
UK_NEG_02800,30.396527,77.893174,0,0.043003
POS_003582,30.409264,78.513771,1,0.649139
UK_NEG_00426,29.612778,80.235018,0,0.114211
POS_005516,30.710278,78.46675,1,0.945059
UK_NEG_04000,30.703166,78.370316,0,0.953881
POS_004057,30.559917,78.808667,1,0.982536
UK_NEG_00798,29.755952,78.103622,0,0.001386
UK_NEG_02723,30.548246,79.320892,0,0.02928
POS_001944,29.98,80.65,1,0.013472
UK_NEG_01139,29.963382,80.273888,0,0.37171
UK_NEG_04838,29.129238,79.762355,0,0.055809
UK_NEG_01108,29.683634,77.959367,0,0.001284
POS_003998,30.541874,77.960068,1,0.942028
UK_NEG_04538,29.734006,78.797322,0,0.328077
UK_NEG_03929,29.641238,79.792902,0,0.29079
POS_001504,29.885663,78.998514,1,0.882443
POS_000293,29.3531,79.473643,1,0.990015
UK_NEG_01317,29.128258,79.547452,0,0.009223
UK_NEG_03861,29.858624,79.702591,0,0.537398
UK_NEG_04386,29.177409,79.404564,0,0.000723
UK_NEG_04605,29.294481,79.136803,0,0.002557
UK_NEG_04253,29.041247,80.087963,0,0.001393
UK_NEG_04273,30.393214,80.545355,0,0.000123
UK_NEG_02438,30.472798,78.354174,0,0.78958
UK_NEG_01341,31.040689,79.349228,0,0.001023
POS_002149,30.008622,79.876366,1,0.981474
POS_004673,30.792341,78.442707,1,0.963297
POS_003930,30.52925,78.640389,1,0.87873
UK_NEG_05372,30.010584,80.21979,0,0.029232
UK_NEG_01908,30.911316,79.321502,0,0.00116
UK_NEG_04334,30.006094,80.250393,0,0.836229
UK_NEG_01804,29.561376,79.107264,0,0.035846
UK_NEG_01543,29.36513,80.027305,0,0.145538
UK_NEG_02659,30.186266,80.704781,0,0.000454
POS_000256,29.33717,79.523546,1,0.986296
UK_NEG_01372,30.302528,78.128519,0,0.946582
POS_000661,29.514883,80.007083,1,0.978812
UK_NEG_01256,31.078357,79.240766,0,0.000521
POS_001167,29.77358,79.168366,1,0.938753
UK_NEG_04166,28.931165,79.461848,0,0.00048
UK_NEG_04478,30.357069,80.306742,0,0.000455
POS_003810,30.504056,79.088889,1,0.854128
UK_NEG_03129,29.273819,78.871931,0,0.001042
POS_002191,30.015689,80.090527,1,0.991214
UK_NEG_03473,29.921927,78.906955,0,0.611509
UK_NEG_01496,29.554181,78.690018,0,0.007746
POS_003406,30.3745,78.154185,1,0.988157
POS_002641,30.11386,79.430294,1,0.612926
UK_NEG_05349,30.746927,79.742887,0,0.001118
POS_002542,30.094183,79.597634,1,0.76167
POS_003842,30.513658,77.999751,1,0.710943
POS_004948,30.88725,78.310583,1,0.993577
POS_004506,30.733556,78.504167,1,0.78349
POS_001680,29.918965,78.618338,1,0.926089
POS_003222,30.307654,78.858286,1,0.965675
POS_003554,30.403612,78.514994,1,0.930777
POS_001998,29.987971,78.641311,1,0.429373
UK_NEG_03268,30.386826,79.052687,0,0.608434
POS_000493,29.460444,79.313361,1,0.918628
UK_NEG_02283,30.044523,79.15508,0,0.026415
POS_004631,30.779167,78.112778,1,0.971141
UK_NEG_04491,30.909456,79.633533,0,0.000555
POS_005326,30.0864,78.5788,1,0.999584
POS_001269,29.808347,78.613518,1,0.919552
POS_003479,30.390318,78.027033,1,0.924263
POS_001643,29.913858,79.420476,1,0.506705
UK_NEG_05034,30.85759,78.989782,0,0.001492
UK_NEG_01228,30.961475,79.492622,0,0.001298
UK_NEG_04941,30.750127,79.37416,0,0.001068
UK_NEG_04573,30.717659,79.711664,0,0.000165
UK_NEG_00110,29.990315,77.769453,0,0.00034
UK_NEG_05476,31.001378,79.241178,0,0.002092
UK_NEG_00025,30.07145,79.097163,0,0.531615
UK_NEG_02794,30.752767,79.265841,0,0.019837
UK_NEG_03615,28.898892,79.712941,0,0.000795
POS_004779,30.833676,78.114396,1,0.785851
POS_005126,30.957004,78.41773,1,0.995778
POS_000278,29.346339,79.46078,1,0.965131
UK_NEG_04408,29.873815,78.541368,0,0.791464
POS_005032,30.908889,78.338889,1,0.722661
POS_000791,29.553583,79.651333,1,0.181983
UK_NEG_04934,30.334245,79.381599,0,0.059256
POS_003607,30.42022,78.078465,1,0.996199
POS_001631,29.911128,78.190271,1,0.521545
POS_002457,30.077001,79.521881,1,0.92128
UK_NEG_00494,29.106962,79.741627,0,0.035608
UK_NEG_01494,30.036972,77.954682,0,0.000815
POS_004273,30.600833,78.297222,1,0.868266
POS_003192,30.302444,78.227443,1,0.9937
POS_000946,29.641536,80.353654,1,0.977122
POS_005418,30.90573,78.34671,1,0.835795
POS_000837,29.570559,79.461211,1,0.988491
POS_005323,30.143104,78.595503,1,0.997382
UK_NEG_05310,31.030891,79.374224,0,0.000722
UK_NEG_05126,31.145025,78.113128,0,0.03568
POS_003460,30.386107,78.757178,1,0.671988
POS_004514,30.740444,78.573833,1,0.70702
UK_NEG_00113,30.130425,79.808153,0,0.090259
POS_001402,29.844796,79.085754,1,0.834911
POS_000993,29.6661,79.7667,1,0.574313
UK_NEG_02235,30.401621,80.500001,0,0.002841
UK_NEG_02146,30.474443,77.815617,0,0.006583
UK_NEG_02090,29.621022,79.881706,0,0.619913
POS_001018,29.678662,79.894059,1,0.285608
UK_NEG_00193,30.180709,78.182124,0,0.003548
UK_NEG_04300,30.174462,78.36598,0,0.440697
POS_001282,29.812501,78.596999,1,0.984115
UK_NEG_03286,29.177415,79.354024,0,0.001595
POS_002096,29.999481,78.676455,1,0.994566
UK_NEG_01892,30.547684,79.627629,0,0.01546
UK_NEG_03041,30.714598,78.834418,0,0.009601
POS_004933,30.874161,78.058912,1,0.656615
POS_004010,30.544806,78.801667,1,0.983925
UK_NEG_02335,30.895623,79.861866,0,0.006186
POS_003840,30.513444,79.065694,1,0.98946
POS_004166,30.5835,78.662667,1,0.619078
POS_005010,30.904281,78.332917,1,0.968982
UK_NEG_00206,29.845292,78.08329,0,0.001349
POS_001015,29.675532,80.271407,1,0.988707
POS_001008,29.673644,80.340172,1,0.48159
POS_000354,29.396702,79.392454,1,0.893447
POS_004148,30.580639,78.821194,1,0.955699
POS_000644,29.511915,80.046168,1,0.973442
POS_005130,30.959137,78.418616,1,0.969031
UK_NEG_04266,29.882265,80.412944,0,0.143834
UK_NEG_00819,30.959015,78.301997,0,0.109899
POS_004981,30.897196,78.325078,1,0.964073
POS_004716,30.810086,78.218833,1,0.623114
UK_NEG_02527,31.224487,78.365412,0,0.003975
POS_001097,29.731263,80.335038,1,0.536914
UK_NEG_01030,29.396235,79.14614,0,0.002153
POS_001081,29.715924,80.276865,1,0.902177
POS_001739,29.934438,78.875785,1,0.786672
UK_NEG_00500,30.560153,79.302921,0,0.000804
POS_003338,30.352639,79.091917,1,0.994652
UK_NEG_03539,30.486171,78.288485,0,0.023058
UK_NEG_01733,30.670728,78.385264,0,0.83164
UK_NEG_01444,30.804814,79.093791,0,0.009562
POS_004227,30.5945,78.685222,1,0.970989
POS_004061,30.560976,77.818446,1,0.984092
POS_005050,30.919323,78.086244,1,0.342843
POS_004852,30.848889,78.250833,1,0.991892
POS_001254,29.804064,78.552373,1,0.501692
UK_NEG_01685,30.337806,79.408524,0,0.026797
POS_004633,30.779806,78.263556,1,0.885384
UK_NEG_01281,29.937842,80.339147,0,0.319623
POS_002428,30.068884,79.879114,1,0.452564
POS_004833,30.847139,78.210833,1,0.883571
UK_NEG_02739,29.202019,80.032755,0,0.014231
UK_NEG_05208,30.081494,80.307447,0,0.359662
POS_001077,29.714444,80.280556,1,0.872086
POS_002280,30.034,79.887982,1,0.806857
POS_003111,30.287361,79.119083,1,0.962075
POS_001415,29.850585,78.858173,1,0.605438
POS_002001,29.988417,79.943194,1,0.987977
UK_NEG_00631,29.855594,80.396517,0,0.273813
UK_NEG_04979,30.339789,80.07435,0,0.017143
UK_NEG_03898,28.816456,79.837771,0,0.001386
UK_NEG_03035,30.002661,80.229464,0,0.863588
UK_NEG_04620,30.659717,78.441131,0,0.880751
UK_NEG_05450,29.63993,78.680948,0,0.000742
POS_002541,30.094181,78.665505,1,0.962376
UK_NEG_04050,30.108498,80.356002,0,0.006325
UK_NEG_05022,29.595921,78.752708,0,0.023213
UK_NEG_02770,30.36257,80.202103,0,0.009599
UK_NEG_05221,31.271456,79.156591,0,0.002378
POS_001166,29.773522,78.541788,1,0.338245
POS_002662,30.120286,78.770933,1,0.942338
POS_000190,29.298889,79.956972,1,0.329762
POS_001334,29.825306,80.090917,1,0.845774
UK_NEG_01475,30.784171,78.866072,0,0.001419
UK_NEG_00172,30.248859,78.045452,0,0.061356
POS_002386,30.059867,79.521037,1,0.689592
POS_003824,30.509111,78.653694,1,0.998143
POS_003971,30.537444,78.666389,1,0.752516
POS_003773,30.488139,79.665389,1,0.981218
UK_NEG_03191,30.583911,79.848996,0,0.00814
UK_NEG_01781,30.851214,78.556299,0,0.001541
POS_003161,30.295333,79.323667,1,0.470426
UK_NEG_05077,30.488224,78.901619,0,0.171913
UK_NEG_00824,29.803835,80.057342,0,0.535315
UK_NEG_05004,30.773643,79.4668,0,0.017085
POS_004331,30.616917,78.585944,1,0.926117
POS_000062,29.228342,79.628017,1,0.969835
POS_004042,30.554383,77.856059,1,0.828824
UK_NEG_01495,29.170504,78.97434,0,0.001967
UK_NEG_04901,30.320015,78.080455,0,0.061825
UK_NEG_05216,30.652877,80.017582,0,0.004201
UK_NEG_00577,29.807165,79.387914,0,0.580402
UK_NEG_03613,30.335166,79.813721,0,0.001379
UK_NEG_02905,29.885551,79.495351,0,0.232346
UK_NEG_03237,30.673216,79.391201,0,0.001189
POS_002986,30.264194,79.086694,1,0.835758
POS_000195,29.300194,79.697389,1,0.998248
POS_004473,30.705885,79.066733,1,0.404625
UK_NEG_05287,29.845928,78.101627,0,0.001615
POS_004908,30.86408,78.214812,1,0.937795
POS_001599,29.906918,78.763643,1,0.933619
POS_001664,29.916667,80.157778,1,0.960685
POS_002474,30.082583,79.606306,1,0.99728
UK_NEG_01193,30.255135,78.473372,0,0.655103
UK_NEG_04205,30.767462,79.736014,0,0.000467
UK_NEG_01451,31.097826,78.540852,0,0.001734
UK_NEG_01589,30.20086,79.84715,0,0.002158
POS_004411,30.643121,79.015356,1,0.55044
POS_000244,29.3283,79.650793,1,0.7767
POS_005349,29.960556,80.614722,1,0.822739
POS_000267,29.340086,79.414492,1,0.989318
UK_NEG_01824,30.031276,78.021631,0,0.00077
UK_NEG_04047,30.189563,78.325977,0,0.899425
POS_003363,30.362417,79.236278,1,0.931683
UK_NEG_02136,30.475727,79.40763,0,0.244761
POS_004816,30.844722,78.439444,1,0.975585
UK_NEG_03614,30.125255,79.561582,0,0.034378
POS_002423,30.066944,78.509526,1,0.969472
POS_003129,30.290504,79.290847,1,0.993595
UK_NEG_00730,31.007441,79.089615,0,0.001546
UK_NEG_05393,30.742769,80.058236,0,0.005867
UK_NEG_01511,29.628048,78.831482,0,0.02846
POS_003969,30.53655,78.614972,1,0.968551
UK_NEG_05086,30.103044,80.651015,0,0.002349
POS_004912,30.865219,78.446527,1,0.897594
UK_NEG_02305,29.691741,78.045223,0,0.000254
UK_NEG_03845,31.118544,79.033357,0,0.00137
POS_001196,29.790065,79.330042,1,0.771083
UK_NEG_02984,31.029744,78.399163,0,0.012046
UK_NEG_00582,30.512323,79.63144,0,0.006442
UK_NEG_00167,30.105575,77.903192,0,0.001203
UK_NEG_05286,30.218741,80.394578,0,0.002154
UK_NEG_04793,29.119422,79.247368,0,0.001743
POS_001476,29.874556,79.627722,1,0.807145
POS_005375,30.257889,79.448167,1,0.950103
UK_NEG_00188,30.499952,79.321313,0,0.00679
UK_NEG_00780,28.909794,79.850798,0,0.000586
POS_005363,30.487833,79.085028,1,0.979743
POS_004018,30.546111,78.594167,1,0.888233
UK_NEG_03059,29.812298,78.030199,0,0.001251
POS_003226,30.308596,78.859046,1,0.992253
UK_NEG_04142,31.017636,78.87273,0,0.361394
UK_NEG_04306,31.159468,78.7284,0,0.001809
POS_001100,29.734472,80.273785,1,0.890741
UK_NEG_01565,29.240434,79.273385,0,0.000792
UK_NEG_03433,30.788963,79.539412,0,0.00404
POS_001895,29.96972,80.31222,1,0.708933
UK_NEG_01385,30.562392,79.707837,0,0.000557
POS_004232,30.594861,78.683028,1,0.983863
POS_000238,29.323333,80.058417,1,0.865039
UK_NEG_05059,29.766654,78.963134,0,0.116583
UK_NEG_02044,30.608048,78.906201,0,0.023366
UK_NEG_03158,29.552035,78.825119,0,0.000817
POS_001202,29.791382,79.662171,1,0.491794
POS_003429,30.38,79.294806,1,0.883523
POS_002902,30.228889,78.244889,1,0.87215
UK_NEG_03750,30.06135,79.78342,0,0.92391
UK_NEG_04418,29.197967,79.427758,0,0.000663
UK_NEG_01068,30.133695,80.495673,0,0.003425
POS_001852,29.960518,79.18622,1,0.570812
POS_004055,30.559056,78.808222,1,0.987688
UK_NEG_01769,30.784143,78.956102,0,0.059178
UK_NEG_03151,29.911709,80.359464,0,0.25943
UK_NEG_03873,29.412629,80.071201,0,0.459985
POS_004504,30.732167,79.07025,1,0.155727
UK_NEG_02038,29.260605,78.830843,0,0.000701
POS_002773,30.172275,78.954342,1,0.969261
POS_004526,30.752631,78.092346,1,0.89316
POS_000772,29.548741,79.337898,1,0.987903
POS_002823,30.193722,79.309556,1,0.979429
POS_004521,30.750556,78.407083,1,0.771472
UK_NEG_01535,30.443914,78.475842,0,0.917077
POS_004962,30.891317,77.043117,1,0.313371
UK_NEG_01057,30.641742,79.568175,0,0.275046
UK_NEG_05049,30.909051,79.760609,0,0.00182
UK_NEG_04484,30.842305,79.40486,0,0.000674
UK_NEG_03960,29.921737,80.370832,0,0.01475
POS_003817,30.506485,77.953077,1,0.887942
POS_005511,30.4811,79.4684,1,0.96846
UK_NEG_04049,30.47792,79.064508,0,0.464295
UK_NEG_02952,29.245288,79.469014,0,0.046826
POS_005246,30.421264,78.079081,1,0.980907
POS_001785,29.945901,79.079346,1,0.858433
POS_004470,30.695083,79.057333,1,0.014065
POS_000050,29.200404,80.080382,1,0.975025
POS_004945,30.886944,78.239167,1,0.985961
UK_NEG_01379,30.683237,78.686186,0,0.01147
POS_002372,30.056638,79.892764,1,0.940612
POS_002969,30.257482,78.791067,1,0.979307
UK_NEG_01624,29.59851,78.996066,0,0.029933
POS_004380,30.629972,78.9951,1,0.514046
UK_NEG_04048,30.900305,79.77514,0,0.000588
UK_NEG_04065,30.072542,79.074042,0,0.659986
UK_NEG_04610,31.065755,78.375684,0,0.022549
POS_003802,30.501111,77.992444,1,0.927071
POS_002901,30.227835,78.901175,1,0.836193
UK_NEG_04699,31.274658,78.376094,0,0.003136
UK_NEG_03136,29.294594,78.962892,0,0.000971
POS_002526,30.093111,79.6405,1,0.854476
POS_005033,30.909228,78.22642,1,0.743579
UK_NEG_05282,29.283308,79.851618,0,0.837903
POS_005235,30.048833,79.537833,1,0.678811
UK_NEG_02221,31.072334,79.346582,0,0.001231
POS_005421,31.055019,77.839014,1,0.406974
UK_NEG_03048,29.207386,79.500491,0,0.000788
POS_002686,30.123721,78.622411,1,0.997559
POS_000084,29.24896,79.67046,1,0.920703
POS_004950,30.887676,78.30869,1,0.968517
UK_NEG_03833,30.266186,80.288167,0,0.002491
POS_004778,30.833472,78.100965,1,0.875143
UK_NEG_05500,29.970749,80.342034,0,0.008635
UK_NEG_02597,30.710702,78.798579,0,0.00192
UK_NEG_02217,31.159334,78.712427,0,0.006659
POS_004804,30.842436,77.811611,1,0.99829
UK_NEG_00052,30.34602,78.780286,0,0.036835
UK_NEG_01348,31.0048,78.917311,0,0.019139
UK_NEG_02373,30.29223,78.122734,0,0.011772
POS_001712,29.92651,78.874579,1,0.832223
UK_NEG_01112,30.401173,77.701409,0,0.000729
POS_004088,30.5658,79.0847,1,0.948364
POS_004160,30.582583,78.820583,1,0.905676
UK_NEG_04209,29.145702,79.003529,0,0.001442
UK_NEG_01895,30.185648,80.224822,0,0.023045
UK_NEG_01977,30.139775,79.836825,0,0.026416
POS_001180,29.780083,79.626722,1,0.959223
POS_003916,30.526647,77.978877,1,0.932034
POS_002508,30.08975,79.600306,1,0.412131
POS_002415,30.064741,79.532731,1,0.693534
UK_NEG_01699,29.328611,79.256,0,0.002992
UK_NEG_04121,29.974733,78.972454,0,0.48455
UK_NEG_05148,30.851731,79.074893,0,0.013441
UK_NEG_02839,31.244556,79.226048,0,0.001286
UK_NEG_05158,30.987467,78.497378,0,0.020839
POS_003459,30.386061,78.57937,1,0.981228
UK_NEG_01698,29.704352,78.534486,0,0.000543
POS_004146,30.580278,78.821056,1,0.97664
UK_NEG_02654,30.544512,80.23401,0,0.001913
UK_NEG_05364,29.116061,79.674903,0,0.00052
POS_005416,30.083278,79.79875,1,0.992396
POS_000992,29.66593,78.988123,1,0.817422
POS_001298,29.816695,79.360851,1,0.98967
UK_NEG_01883,31.152863,78.370341,0,0.001834
POS_004902,30.862618,78.204248,1,0.943708
POS_001695,29.921241,79.06579,1,0.970384
POS_000188,29.297726,79.557461,1,0.911898
UK_NEG_05475,30.271626,78.137945,0,0.033876
POS_004085,30.565242,79.061893,1,0.756803
POS_001535,29.896169,78.974821,1,0.831267
UK_NEG_01124,30.877367,79.023417,0,0.002208
POS_004412,30.643417,77.792406,1,0.885607
UK_NEG_03850,30.487877,80.157074,0,0.002765
UK_NEG_05080,30.394511,78.40182,0,0.835183
POS_000703,29.5241,79.4221,1,0.821954
POS_004869,30.855,78.247222,1,0.888654
UK_NEG_01514,30.235342,78.109477,0,0.01351
UK_NEG_01497,29.898993,79.991568,0,0.871279
POS_002077,29.997256,79.915396,1,0.922565
POS_005432,29.321569,79.35744,1,0.90422
UK_NEG_02979,30.879029,79.327132,0,0.001851
UK_NEG_01244,28.981268,79.549454,0,0.000514
UK_NEG_03571,30.340702,80.755496,0,0.001665
POS_000869,29.590891,79.327146,1,0.958662
POS_003792,30.497568,79.614866,1,0.906596
UK_NEG_05488,29.595786,79.839431,0,0.896325
POS_000299,29.3555,79.429114,1,0.998138
POS_003649,30.437472,78.686472,1,0.912686
UK_NEG_02892,30.091316,80.507776,0,0.009971
UK_NEG_02412,29.663847,79.407719,0,0.835727
UK_NEG_02624,30.789347,79.633149,0,0.000342
POS_001574,29.90167,80.57,1,0.99795
POS_001999,29.988029,79.944172,1,0.987238
POS_005238,30.069389,79.505222,1,0.928386
POS_003188,30.30191,78.606959,1,0.894865
UK_NEG_01823,29.211885,80.12381,0,0.062113
POS_002582,30.100209,79.610048,1,0.780217
POS_000202,29.304,79.69,1,0.968277
UK_NEG_05054,29.879502,80.007453,0,0.14393
POS_000414,29.435583,80.023861,1,0.997482
POS_003878,30.520151,77.939286,1,0.943576
UK_NEG_03487,29.744193,79.221022,0,0.297961
POS_000314,29.370975,79.534144,1,0.802612
UK_NEG_04913,30.414306,77.682287,0,0.001705
POS_001740,29.934638,79.403016,1,0.867176
UK_NEG_04772,30.853029,79.564525,0,0.000641
POS_003037,30.275539,78.96832,1,0.971798
POS_001209,29.793601,78.426796,1,0.7069
POS_000035,29.176385,80.024444,1,0.99635
UK_NEG_02244,30.361131,80.590551,0,0.00056
POS_002325,30.044537,79.895517,1,0.750645
POS_004062,30.561278,78.641194,1,0.966582
POS_002300,30.0394,78.7947,1,0.670679
UK_NEG_04661,29.619272,80.199733,0,0.487364
POS_001133,29.759057,79.900389,1,0.879311
UK_NEG_03642,30.842587,78.873099,0,0.001988
UK_NEG_03429,30.979731,78.886732,0,0.017414
POS_001899,29.97,80.6,1,0.980406
UK_NEG_01903,31.085223,78.606675,0,0.000506
POS_005074,30.930175,78.39078,1,0.799969
UK_NEG_05249,31.141245,78.20769,0,0.031107
POS_004461,30.684722,79.050813,1,0.129752
UK_NEG_03760,31.162242,78.70996,0,0.01604
UK_NEG_00654,29.136909,79.808715,0,0.010618
UK_NEG_04173,30.074992,80.023066,0,0.189939
UK_NEG_04626,30.436374,79.572059,0,0.007177
POS_001159,29.77096,79.118024,1,0.806675
UK_NEG_00183,30.915332,78.660317,0,0.050745
UK_NEG_02397,30.207279,80.019681,0,0.000417
POS_004029,30.549917,78.853806,1,0.324001
UK_NEG_04058,30.030722,78.194736,0,0.006178
POS_004515,30.741889,78.591333,1,0.344973
UK_NEG_00191,29.866265,77.99388,0,0.000389
POS_000449,29.449468,79.968647,1,0.996449
POS_003008,30.270833,78.682806,1,0.916577
POS_001091,29.72358,79.787135,1,0.574146
UK_NEG_02289,29.561898,79.090036,0,0.104976
UK_NEG_02992,30.585949,79.860386,0,0.001125
POS_001344,29.82722,80.11972,1,0.810097
POS_004717,30.810357,78.219713,1,0.998975
POS_004001,30.542311,78.795592,1,0.884391
UK_NEG_00290,30.455954,78.941858,0,0.346024
POS_003046,30.277028,79.1655,1,0.994352
UK_NEG_00378,30.510847,79.419283,0,0.028582
POS_005143,30.964776,78.432011,1,0.996389
POS_000646,29.512018,80.027571,1,0.959658
POS_003023,30.273444,79.216278,1,0.93868
POS_004465,30.693129,79.052537,1,0.060856
POS_004512,30.739722,78.355556,1,0.9992
UK_NEG_02176,31.260693,79.1902,0,0.001581
POS_003092,30.284571,78.600098,1,0.993405
UK_NEG_05425,30.01756,79.151839,0,0.004873
UK_NEG_01172,30.282477,78.377092,0,0.949778
UK_NEG_04664,30.53362,78.927918,0,0.057186
POS_003888,30.521894,77.939736,1,0.998047
POS_001746,29.935466,78.477362,1,0.929152
UK_NEG_03738,30.483002,78.751599,0,0.0029
POS_000431,29.440762,79.472619,1,0.998273
UK_NEG_02529,30.202672,80.973731,0,0.000646
POS_002480,30.084444,79.484722,1,0.998952
POS_002795,30.180611,79.221611,1,0.893274
UK_NEG_00800,29.163707,79.261811,0,0.001321
POS_002968,30.255889,79.218167,1,0.998109
POS_004107,30.570028,77.991389,1,0.991584
POS_002485,30.085407,79.913111,1,0.82665
UK_NEG_04398,29.063869,79.905402,0,0.026341
POS_001465,29.871857,78.608874,1,0.966281
UK_NEG_03618,29.151104,79.323753,0,0.001045
POS_004376,30.62975,79.217806,1,0.009884
UK_NEG_03761,30.183138,79.786143,0,0.002289
UK_NEG_03085,30.982406,78.27549,0,0.592892
UK_NEG_03139,31.061824,79.156011,0,0.005073
POS_002364,30.054285,80.216462,1,0.805669
UK_NEG_04213,29.725219,77.820799,0,0.000165
UK_NEG_01409,30.557995,78.764862,0,0.009894
UK_NEG_05345,30.939566,79.499035,0,0.002399
UK_NEG_00415,30.357618,78.057996,0,0.660962
POS_003913,30.526333,78.766528,1,0.844799
UK_NEG_00326,30.865892,79.63206,0,0.001202
POS_004713,30.808565,78.201884,1,0.822165
POS_002803,30.183029,77.913655,1,0.014455
POS_001068,29.708848,80.157662,1,0.923871
UK_NEG_04613,30.7732,79.790508,0,0.01079
UK_NEG_02104,30.645116,79.416304,0,0.062734
POS_001199,29.790972,79.161897,1,0.958462
POS_003358,30.359642,79.281293,1,0.948614
POS_004024,30.547806,78.802222,1,0.9638
POS_004885,30.858417,78.235619,1,0.75434
POS_004302,30.607694,78.594944,1,0.93181
UK_NEG_04323,30.069087,77.796294,0,0.000614
UK_NEG_04692,29.805511,80.196541,0,0.101173
UK_NEG_00301,29.814807,78.383013,0,0.00146
POS_003203,30.303963,78.874863,1,0.869265
POS_001668,29.917028,79.800139,1,0.941241
UK_NEG_01900,29.712773,79.493107,0,0.678093
POS_005105,30.94625,78.395611,1,0.324936
POS_002260,30.029958,79.88793,1,0.924054
POS_004820,30.845056,78.091889,1,0.99756
UK_NEG_00411,29.791102,80.28018,0,0.603731
POS_002944,30.246917,78.911231,1,0.99358
POS_000037,29.181197,80.03289,1,0.997876
UK_NEG_03026,30.300682,77.904748,0,0.020062
POS_002512,30.090722,79.526222,1,0.893102
UK_NEG_00760,30.870497,79.477705,0,0.001962
POS_003154,30.294583,79.084278,1,0.997366
POS_004761,30.827893,78.09893,1,0.930103
UK_NEG_02632,30.45746,77.809264,0,0.001188
POS_001644,29.913889,80.038889,1,0.951594
POS_002816,30.191133,78.623913,1,0.985895
UK_NEG_05460,30.022282,80.251808,0,0.025616
POS_004710,30.808008,78.154754,1,0.994714
POS_000683,29.519744,79.425581,1,0.985957
POS_002393,30.060492,79.265047,1,0.724743
POS_004490,30.7175,78.3508,1,0.984497
UK_NEG_05360,29.157194,79.040099,0,0.002038
UK_NEG_03087,29.08145,79.376304,0,0.000589
POS_000138,29.2728,79.560099,1,0.856586
UK_NEG_01931,29.965317,77.782107,0,0.001778
POS_003323,30.344536,78.629977,1,0.989178
POS_002885,30.223583,78.245917,1,0.903493
POS_002794,30.180513,78.796145,1,0.8668
UK_NEG_03550,31.004391,78.509812,0,0.001309
POS_000146,29.277049,80.123019,1,0.999469
POS_004142,30.579369,77.937831,1,0.930167
UK_NEG_02247,31.18587,78.629968,0,0.001505
UK_NEG_02801,30.090047,80.787674,0,0.013344
UK_NEG_04374,30.418823,79.449404,0,0.302942
UK_NEG_00101,30.296685,79.639565,0,0.004943
POS_001550,29.898287,78.622077,1,0.941707
POS_002496,30.08725,78.65246,1,0.663487
POS_004172,30.584983,78.826139,1,0.582718
UK_NEG_03437,30.505703,78.465213,0,0.737057
UK_NEG_00923,29.65415,79.990784,0,0.484268
UK_NEG_04302,29.742212,80.105529,0,0.133874
UK_NEG_04820,29.390795,78.922,0,0.00061
POS_000708,29.52546,79.419857,1,0.983499
UK_NEG_00738,29.600647,80.216771,0,0.66718
POS_002761,30.16,80.33,1,0.00153
POS_004082,30.564775,77.806857,1,0.997515
POS_004182,30.587028,78.825222,1,0.825389
POS_001721,29.929465,78.591501,1,0.934585
UK_NEG_01016,30.120586,80.064855,0,0.011229
UK_NEG_01854,30.187083,80.064375,0,0.001889
POS_002812,30.189785,78.794911,1,0.969177
POS_000438,29.444306,80.051639,1,0.834765
POS_001588,29.905394,78.829191,1,0.970459
POS_000926,29.63,78.93,1,0.97826
POS_000411,29.434478,79.492994,1,0.959816
UK_NEG_01011,30.025913,77.873563,0,0.001575
POS_004572,30.762778,78.362222,1,0.954338
UK_NEG_00199,30.339854,79.661189,0,0.004165
UK_NEG_00704,30.901685,79.732643,0,0.004255
UK_NEG_01034,29.884049,78.417554,0,0.835138
POS_002899,30.226901,79.298991,1,0.915324
POS_004054,30.558833,77.961181,1,0.9872
POS_000093,29.255361,80.100788,1,0.124245
UK_NEG_00558,29.983936,78.13426,0,0.901812
POS_005503,30.35608,78.31892,1,0.350548
UK_NEG_02689,30.638248,79.41006,0,0.001991
UK_NEG_01039,30.446485,80.419543,0,0.000935
UK_NEG_00298,29.630902,78.712209,0,0.461281
POS_003948,30.531963,79.083031,1,0.99883
POS_004678,30.793466,77.860249,1,0.930028
POS_003869,30.519218,78.34911,1,0.996708
UK_NEG_01060,30.423519,77.689257,0,0.002318
POS_001690,29.920583,80.099194,1,0.638679
UK_NEG_01176,30.072833,80.179088,0,0.004939
POS_002758,30.154972,78.615421,1,0.988741
POS_002488,30.08583,80.25278,1,0.760531
POS_002492,30.086561,78.577748,1,0.998383
POS_001361,29.831972,79.797556,1,0.78791
POS_001377,29.836583,79.780889,1,0.999428
UK_NEG_00120,30.942234,79.42461,0,0.001987
UK_NEG_02170,30.062838,80.19083,0,0.012579
POS_000807,29.560208,79.852006,1,0.843701
POS_002153,30.009277,78.811452,1,0.977858
UK_NEG_03330,29.772137,78.232389,0,0.003322
UK_NEG_04449,28.766782,79.929161,0,0.000603
POS_001701,29.922746,79.797079,1,0.942295
UK_NEG_00515,29.977963,79.654162,0,0.610457
POS_000187,29.297396,79.615822,1,0.931604
UK_NEG_03703,29.169477,79.587174,0,0.000909
UK_NEG_04933,29.393408,79.270033,0,0.051988
UK_NEG_01040,30.220512,78.943925,0,0.149101
POS_003774,30.488444,79.659556,1,0.987093
POS_004466,30.693473,78.029213,1,0.936643
POS_004375,30.629445,78.315891,1,0.99427
UK_NEG_01626,30.296857,79.712655,0,0.00752
POS_003676,30.448448,78.578149,1,0.534798
POS_002782,30.176248,78.939609,1,0.264275
POS_004064,30.561556,78.865333,1,0.043383
UK_NEG_04497,30.435694,79.820138,0,0.003815
UK_NEG_02605,29.74174,77.815114,0,0.000627
POS_004220,30.593833,78.613528,1,0.812372
UK_NEG_04024,30.145482,80.229594,0,0.215387
UK_NEG_00762,29.883999,80.526867,0,0.179134
POS_005209,30.064215,79.507343,1,0.680379
POS_003831,30.510412,79.137127,1,0.918402
POS_000498,29.461189,79.336127,1,0.949906
POS_000258,29.338,79.625,1,0.909911
UK_NEG_00490,29.459651,79.060626,0,0.00567
UK_NEG_00507,30.252681,79.774334,0,0.000656
UK_NEG_02315,30.693793,78.71085,0,0.042449
POS_003636,30.43098,78.644193,1,0.928934
UK_NEG_02488,30.94335,79.104015,0,0.001113
POS_000211,29.313056,79.553413,1,0.974535
POS_003124,30.289474,78.701422,1,0.912513
UK_NEG_02957,29.864859,80.131834,0,0.409041
POS_003310,30.341173,78.537244,1,0.912845
UK_NEG_01219,30.888592,79.788443,0,0.00292
POS_000376,29.408667,79.923472,1,0.856302
POS_004993,30.901111,78.325556,1,0.907617
UK_NEG_05087,30.224667,80.438054,0,0.000611
POS_005046,30.916437,78.230416,1,0.903303
UK_NEG_04371,29.995849,79.327978,0,0.535808
UK_NEG_01805,31.295547,79.163757,0,0.000388
POS_005330,30.123715,78.390011,1,0.999244
UK_NEG_04476,30.109362,77.923855,0,0.000716
POS_000459,29.452999,79.465617,1,0.984007
POS_005111,30.948083,77.806389,1,0.649544
UK_NEG_00831,31.033824,78.737028,0,0.011632
UK_NEG_01406,29.028331,79.372714,0,0.002028
UK_NEG_01806,29.42642,80.116169,0,0.085723
UK_NEG_01131,31.099197,78.403878,0,0.014288
POS_004747,30.822222,78.209722,1,0.884408
POS_002855,30.210774,79.381302,1,0.049556
POS_004843,30.848,78.2816,1,0.981778
UK_NEG_01486,29.700895,79.430547,0,0.234017
UK_NEG_02410,30.910675,79.499897,0,0.005536
UK_NEG_04397,30.787858,79.716083,0,0.003321
POS_001289,29.814,78.927,1,0.999011
POS_004347,30.624163,77.880344,1,0.991934
POS_002314,30.041083,79.609917,1,0.559911
UK_NEG_00279,30.313524,80.707798,0,0.001071
POS_000427,29.440417,80.228639,1,0.954001
POS_004942,30.885,78.6694,1,0.996172
UK_NEG_01672,29.059286,79.721743,0,0.000526
POS_002137,30.005079,80.138035,1,0.69696
POS_000663,29.515572,79.435206,1,0.982879
POS_003600,30.41597,78.122279,1,0.998492
UK_NEG_00434,30.820022,78.732031,0,0.008664
POS_001218,29.794747,79.186653,1,0.999036
POS_000008,29.147481,79.997854,1,0.652402
POS_004087,30.565674,77.850753,1,0.998817
POS_000435,29.441944,80.064028,1,0.933672
UK_NEG_01403,31.132917,78.424115,0,0.011031
UK_NEG_04133,30.82172,78.566075,0,0.007115
POS_003597,30.415114,78.185469,1,0.962916
UK_NEG_00907,29.288395,79.494709,0,0.978297
UK_NEG_00725,30.849966,78.340309,0,0.248253
UK_NEG_02549,29.885226,80.350556,0,0.779536
UK_NEG_02882,30.316246,80.425631,0,0.002167
UK_NEG_02787,30.557704,80.109658,0,0.002319
POS_005224,30.334904,79.320239,1,0.996855
POS_001768,29.942676,78.510382,1,0.972342
POS_002888,30.224323,78.632385,1,0.987903
UK_NEG_03780,30.126865,79.840214,0,0.07843
UK_NEG_04487,30.664085,79.955577,0,0.000653
UK_NEG_05265,29.171417,79.518983,0,0.003466
POS_000348,29.390089,79.641275,1,0.243666
POS_000218,29.316222,79.789056,1,0.273103
POS_003569,30.407239,78.701517,1,0.980524
POS_000241,29.325194,80.056417,1,0.654301
UK_NEG_01249,29.7096,79.5048,0,0.914388
POS_002171,30.013305,78.509492,1,0.959894
UK_NEG_03084,29.798141,78.478131,0,0.216264
UK_NEG_02824,29.916269,77.901472,0,0.000867
POS_004523,30.751503,78.272441,1,0.455376
UK_NEG_03421,30.292178,78.035212,0,0.064198
POS_004728,30.814167,78.1075,1,0.913936
POS_002414,30.064639,79.534667,1,0.941556
UK_NEG_03167,31.020287,78.114716,0,0.342931
POS_001753,29.939061,79.131868,1,0.825364
POS_004095,30.566889,78.811333,1,0.844634
UK_NEG_02299,30.337457,79.714709,0,0.005172
POS_001946,29.98,80.58,1,0.994808
POS_003431,30.380214,78.941573,1,0.998524
POS_003548,30.402238,78.590343,1,0.675178
POS_001492,29.881444,79.927639,1,0.8456
POS_005197,29.962495,80.016615,1,0.806648
UK_NEG_01633,29.466697,78.81149,0,0.000459
POS_000510,29.465026,79.362192,1,0.996809
UK_NEG_03071,30.619501,78.948885,0,0.114123
POS_003693,30.453383,78.694506,1,0.831212
UK_NEG_01639,31.094346,78.255273,0,0.044034
POS_005248,30.423175,78.072283,1,0.999051
POS_001146,29.766605,79.173346,1,0.64502
POS_000652,29.512797,80.039101,1,0.992103
UK_NEG_04067,30.878672,79.394102,0,0.00915
UK_NEG_03029,29.875958,80.270953,0,0.319422
UK_NEG_01688,29.740494,79.868107,0,0.315289
POS_003386,30.369667,78.587362,1,0.74104
UK_NEG_04342,30.259264,78.055931,0,0.02045
UK_NEG_03427,31.056242,78.256256,0,0.041424
POS_003854,30.515345,79.098693,1,0.949696
UK_NEG_01880,29.966014,78.34416,0,0.685642
UK_NEG_02576,30.46934,80.256745,0,0.003609
UK_NEG_02547,30.120164,79.979372,0,0.053879
UK_NEG_01345,30.375077,78.694472,0,0.075839
POS_000245,29.3283,79.650793,1,0.643676
UK_NEG_01291,28.9683,79.998145,0,0.001397
UK_NEG_02909,31.284726,79.182747,0,0.016618
POS_004511,30.739639,78.534361,1,0.874283
UK_NEG_02005,29.165978,80.242377,0,0.082892
UK_NEG_03608,28.753435,80.022972,0,0.002669
UK_NEG_04632,30.141479,80.617287,0,0.001279
POS_003048,30.2775,79.162917,1,0.966321
POS_004067,30.562296,77.861264,1,0.981876
POS_004402,30.637861,79.01071,1,0.350468
UK_NEG_00256,30.123153,78.536032,0,0.345059
POS_004462,30.689623,79.049163,1,0.119492
POS_003247,30.317637,78.758507,1,0.86396
UK_NEG_00701,29.199439,79.516627,0,0.003685
UK_NEG_04431,29.182648,79.227103,0,0.000646
POS_004701,30.804667,77.851889,1,0.927579
POS_001637,29.911984,79.417765,1,0.886276
POS_001207,29.792731,78.752357,1,0.617769
UK_NEG_03132,30.414974,78.250401,0,0.261979
UK_NEG_02311,30.669503,78.671922,0,0.017242
POS_004629,30.778895,78.606932,1,0.819902
POS_004866,30.854444,78.281667,1,0.992937
POS_002990,30.265806,78.686524,1,0.945711
POS_000086,29.252278,79.673045,1,0.996075
UK_NEG_02369,30.244784,78.037201,0,0.429543
UK_NEG_02376,29.268727,79.437438,0,0.001669
POS_001981,29.985722,79.996167,1,0.786016
UK_NEG_03078,29.336291,79.122657,0,0.000723
UK_NEG_02811,31.245923,78.28561,0,0.021828
POS_001873,29.965,80.31389,1,0.726136
UK_NEG_00020,30.910834,79.889022,0,0.001652
POS_001455,29.87,78.797,1,0.921712
POS_005083,30.931663,78.399319,1,0.696845
UK_NEG_00270,29.506222,79.637576,0,0.188346
UK_NEG_03531,29.699253,79.197957,0,0.29485
POS_002284,30.035699,78.795928,1,0.811505
UK_NEG_05280,29.09249,79.945535,0,0.016236
POS_002111,30.000972,79.568,1,0.989608
POS_004675,30.792421,78.118685,1,0.964746
UK_NEG_04924,30.87321,78.466829,0,0.381046
POS_004917,30.867858,78.064105,1,0.784767
POS_001673,29.918146,79.803131,1,0.769042
UK_NEG_05229,30.236456,80.403463,0,0.00286
POS_000733,29.5366,79.4069,1,0.824765
UK_NEG_00916,29.450973,79.046495,0,0.001898
UK_NEG_03069,30.083935,80.103715,0,0.032702
POS_002124,30.003242,80.145747,1,0.929665
POS_004875,30.855758,78.440762,1,0.957191
UK_NEG_01389,30.951286,79.056595,0,0.001366
POS_005294,30.122412,78.379989,1,0.959816
UK_NEG_02394,30.804713,79.302966,0,0.002114
UK_NEG_02415,30.302961,80.208519,0,0.020324
UK_NEG_02356,29.893989,80.469671,0,0.162052
POS_001752,29.938494,79.131991,1,0.89325
UK_NEG_04724,29.978007,77.929951,0,0.006524
POS_003031,30.27428,78.56724,1,0.723468
POS_003581,30.409133,78.922018,1,0.602158
POS_002931,30.242535,78.917691,1,0.944017
POS_001383,29.838648,78.980377,1,0.938427
UK_NEG_03843,30.326962,78.881325,0,0.782735
POS_004432,30.652842,77.842048,1,0.945108
UK_NEG_00479,31.18892,79.011975,0,0.001842
POS_002390,30.060354,79.884246,1,0.996326
UK_NEG_01122,31.025797,78.065198,0,0.218929
POS_002141,30.00648,78.666924,1,0.969041
UK_NEG_00553,30.713627,78.82318,0,0.004643
UK_NEG_03357,29.304668,78.795022,0,0.001607
POS_000230,29.319608,79.360541,1,0.412696
POS_003735,30.471929,79.512119,1,0.777558
UK_NEG_01351,31.239355,79.079736,0,0.003318
UK_NEG_04798,30.708201,79.505106,0,0.046226
UK_NEG_03245,29.940653,80.260716,0,0.084321
POS_004562,30.759775,78.420777,1,0.941707
POS_000049,29.197562,80.092079,1,0.996398
POS_002634,30.112512,78.684547,1,0.932472
POS_001314,29.821964,78.706875,1,0.960525
UK_NEG_02931,30.339837,79.658377,0,0.004448
POS_001969,29.984677,78.478837,1,0.982706
POS_002609,30.105917,78.575461,1,0.906471
UK_NEG_02214,30.414389,80.608346,0,0.000386
UK_NEG_04681,28.902451,79.593417,0,0.001066
POS_001184,29.78244,79.223968,1,0.998423
POS_005230,30.108792,79.429737,1,0.999687
UK_NEG_01251,29.84075,77.842619,0,0.001189
UK_NEG_00333,29.56473,79.04671,0,0.255669
UK_NEG_02119,30.388116,79.895995,0,0.031904
UK_NEG_04645,29.400356,80.130882,0,0.245569
UK_NEG_03047,30.195656,78.307429,0,0.489833
UK_NEG_03332,29.272813,78.943004,0,0.001011
POS_003083,30.28375,79.214361,1,0.983374
UK_NEG_04689,30.1055,80.707887,0,0.001477
UK_NEG_02588,29.780733,77.872044,0,0.000862
POS_001302,29.81725,79.79175,1,0.784649
POS_000890,29.603269,79.064462,1,0.89955
POS_001843,29.9597,78.497455,1,0.970761
POS_004580,30.764424,78.405914,1,0.782552
UK_NEG_01435,30.591508,78.925553,0,0.02662
POS_001029,29.684544,79.816555,1,0.866944
POS_004367,30.627444,78.99425,1,0.996085
UK_NEG_03708,29.950839,79.781006,0,0.816752
UK_NEG_04796,30.678875,77.853026,0,0.925409
POS_000393,29.422364,79.679933,1,0.186413
UK_NEG_00667,31.210574,79.204952,0,0.006557
UK_NEG_00611,30.843222,78.399676,0,0.202172
POS_000477,29.455857,79.481115,1,0.939982
POS_004197,30.590556,78.619472,1,0.744227
POS_000397,29.426775,79.32081,1,0.981956
UK_NEG_04072,30.702841,79.94721,0,0.050097
POS_000531,29.475896,79.899179,1,0.998595
UK_NEG_03314,30.462251,80.288416,0,0.001119
POS_005186,30.995633,77.928842,1,0.403446
UK_NEG_03691,28.972531,79.87864,0,0.000372
UK_NEG_03636,30.220266,78.981781,0,0.528784
POS_003926,30.528583,79.504,1,0.967493
POS_001531,29.893843,78.973332,1,0.728714
UK_NEG_02789,29.870435,79.073519,0,0.341044
UK_NEG_02370,30.314254,79.812489,0,0.00195
POS_000016,29.150924,79.996805,1,0.910013
POS_000116,29.265929,79.630572,1,0.945433
UK_NEG_05331,30.282855,78.064387,0,0.060525
POS_004139,30.578306,78.242694,1,0.979134
POS_001447,29.866313,78.769464,1,0.937102
UK_NEG_03200,29.268317,79.872898,0,0.125337
POS_000366,29.403914,79.384211,1,0.996731
POS_003711,30.458442,78.03489,1,0.899098
POS_004244,30.596056,78.699694,1,0.978289
UK_NEG_01294,30.631332,79.504105,0,0.060166
UK_NEG_04006,29.222278,79.179212,0,0.001556
POS_003101,30.285722,79.196194,1,0.765194
POS_003091,30.284537,78.99826,1,0.959499
POS_003401,30.373704,78.896325,1,0.744005
UK_NEG_02398,30.436282,78.284042,0,0.767886
UK_NEG_01359,30.093434,78.138764,0,0.001382
POS_001071,29.710019,80.182883,1,0.992817
POS_000321,29.374729,79.429801,1,0.996032
UK_NEG_01287,29.554186,78.698713,0,0.94669
POS_000360,29.402,79.403,1,0.863747
POS_003974,30.538194,78.799417,1,0.941831
POS_002221,30.020882,79.707188,1,0.86038
UK_NEG_04092,30.361545,79.947811,0,0.00076
UK_NEG_00968,30.253906,77.964693,0,0.007893
POS_002115,30.00187,78.828385,1,0.987991
POS_002522,30.092847,78.66717,1,0.957509
UK_NEG_04395,31.178704,78.511919,0,0.000505
UK_NEG_00175,30.678284,78.323051,0,0.558043
POS_003412,30.376082,78.523113,1,0.988441
POS_003683,30.450115,78.114774,1,0.504504
UK_NEG_00398,30.650373,79.862758,0,0.014955
POS_002556,30.096715,78.606093,1,0.989972
POS_001754,29.939591,78.600457,1,0.793663
UK_NEG_01682,29.841961,79.283176,0,0.443279
POS_003297,30.33458,78.725082,1,0.607913
POS_003579,30.409082,78.046124,1,0.98557
POS_001368,29.833591,79.045177,1,0.817052
POS_000239,29.323424,79.609972,1,0.161331
POS_001582,29.90333,80.31528,1,0.961481
UK_NEG_04757,29.687603,80.177648,0,0.319374
POS_004970,30.892917,78.239944,1,0.980133
UK_NEG_01013,28.885154,79.780492,0,0.002139
UK_NEG_02510,30.059758,80.757269,0,0.002257
POS_000216,29.315465,79.345577,1,0.570315
POS_001214,29.794162,79.43365,1,0.921817
POS_000482,29.457486,79.86446,1,0.99621
UK_NEG_04269,30.196299,79.042583,0,0.965042
UK_NEG_02807,30.369222,78.354424,0,0.588547
POS_001797,29.950771,79.144473,1,0.82878
POS_000704,29.5243,79.4211,1,0.833957
POS_003549,30.402349,78.51751,1,0.939473
UK_NEG_03548,30.714321,78.436804,0,0.717875
POS_003240,30.314861,79.310278,1,0.252319
UK_NEG_02813,30.138768,79.643678,0,0.130575
POS_004564,30.760108,78.449771,1,0.87963
UK_NEG_04659,30.14738,80.484915,0,0.002633
UK_NEG_02508,29.933843,78.924746,0,0.294428
POS_005261,30.899393,78.326543,1,0.79348
POS_000580,29.495737,80.112035,1,0.971841
POS_005200,29.983892,80.017852,1,0.39192
UK_NEG_00792,29.883841,77.939631,0,0.000617
POS_001121,29.754056,79.757611,1,0.897811
POS_000044,29.189279,80.107582,1,0.992419
POS_002833,30.197671,78.678978,1,0.944725
POS_000732,29.535843,79.421161,1,0.900009
UK_NEG_02481,30.18195,78.136862,0,0.002826
UK_NEG_04545,30.020768,77.794131,0,0.000765
UK_NEG_05074,30.19315,79.525734,0,0.01099
POS_000002,29.139732,80.073974,1,0.995891
UK_NEG_00201,30.526183,78.918545,0,0.655973
POS_004748,30.82273,78.206415,1,0.950043
UK_NEG_00757,31.1951,78.329454,0,0.007308
POS_002230,30.022814,78.819079,1,0.945187
POS_002948,30.248574,79.402567,1,0.977867
UK_NEG_04915,30.967627,78.804938,0,0.00043
UK_NEG_05370,30.909987,79.547542,0,0.002345
POS_002884,30.223417,78.237833,1,0.976274
UK_NEG_03440,30.773942,79.9848,0,0.001883
UK_NEG_03967,29.629405,78.981415,0,0.418745
POS_003922,30.528056,78.428333,1,0.836419
POS_000390,29.419853,79.393179,1,0.928661
POS_002214,30.02,80.3,1,0.99574
UK_NEG_00739,30.806284,79.491464,0,0.008436
POS_004094,30.566833,79.081778,1,0.907669
UK_NEG_04107,30.703347,78.817727,0,0.002257
UK_NEG_00525,30.768883,79.240484,0,0.001218
UK_NEG_05506,30.260278,79.375626,0,0.477979
UK_NEG_00005,30.275049,78.367365,0,0.454078
UK_NEG_00204,29.736926,78.162774,0,0.001019
POS_002252,30.028163,79.52309,1,0.365767
UK_NEG_05053,29.366387,79.685607,0,0.018243
POS_002938,30.244141,78.803797,1,0.985041
POS_005436,29.3536,79.4204,1,0.936114
UK_NEG_03226,30.403092,77.707579,0,0.002953
UK_NEG_02026,29.337407,80.286661,0,0.975736
POS_005133,30.960002,78.405005,1,0.755583
POS_002527,30.09319,78.791487,1,0.506035
UK_NEG_00238,30.228763,77.976835,0,0.331177
UK_NEG_04147,30.902582,78.553074,0,0.009365
POS_003308,30.340972,78.130833,1,0.992837
UK_NEG_00712,29.375018,80.222217,0,0.318439
UK_NEG_04604,29.245769,79.467089,0,0.002453
POS_000983,29.657609,78.984529,1,0.985018
POS_005268,30.89413,78.320981,1,0.996018
POS_002957,30.25133,78.930272,1,0.993065
UK_NEG_00243,29.859463,80.126433,0,0.915578
UK_NEG_01617,31.088472,79.339676,0,0.001494
UK_NEG_04196,29.848023,77.995301,0,0.003101
UK_NEG_03997,30.061509,78.697993,0,0.94159
POS_004957,30.889722,78.243056,1,0.87789
POS_004592,30.766959,78.101165,1,0.975863
POS_002678,30.122502,78.628444,1,0.910861
UK_NEG_01432,30.397828,79.545585,0,0.003122
POS_000208,29.310434,79.591749,1,0.993203
POS_005055,30.922385,78.384216,1,0.251706
UK_NEG_02105,30.865339,79.499517,0,0.001378
UK_NEG_01362,30.19772,80.647901,0,0.003309
POS_004610,30.772722,78.133694,1,0.856507
POS_001297,29.816631,79.183947,1,0.890192
UK_NEG_05384,31.094684,79.08188,0,0.004101
UK_NEG_03578,29.737751,79.300302,0,0.66001
UK_NEG_05108,29.731312,79.455027,0,0.838935
POS_004105,30.569572,78.025459,1,0.958449
POS_002062,29.994444,79.920833,1,0.131097
UK_NEG_04583,29.120401,79.01795,0,0.000609
UK_NEG_00964,30.375129,78.853732,0,0.365393
POS_003393,30.370715,78.897006,1,0.93907
UK_NEG_02027,31.173565,78.215255,0,0.070494
UK_NEG_00230,30.654431,79.125813,0,0.038298
UK_NEG_05002,30.147515,78.229849,0,0.001436
POS_002535,30.093629,79.634834,1,0.809879
POS_002817,30.191345,78.763184,1,0.994938
UK_NEG_03344,28.979899,80.040273,0,0.000904
POS_002154,30.009334,78.809129,1,0.963908
POS_002685,30.123623,78.619251,1,0.999192
POS_000625,29.508756,80.135713,1,0.97911
POS_000383,29.415458,79.406092,1,0.732742
POS_005278,30.651759,78.332371,1,0.996869
POS_000643,29.5119,80.049837,1,0.992596
POS_003707,30.455816,78.573498,1,0.954478
POS_003169,30.296583,79.202,1,0.93546
UK_NEG_02924,30.137067,78.531754,0,0.168226
POS_004032,30.5511,77.980476,1,0.99487
UK_NEG_00645,29.103199,79.223204,0,0.001626
UK_NEG_04823,30.985485,79.145226,0,0.002032
POS_004882,30.858,78.6463,1,0.703425
UK_NEG_00050,30.275946,77.938319,0,0.009156
POS_001606,29.907355,80.138828,1,0.884445
POS_004652,30.783828,77.837731,1,0.971868
POS_005008,30.904167,78.357778,1,0.488676
POS_005438,29.3565,79.4073,1,0.987921
POS_002520,30.092583,78.640972,1,0.99183
POS_003924,30.528519,78.01819,1,0.993561
UK_NEG_00734,30.355093,80.175558,0,0.005693
POS_002827,30.195477,79.301949,1,0.857577
POS_003055,30.278833,79.223278,1,0.954434
UK_NEG_01265,30.739701,77.728697,0,0.302119
POS_000335,29.379953,79.434826,1,0.99899
POS_005067,30.928067,78.393154,1,0.990511
POS_000232,29.320736,79.544461,1,0.953352
POS_000962,29.648109,78.975666,1,0.972513
UK_NEG_03570,30.977105,78.620204,0,0.001614
POS_005107,30.946596,77.814591,1,0.958489
POS_002374,30.056744,78.655905,1,0.79486
UK_NEG_04328,30.149995,80.298521,0,0.001716
UK_NEG_01740,30.580971,79.916334,0,0.002062
UK_NEG_02525,30.68229,78.538001,0,0.327409
UK_NEG_02254,30.243296,78.092836,0,0.016729
POS_002079,29.997274,79.03447,1,0.664958
UK_NEG_05173,30.734115,79.423049,0,0.009776
POS_000764,29.546833,79.794876,1,0.705954
POS_001699,29.922513,79.317131,1,0.975272
UK_NEG_01930,30.738518,79.304666,0,0.003161
POS_005215,30.541657,78.808432,1,0.93807
UK_NEG_00735,29.984129,78.029603,0,0.000302
UK_NEG_00855,29.136541,79.373452,0,0.000555
POS_005195,31.1,78.19,1,0.347664
UK_NEG_01319,31.198228,78.277089,0,0.001046
POS_005311,30.239138,78.682359,1,0.999813
POS_000535,29.47735,79.534649,1,0.966813
POS_004052,30.557673,77.847398,1,0.990598
UK_NEG_04986,29.805372,78.779668,0,0.280789
POS_000391,29.420083,79.32776,1,0.815706
UK_NEG_03147,31.083846,79.048908,0,0.001143
POS_000019,29.153992,80.055119,1,0.999043
POS_004844,30.848,78.2816,1,0.981778
POS_004498,30.721028,78.502417,1,0.788515
POS_002777,30.174114,78.587878,1,0.95996
UK_NEG_02115,30.946717,79.026143,0,0.003462
POS_004738,30.818276,78.22799,1,0.998719
UK_NEG_03909,30.48164,79.259319,0,0.641777
POS_000538,29.479721,79.629434,1,0.860602
POS_002611,30.106687,78.678821,1,0.986412
UK_NEG_05462,30.716579,79.664753,0,0.00038
UK_NEG_00180,30.083305,80.014625,0,0.010235
UK_NEG_02536,29.877581,80.495089,0,0.296741
UK_NEG_04485,29.67986,78.761186,0,0.0087
POS_000490,29.459313,79.866635,1,0.974743
POS_003110,30.286806,79.197583,1,0.966433
UK_NEG_05377,31.374455,79.052412,0,0.003998
POS_002273,30.032446,80.025715,1,0.622889
UK_NEG_00617,30.889172,79.282062,0,0.00153
UK_NEG_04529,30.027391,78.029948,0,0.004468
UK_NEG_01526,30.254429,79.350607,0,0.027255
UK_NEG_04992,31.092621,79.095463,0,0.000379
POS_002417,30.064949,78.547607,1,0.94335
POS_003947,30.531889,79.501917,1,0.981532
UK_NEG_00997,30.873219,79.988232,0,0.001514
UK_NEG_03333,29.889276,79.225817,0,0.398072
POS_000698,29.523083,79.587833,1,0.540129
UK_NEG_00992,29.799564,80.171726,0,0.878293
POS_005214,30.541698,78.805987,1,0.854486
POS_004620,30.776302,78.610469,1,0.514244
POS_005220,30.37265,78.585108,1,0.971725
POS_003514,30.397122,79.208642,1,0.996561
UK_NEG_01814,30.503876,79.44957,0,0.145971
UK_NEG_00688,30.250977,80.657747,0,0.038715
POS_001849,29.96,80.61,1,0.980742
POS_000949,29.641945,80.325487,1,0.981902
UK_NEG_01515,31.045238,78.117092,0,0.678844
POS_003921,30.527222,78.427778,1,0.96671
POS_004180,30.586889,78.825278,1,0.75767
UK_NEG_05084,30.136142,80.446703,0,0.005561
POS_001707,29.92417,78.622268,1,0.240631
POS_001884,29.967812,78.594752,1,0.879007
POS_002988,30.265378,78.755929,1,0.984206
POS_001663,29.916485,79.806394,1,0.936778
POS_002904,30.230083,78.567806,1,0.704669
POS_000628,29.509148,80.294816,1,0.850958
POS_002087,29.998585,78.545293,1,0.975666
UK_NEG_03000,30.5661,79.338917,0,0.002932
POS_002251,30.027766,78.537875,1,0.997335
UK_NEG_03595,29.58045,78.725769,0,0.002555
POS_005084,30.933009,78.401604,1,0.75551
POS_002544,30.094458,78.542779,1,0.974262
POS_001974,29.984737,79.990593,1,0.899676
UK_NEG_02768,30.341932,78.68852,0,0.551063
POS_004668,30.791257,78.120314,1,0.963499
UK_NEG_02923,29.415138,79.072667,0,0.002386
UK_NEG_00384,29.57158,78.782067,0,0.001183
POS_005342,29.973694,80.050806,1,0.992062
UK_NEG_05123,31.009625,77.9692,0,0.494029
POS_000322,29.375072,79.446425,1,0.996969
POS_002231,30.022861,79.878167,1,0.892686
UK_NEG_03714,30.894893,79.331587,0,0.002732
UK_NEG_00481,30.798251,78.904091,0,0.001272
UK_NEG_00482,30.695279,79.920216,0,0.001942
UK_NEG_03506,30.382672,80.310259,0,0.002711
POS_001362,29.832111,79.799056,1,0.772817
POS_000860,29.585772,80.348176,1,0.738287
POS_000495,29.460469,80.03078,1,0.753488
POS_004535,30.754722,78.478889,1,0.947139
UK_NEG_02516,30.39541,78.242886,0,0.307521
UK_NEG_02447,29.805606,78.79509,0,0.100644
UK_NEG_03733,30.549075,79.802834,0,0.006894
POS_003452,30.385,78.174694,1,0.95779
UK_NEG_00214,29.771089,78.437289,0,0.000961
POS_003996,30.541778,78.79475,1,0.985153
POS_000378,29.409112,79.633611,1,0.072604
UK_NEG_04199,30.356526,78.116448,0,0.93949
UK_NEG_01421,29.802916,80.004077,0,0.093699
POS_003896,30.523278,78.660861,1,0.642008
POS_001575,29.901688,79.741146,1,0.736892
UK_NEG_02295,30.948806,78.032404,0,0.327252
UK_NEG_01954,30.161882,78.474432,0,0.840851
POS_002517,30.092028,79.451444,1,0.997147
POS_004075,30.56335,77.810301,1,0.996851
UK_NEG_05222,29.861031,80.272468,0,0.438209
UK_NEG_01042,30.299869,80.394885,0,0.001124
POS_001977,29.98519,79.97277,1,0.98449
UK_NEG_04256,30.314467,80.453312,0,0.002342
POS_004083,30.564806,78.662194,1,0.701053
POS_005063,30.925906,77.89789,1,0.47221
POS_000103,29.261111,80.075056,1,0.995799
UK_NEG_03685,30.052185,78.896138,0,0.728519
UK_NEG_02000,29.559881,78.966931,0,0.100252
POS_000196,29.300528,80.081361,1,0.690187
POS_004121,30.573444,78.068917,1,0.844928
UK_NEG_00731,30.245717,80.720311,0,0.001082
UK_NEG_00990,28.855008,79.99488,0,0.00131
UK_NEG_00953,29.803253,78.990368,0,0.330963
UK_NEG_04179,30.389106,79.878862,0,0.010116
UK_NEG_05351,30.659111,78.77439,0,0.100555
POS_003563,30.40526,78.186293,1,0.973461
UK_NEG_03312,31.022874,78.173952,0,0.011346
POS_002402,30.061783,78.599259,1,0.998781
POS_003457,30.38558,78.759448,1,0.97075
POS_003087,30.28425,79.249194,1,0.988108
POS_004799,30.839833,78.247583,1,0.914837
POS_000906,29.61675,79.553917,1,0.515431
UK_NEG_02498,31.019249,78.32573,0,0.35722
UK_NEG_02865,29.313273,78.757583,0,0.000838
UK_NEG_00053,31.081973,79.236627,0,0.000885
UK_NEG_00439,29.037829,79.742807,0,0.000448
POS_002130,30.003796,78.807136,1,0.994335
POS_003765,30.486778,79.485306,1,0.999726
UK_NEG_01165,29.768852,77.871514,0,0.002021
UK_NEG_03968,29.111363,79.940073,0,0.263548
UK_NEG_03254,29.564602,80.104319,0,0.965373
UK_NEG_02016,30.046363,78.845306,0,0.904266
UK_NEG_05188,29.703244,80.214142,0,0.841247
UK_NEG_03918,30.606572,79.40106,0,0.005976
POS_002167,30.012381,80.179194,1,0.855602
POS_000024,29.160488,79.8837,1,0.985861
UK_NEG_03883,30.83102,78.323441,0,0.543883
UK_NEG_04651,28.890421,79.466637,0,0.001693
POS_000759,29.545642,79.197311,1,0.965921
POS_005104,30.946142,77.866121,1,0.999257
UK_NEG_05428,29.938579,79.539001,0,0.353452
UK_NEG_00635,29.43681,79.085884,0,0.003382
UK_NEG_04679,30.276504,77.890158,0,0.010792
POS_004597,30.767924,78.105341,1,0.924655
UK_NEG_01045,29.838445,78.076257,0,0.000954
POS_000055,29.208498,80.052922,1,0.985173
POS_003562,30.404874,78.513087,1,0.883593
POS_005058,30.923579,78.223732,1,0.847377
UK_NEG_00592,30.441289,80.13108,0,0.003879
UK_NEG_05139,30.119093,80.090187,0,0.265862
UK_NEG_04969,29.83403,80.24574,0,0.945213
UK_NEG_01557,29.945614,79.738896,0,0.492285
UK_NEG_00621,30.320645,80.518012,0,0.003605
POS_005219,30.443595,78.794277,1,0.563933
POS_004471,30.698313,78.075343,1,0.957311
UK_NEG_02649,30.35359,79.544862,0,0.0037
POS_005508,30.480058,79.468497,1,0.641467
POS_000712,29.52775,79.641333,1,0.629705
UK_NEG_03241,29.157464,79.118366,0,0.00047
POS_000602,29.501361,80.001683,1,0.902424
POS_002161,30.010958,78.809518,1,0.988995
UK_NEG_04937,30.907424,79.749245,0,0.001364
UK_NEG_02913,30.051476,79.149301,0,0.031196
UK_NEG_03003,31.37032,79.041503,0,0.000894
POS_002051,29.993444,79.906917,1,0.909557
POS_004774,30.832314,78.449786,1,0.989916
POS_000725,29.532394,80.254608,1,0.711664
POS_003191,30.302361,79.028833,1,0.988824
POS_002801,30.182768,78.792416,1,0.896283
UK_NEG_01307,31.014839,79.500823,0,0.000827
UK_NEG_04942,30.31068,80.763418,0,0.001434
UK_NEG_01518,29.511305,79.549464,0,0.403116
UK_NEG_01491,31.188976,78.169524,0,0.042333
UK_NEG_00152,29.322793,79.897323,0,0.31317
UK_NEG_03492,30.156434,80.773955,0,0.002086
UK_NEG_00225,29.524219,78.776867,0,0.000825
POS_000325,29.377241,79.49025,1,0.983865
UK_NEG_03651,28.885301,79.690997,0,0.001302
POS_004596,30.767667,78.101833,1,0.993598
UK_NEG_05256,29.738573,78.762676,0,0.067039
POS_000587,29.497892,79.998586,1,0.909334
UK_NEG_02655,30.17567,78.026348,0,0.001625
POS_000175,29.293488,79.623976,1,0.832208
UK_NEG_01358,30.871705,78.833226,0,0.00261
POS_002490,30.086306,79.613056,1,0.949829
UK_NEG_00263,30.344762,80.751916,0,0.001696
UK_NEG_01809,30.794236,79.364556,0,0.000984
UK_NEG_01844,30.277258,80.62776,0,0.000378
POS_003177,30.298139,79.053444,1,0.998709
POS_001339,29.826,78.977,1,0.984272
POS_003420,30.377186,78.160354,1,0.993704
UK_NEG_00581,29.122087,79.256167,0,0.001204
POS_003865,30.517598,79.099536,1,0.983318
UK_NEG_03038,30.196359,78.258851,0,0.628186
POS_001512,29.888754,78.742424,1,0.514816
POS_000781,29.551054,79.343474,1,0.852287
UK_NEG_02939,30.43364,79.453731,0,0.033416
POS_003470,30.387508,78.881425,1,0.758349
UK_NEG_02705,30.695108,79.599056,0,0.003319
UK_NEG_03199,30.372222,79.850463,0,0.002443
POS_002819,30.191983,78.771837,1,0.996277
POS_004292,30.605528,78.610944,1,0.840822
POS_003505,30.395202,79.212189,1,0.982634
UK_NEG_03036,29.729889,78.739368,0,0.038284
POS_001312,29.821338,79.075172,1,0.986683
UK_NEG_03260,31.142032,79.223085,0,0.001787
UK_NEG_02755,30.841842,79.240187,0,0.001358
POS_003373,30.366426,79.465683,1,0.663469
POS_002985,30.263932,78.67632,1,0.984429
POS_000858,29.584287,79.176148,1,0.959114
UK_NEG_01989,29.616338,79.697063,0,0.113693
POS_001529,29.893286,79.06062,1,0.885834
POS_003349,30.357029,78.955292,1,0.852416
POS_005049,30.917628,78.223462,1,0.866154
UK_NEG_02265,30.893609,78.761062,0,0.003166
UK_NEG_02937,29.132059,79.127704,0,0.00078
UK_NEG_04470,30.735209,78.895276,0,0.09032
POS_000454,29.452536,79.481161,1,0.720782
UK_NEG_03925,29.496983,80.245105,0,0.704578
POS_000323,29.376896,79.490523,1,0.994093
UK_NEG_00386,30.175318,80.182823,0,0.001291
UK_NEG_00981,30.526973,80.286334,0,0.004656
POS_001352,29.82931,78.526817,1,0.978235
UK_NEG_05362,30.307429,79.407762,0,0.216145
POS_002714,30.133604,78.897139,1,0.67401
POS_003761,30.484222,79.206306,1,0.015084
POS_000178,29.294189,79.612409,1,0.954936
POS_002112,30.001158,80.035049,1,0.807497
POS_005210,30.072107,79.498997,1,0.981989
POS_002909,30.233056,78.233111,1,0.6018
UK_NEG_01431,30.396453,80.345254,0,0.000931
UK_NEG_04625,30.970417,78.652242,0,0.004462
POS_003012,30.271528,79.066667,1,0.652374
UK_NEG_02003,29.698083,78.100219,0,0.00123
POS_005331,30.661636,79.034019,1,0.879734
POS_000207,29.309041,79.550677,1,0.977777
UK_NEG_03946,30.032328,79.993052,0,0.032636
POS_003463,30.386521,77.979554,1,0.904457
UK_NEG_04771,30.250218,80.138217,0,0.004323
UK_NEG_03880,28.840676,80.05199,0,0.000439
POS_003480,30.390556,79.200667,1,0.980482
POS_003366,30.363835,79.475815,1,0.757231
UK_NEG_00678,30.73514,80.161523,0,0.00104
POS_002125,30.003333,79.881667,1,0.815397
UK_NEG_03080,30.324802,78.474086,0,0.601056
POS_004305,30.608627,78.312432,1,0.983853
UK_NEG_03082,29.265528,79.514073,0,0.705581
POS_003424,30.378295,78.59193,1,0.993235
POS_001948,29.98,80.58,1,0.994808
POS_001633,29.911727,79.28194,1,0.917887
UK_NEG_01727,29.805179,78.253573,0,0.001503
POS_002410,30.064194,79.529833,1,0.898302
UK_NEG_03605,28.9682,79.789592,0,0.000745
POS_001240,29.8,78.893,1,0.953472
POS_004923,30.869366,78.186926,1,0.93571
POS_005030,30.908332,78.359242,1,0.898335
POS_002022,29.990306,79.925,1,0.773585
UK_NEG_00541,30.178264,77.990147,0,0.895644
POS_003267,30.324139,79.199056,1,0.931116
UK_NEG_04441,30.736426,79.883809,0,0.001002
UK_NEG_04654,30.458248,80.010501,0,0.002694
UK_NEG_01217,30.285451,80.501617,0,0.000997
POS_002293,30.03798,78.630798,1,0.974782
UK_NEG_00851,30.221895,80.933407,0,0.002231
POS_000928,29.630567,80.37987,1,0.668864
UK_NEG_04045,29.131167,79.280179,0,0.001054
UK_NEG_03815,30.212279,79.759996,0,0.012014
UK_NEG_00173,31.069113,79.046783,0,0.002543
POS_004687,30.797082,78.164209,1,0.954913
POS_001360,29.83161,78.897483,1,0.974314
POS_003760,30.483547,78.047174,1,0.965635
POS_002723,30.137111,79.715944,1,0.994684
UK_NEG_01010,31.246302,79.024212,0,0.006533
UK_NEG_02223,30.700434,80.121319,0,0.006553
POS_004757,30.825806,78.447389,1,0.957382
POS_002233,30.023392,79.700172,1,0.988163
POS_000857,29.581946,79.175371,1,0.996253
UK_NEG_02128,31.089579,79.069783,0,0.002068
POS_005487,30.55875,79.054722,1,0.982122
UK_NEG_01233,30.394205,80.170814,0,0.002461
POS_000090,29.252889,80.067556,1,0.999566
POS_000974,29.654359,79.210911,1,0.893331
UK_NEG_00417,30.486285,80.008467,0,0.000735
UK_NEG_00344,30.751893,80.068181,0,0.00329
UK_NEG_04412,31.389953,79.105952,0,0.003986
UK_NEG_01209,30.190505,78.729708,0,0.898491
UK_NEG_02053,29.74458,80.14469,0,0.260117
UK_NEG_05493,30.720605,78.924284,0,0.001218
POS_000403,29.431331,79.298088,1,0.821705
POS_003443,30.382947,78.764732,1,0.893787
POS_001328,29.824833,79.740889,1,0.954196
UK_NEG_05251,30.469403,80.068866,0,0.003204
UK_NEG_00952,30.847183,79.552146,0,0.000942
UK_NEG_00112,30.399856,80.502831,0,0.003201
UK_NEG_00491,30.22018,80.561619,0,0.000823
POS_005285,30.117244,79.405555,1,0.873814
POS_002059,29.993889,79.936972,1,0.665161
POS_000494,29.460453,80.031986,1,0.945738
POS_005234,30.076111,78.520722,1,0.998002
POS_004356,30.625667,78.990028,1,0.953722
POS_000617,29.506008,80.292774,1,0.978556
UK_NEG_04088,30.166879,78.379034,0,0.528034
POS_000651,29.512611,80.010683,1,0.973242
UK_NEG_05436,30.902214,78.645614,0,0.007942
POS_004705,30.806944,78.151111,1,0.603797
UK_NEG_05328,30.290087,80.400814,0,0.001038
POS_000563,29.48947,79.914678,1,0.570291
UK_NEG_00995,30.387021,79.467495,0,0.01414
UK_NEG_00955,29.896702,79.61312,0,0.98291
POS_002060,29.993923,79.93375,1,0.990795
UK_NEG_03043,29.72216,78.699247,0,0.056728
UK_NEG_03706,30.218452,80.771861,0,0.003055
UK_NEG_01998,31.148837,78.578847,0,0.012147
POS_001649,29.914489,78.394409,1,0.924581
UK_NEG_02230,30.958727,79.67548,0,0.000726
POS_003027,30.273956,79.605988,1,0.90179
UK_NEG_04433,30.205986,78.975853,0,0.958701
UK_NEG_00705,30.410381,79.981985,0,0.003676
POS_005021,30.906134,78.334416,1,0.71004
POS_004586,30.765778,78.314638,1,0.814581
POS_001293,29.815385,79.728751,1,0.993981
POS_003288,30.330889,79.315389,1,0.990766
UK_NEG_03425,30.023464,79.386658,0,0.045386
POS_002460,30.078205,79.530003,1,0.366656
POS_001844,29.959707,79.184362,1,0.740882
POS_004611,30.772722,78.368278,1,0.905417
UK_NEG_02269,30.762482,79.886172,0,0.002943
UK_NEG_01760,30.656123,78.75053,0,0.020998
UK_NEG_01642,28.994763,79.372348,0,0.001253
UK_NEG_04349,29.729045,79.309073,0,0.689215
POS_004489,30.7175,78.3508,1,0.975859
POS_000736,29.537484,79.163298,1,0.727591
POS_002398,30.061306,79.522167,1,0.942292
POS_000973,29.654072,78.923326,1,0.273776
UK_NEG_01429,30.729513,78.112163,0,0.959773
UK_NEG_02004,30.943163,78.755911,0,0.001837
UK_NEG_02405,30.044429,78.060382,0,0.590278
POS_003487,30.391191,78.828239,1,0.767976
UK_NEG_00313,29.379838,79.171106,0,0.015526
POS_001181,29.780556,79.517528,1,0.606924
POS_004021,30.546808,78.808439,1,0.722483
POS_000783,29.551481,80.341195,1,0.989672
UK_NEG_01845,31.130874,78.307214,0,0.027599
POS_001857,29.96153,78.714932,1,0.993879
UK_NEG_00351,30.337525,78.885669,0,0.197634
POS_004960,30.890401,78.240413,1,0.870589
POS_000691,29.520998,79.191923,1,0.88192
UK_NEG_00244,29.54071,80.185034,0,0.12882
POS_001160,29.770984,79.117456,1,0.428962
UK_NEG_00419,30.719279,78.955606,0,0.001444
UK_NEG_00930,29.786277,78.484999,0,0.391984
POS_002947,30.24853,78.599226,1,0.638669
UK_NEG_04129,29.965661,79.528297,0,0.107188
UK_NEG_03887,30.328082,80.268206,0,0.001103
POS_005368,30.328639,78.316306,1,0.542439
UK_NEG_00343,30.932473,78.269838,0,0.152576
POS_005448,29.380077,79.491868,1,0.997601
UK_NEG_03874,29.551145,78.951732,0,0.002361
UK_NEG_02804,30.077699,77.803751,0,0.000861
UK_NEG_04434,30.518922,79.950675,0,0.002196
POS_005284,30.258675,79.222849,1,0.9927
POS_003995,30.541667,78.489722,1,0.6014
UK_NEG_04003,29.842673,78.090567,0,0.001712
UK_NEG_03193,30.014941,79.81921,0,0.066708
UK_NEG_03329,29.585421,79.486292,0,0.821243
POS_001069,29.708986,79.917301,1,0.870552
POS_002071,29.996708,79.565403,1,0.976463
UK_NEG_00839,31.186799,79.034572,0,0.0016
POS_004919,30.86831,78.187182,1,0.932298
POS_002963,30.254054,78.729708,1,0.971419
POS_001661,29.916289,79.326608,1,0.75617
UK_NEG_00761,30.005047,77.859461,0,0.001006
UK_NEG_04873,30.490285,79.521326,0,0.11942
POS_004012,30.544861,78.802306,1,0.996702
POS_003139,30.291695,78.97762,1,0.991248
UK_NEG_02381,30.002273,79.654459,0,0.676875
UK_NEG_02885,29.094669,79.375399,0,0.000968
UK_NEG_01017,29.601747,80.21898,0,0.864095
POS_003731,30.470084,77.924508,1,0.981802
POS_001197,29.790098,78.676243,1,0.06247
UK_NEG_04996,30.87041,79.193934,0,0.002352
UK_NEG_01637,30.266139,79.488876,0,0.905148
UK_NEG_04987,30.455459,79.612857,0,0.001921
UK_NEG_02296,30.329164,79.748045,0,0.003057
UK_NEG_01275,30.040329,78.42695,0,0.132706
UK_NEG_01830,31.320112,79.092852,0,0.00383
POS_003159,30.295086,78.806315,1,0.749669
POS_000237,29.323184,80.059396,1,0.570695
POS_004031,30.551057,77.823963,1,0.967297
UK_NEG_02972,29.640296,79.680121,0,0.323265
POS_000257,29.337726,79.516155,1,0.986774
POS_005310,30.239138,78.682359,1,0.999813
UK_NEG_04944,29.916916,80.221694,0,0.78367
UK_NEG_00911,30.027433,78.107458,0,0.131055
UK_NEG_05358,30.822604,79.707033,0,0.002882
POS_003910,30.526194,77.990222,1,0.986194
UK_NEG_00530,30.494581,79.379847,0,0.094155
UK_NEG_00332,30.341852,80.207748,0,0.015487
POS_002635,30.112649,79.097002,1,0.227944
POS_001346,29.827877,79.058041,1,0.998758
POS_001040,29.689263,79.072339,1,0.993483
UK_NEG_01831,30.945773,79.068547,0,0.02366
POS_003612,30.421774,78.635116,1,0.961667
POS_000364,29.403558,79.971503,1,0.920915
UK_NEG_00618,30.232027,78.99239,0,0.894465
UK_NEG_00245,29.762827,78.791963,0,0.760019
POS_000197,29.301514,79.633014,1,0.86752
UK_NEG_00307,30.701654,79.723439,0,0.007253
POS_004718,30.811257,78.218495,1,0.999017
POS_001780,29.945136,78.509719,1,0.738285
POS_000113,29.264742,79.563462,1,0.499216
POS_004003,30.5425,78.795917,1,0.975639
UK_NEG_00455,30.742914,77.798737,0,0.037443
UK_NEG_01114,30.758314,77.975655,0,0.012531
UK_NEG_02400,31.138199,78.568073,0,0.087103
POS_001369,29.833835,78.710154,1,0.99766
UK_NEG_02413,29.454211,79.838878,0,0.66796
POS_001122,29.755267,79.931504,1,0.763705
POS_001483,29.878444,79.898639,1,0.929656
UK_NEG_01154,30.780514,79.673975,0,0.003398
UK_NEG_03902,30.379849,80.289373,0,0.001954
POS_000855,29.580121,79.338157,1,0.988116
POS_000887,29.600583,79.653333,1,0.313586
UK_NEG_00925,29.910941,80.224406,0,0.898713
UK_NEG_03164,30.821911,79.911889,0,0.001583
POS_005206,29.967962,79.900755,1,0.999307
POS_003775,30.488694,79.093639,1,0.954905
POS_001179,29.779699,79.502572,1,0.990978
UK_NEG_02942,30.934581,78.782753,0,0.005573
UK_NEG_04012,30.102514,80.204881,0,0.010753
POS_003100,30.285389,79.200444,1,0.95413
UK_NEG_00529,30.322087,78.631499,0,0.886656
POS_005231,30.085636,79.469557,1,0.987508
UK_NEG_00046,30.679322,77.859712,0,0.880759
POS_003983,30.539528,78.791278,1,0.708963
POS_000631,29.509563,80.01437,1,0.965643
UK_NEG_01159,30.597069,79.690935,0,0.000605
POS_005430,29.3207,79.365417,1,0.991187
UK_NEG_00357,29.092776,79.224017,0,0.002102
POS_003918,30.526806,78.571878,1,0.971158
UK_NEG_03238,30.65202,79.598549,0,0.014745
UK_NEG_02193,28.993692,79.693975,0,0.000796
UK_NEG_04674,30.091652,79.318453,0,0.08569
UK_NEG_01400,31.13026,78.210228,0,0.041861
POS_005003,30.903658,78.350922,1,0.910669
POS_000756,29.545565,80.306717,1,0.997445
UK_NEG_00136,30.238142,79.906465,0,0.013104
UK_NEG_04580,29.097426,79.620164,0,0.00193
POS_003291,30.331159,78.955059,1,0.765944
UK_NEG_05183,30.337901,78.198389,0,0.846334
UK_NEG_00131,29.166183,80.235802,0,0.243322
POS_003385,30.369167,79.200917,1,0.409234
POS_000381,29.410766,79.517304,1,0.400015
UK_NEG_02528,30.739142,79.732893,0,0.001282
UK_NEG_05195,29.590718,78.851761,0,0.001028
POS_000891,29.604733,80.337558,1,0.950817
POS_001259,29.806667,79.980556,1,0.96765
POS_000931,29.631806,80.385531,1,0.634942
POS_003190,30.302234,78.60649,1,0.937133
POS_005139,30.963001,78.428537,1,0.863484
POS_000462,29.453649,80.0921,1,0.705398
UK_NEG_03056,30.036593,79.015638,0,0.058609
UK_NEG_05337,29.140466,79.716754,0,0.004093
POS_003648,30.436594,78.041464,1,0.999204
UK_NEG_05449,31.05035,78.716123,0,0.00412
POS_000806,29.558934,79.39725,1,0.949251
UK_NEG_00982,30.00342,79.342031,0,0.777946
POS_003435,30.381528,78.790101,1,0.899046
UK_NEG_01463,30.819539,78.997515,0,0.003205
UK_NEG_01305,31.274424,78.954008,0,0.001154
UK_NEG_01648,29.173441,79.474365,0,0.002315
UK_NEG_05217,29.850751,78.926661,0,0.334309
UK_NEG_03653,30.761727,79.389818,0,0.028057
POS_002291,30.037366,79.891929,1,0.38903
UK_NEG_04810,29.051836,79.387812,0,0.001121
UK_NEG_01697,28.99807,79.448785,0,0.000747
UK_NEG_03066,31.029792,78.180767,0,0.017157
POS_001879,29.965785,79.33716,1,0.962687
UK_NEG_04187,31.019704,78.021953,0,0.605029
UK_NEG_04430,29.278369,78.921577,0,0.000501
UK_NEG_01187,30.288854,77.974311,0,0.075065
UK_NEG_03666,29.917253,78.253757,0,0.010967
UK_NEG_03776,29.593473,80.002099,0,0.670206
POS_003768,30.487333,79.684429,1,0.975163
POS_003261,30.322111,79.205222,1,0.775783
UK_NEG_00366,29.986934,78.87257,0,0.814244
POS_002560,30.097367,79.860172,1,0.998912
UK_NEG_02672,30.602209,80.136459,0,0.000724
UK_NEG_01104,29.766679,78.908212,0,0.213011
UK_NEG_02989,30.760484,78.710034,0,0.004884
POS_000483,29.457658,80.017073,1,0.965195
POS_003260,30.321639,79.016611,1,0.708468
POS_001748,29.937611,79.765083,1,0.982524
UK_NEG_00591,29.740577,79.341452,0,0.508219
UK_NEG_03584,30.858206,79.752832,0,0.000303
POS_003305,30.34,79.29,1,0.666533
POS_005255,30.502306,78.015222,1,0.981642
UK_NEG_02270,30.776472,79.245567,0,0.001094
POS_004552,30.758422,78.366782,1,0.854735
POS_000768,29.547457,79.850327,1,0.580886
POS_002912,30.235788,78.513422,1,0.969956
UK_NEG_00409,28.909609,79.866952,0,0.000572
UK_NEG_03023,30.100166,79.121869,0,0.062511
POS_001611,29.907742,80.132416,1,0.882939
UK_NEG_02773,30.51467,80.141554,0,0.000361
UK_NEG_03081,30.25233,79.033696,0,0.094468
POS_003613,30.422083,78.594472,1,0.970062
UK_NEG_05067,30.368063,77.897195,0,0.013981
UK_NEG_03528,30.873899,79.893411,0,0.001474
UK_NEG_01939,30.713194,79.616684,0,0.000673
POS_000003,29.142636,79.958384,1,0.935382
POS_001461,29.871163,78.593039,1,0.875002
POS_000017,29.15121,79.975785,1,0.828477
POS_001919,29.97476,78.526085,1,0.927472
POS_003656,30.44125,79.07475,1,0.980843
UK_NEG_01756,31.204551,79.004917,0,0.003805
POS_004308,30.609333,78.599917,1,0.992599
POS_003102,30.285806,79.152389,1,0.995627
UK_NEG_05313,30.300208,80.317646,0,0.027315
UK_NEG_00815,30.889065,78.477059,0,0.113265
UK_NEG_02563,30.13062,79.152466,0,0.183993
UK_NEG_05471,30.864369,78.382707,0,0.067517
POS_001125,29.75579,79.019591,1,0.968273
POS_001051,29.692393,78.915386,1,0.771483
POS_001615,29.908426,78.785802,1,0.993755
UK_NEG_03830,31.014035,78.814706,0,0.004245
UK_NEG_05035,29.988686,77.867137,0,0.0011
POS_002755,30.15349,78.599549,1,0.903086
UK_NEG_04831,31.168303,79.236024,0,0.001304
UK_NEG_04075,29.635801,78.021848,0,0.000804
POS_005297,30.076641,78.497295,1,0.854281
POS_004621,30.776389,78.374861,1,0.938291
UK_NEG_02704,30.057444,78.754289,0,0.908365
UK_NEG_04290,30.577103,79.799091,0,0.018847
POS_001111,29.747642,78.780745,1,0.94686
POS_003025,30.273643,79.16643,1,0.99572
POS_001285,29.813,78.904,1,0.956518
UK_NEG_03216,28.93505,79.672457,0,0.00026
UK_NEG_05354,29.082408,79.89852,0,0.129672
UK_NEG_03274,30.385956,78.430287,0,0.891092
POS_000604,29.502053,79.420426,1,0.966064
POS_004903,30.862929,78.295156,1,0.995056
POS_001922,29.976262,78.781953,1,0.896486
UK_NEG_00070,30.459711,77.729587,0,0.003084
POS_004914,30.866111,78.198611,1,0.410631
POS_004616,30.773713,78.45239,1,0.852951
POS_001594,29.906586,80.142172,1,0.646045
UK_NEG_02758,28.783722,80.032509,0,0.000401
UK_NEG_02276,30.6176,79.847064,0,0.00642
UK_NEG_01667,30.835906,78.854167,0,0.001212
POS_004768,30.829914,78.450254,1,0.952016
UK_NEG_04707,29.668984,79.513271,0,0.37541
POS_001894,29.969474,79.235886,1,0.675623
UK_NEG_01803,29.617517,80.212029,0,0.122979
POS_003112,30.287389,79.196639,1,0.975794
UK_NEG_03518,30.362079,78.65409,0,0.650911
POS_004798,30.839741,78.252093,1,0.791374
UK_NEG_04537,30.727408,79.559562,0,0.000803
POS_003791,30.497546,78.612872,1,0.948099
POS_000342,29.384252,79.494379,1,0.975631
POS_000425,29.438444,80.022806,1,0.993918
POS_004333,30.619056,78.089278,1,0.791456
POS_002965,30.254282,78.641465,1,0.949178
UK_NEG_01656,30.680199,78.679546,0,0.137856
UK_NEG_01105,29.629446,80.212055,0,0.855965
UK_NEG_01876,30.039105,78.360859,0,0.491803
UK_NEG_04405,30.81372,78.411726,0,0.322452
UK_NEG_05365,30.373794,79.716719,0,0.006149
UK_NEG_02932,29.838278,78.119503,0,0.002141
UK_NEG_02073,30.168226,79.443132,0,0.125083
POS_001066,29.705019,80.260126,1,0.850435
UK_NEG_00283,30.776768,79.070375,0,0.019814
UK_NEG_01398,30.27846,78.463525,0,0.796725
POS_001227,29.795449,78.595989,1,0.968962
POS_004803,30.840359,77.82934,1,0.994507
UK_NEG_01413,28.976466,79.888576,0,0.000639
POS_005410,30.037747,80.755347,1,0.978279
UK_NEG_02048,30.972548,78.802351,0,0.002416
POS_005332,30.649708,79.024394,1,0.274694
UK_NEG_00422,30.687358,79.689092,0,0.000734
UK_NEG_00623,30.144969,80.664485,0,0.011659
UK_NEG_00141,31.142164,79.225255,0,0.002496
POS_001718,29.928281,79.416141,1,0.972347
UK_NEG_01171,30.27352,80.559297,0,0.010696
UK_NEG_02888,30.391464,80.686771,0,0.006356
UK_NEG_02875,30.93034,78.810188,0,0.004928
UK_NEG_04094,30.167807,80.218761,0,0.012639
POS_001232,29.797,78.877,1,0.906651
UK_NEG_02436,29.643025,79.359155,0,0.838542
UK_NEG_03489,30.662081,78.929933,0,0.065742
POS_002612,30.106909,78.680349,1,0.811714
POS_003263,30.323528,79.199389,1,0.994946
POS_000692,29.521163,79.406882,1,0.9971
UK_NEG_00423,30.663647,78.687285,0,0.228528
POS_003388,30.369968,78.562373,1,0.871902
UK_NEG_00770,29.780582,80.124949,0,0.88215
POS_001270,29.809027,78.60608,1,0.89441
UK_NEG_05511,30.958728,78.896561,0,0.000874
UK_NEG_03808,29.441987,79.703287,0,0.058162
UK_NEG_00921,30.156615,79.6681,0,0.08008
UK_NEG_05470,29.843126,78.6229,0,0.853863
POS_001997,29.987778,79.953889,1,0.525881
UK_NEG_04494,29.835495,78.149774,0,0.003451
UK_NEG_05270,29.922263,78.12962,0,0.001564
POS_003075,30.282722,79.212444,1,0.938281
POS_002147,30.00804,80.078535,1,0.998026
UK_NEG_02638,29.100344,80.069728,0,0.004125
UK_NEG_02420,29.703317,79.418077,0,0.64289
POS_002807,30.187087,78.812486,1,0.918219
UK_NEG_00514,30.099116,80.794769,0,0.001736
UK_NEG_04888,30.297564,80.817135,0,0.00251
UK_NEG_04450,30.788967,80.164704,0,0.003407
UK_NEG_04635,29.249717,79.426281,0,0.001476
UK_NEG_01117,29.778567,78.155112,0,0.000739
UK_NEG_02093,29.035406,79.888696,0,0.000488
POS_003292,30.331361,78.554194,1,0.989881
POS_002502,30.08848,78.657891,1,0.83885
UK_NEG_01918,29.25834,79.979325,0,0.288008
UK_NEG_03715,30.383735,79.937884,0,0.077264
POS_001869,29.963892,79.903417,1,0.918625
UK_NEG_02646,28.984971,79.595338,0,0.001082
UK_NEG_01596,30.722056,79.487128,0,0.002901
UK_NEG_00568,30.721221,78.775323,0,0.002731
UK_NEG_02421,30.859958,79.893365,0,0.005188
POS_000845,29.572519,79.16607,1,0.986326
UK_NEG_03973,31.041243,79.003247,0,0.088552
UK_NEG_01070,31.032697,79.348419,0,0.001372
POS_001982,29.985785,78.476349,1,0.873306
UK_NEG_02468,31.023543,78.510505,0,0.000654
POS_001698,29.922119,78.79868,1,0.994831
UK_NEG_01650,30.893402,79.215783,0,0.005537
UK_NEG_01349,30.945055,79.245813,0,0.006
UK_NEG_00144,30.199285,80.527946,0,0.033808
UK_NEG_03599,28.880255,79.475575,0,0.002465
UK_NEG_01571,29.450286,80.120973,0,0.758769
UK_NEG_01143,31.150428,78.448044,0,0.000667
UK_NEG_02891,29.706052,80.101759,0,0.678836
POS_003550,30.402361,78.212722,1,0.961379
POS_004510,30.738889,78.456944,1,0.902381
POS_001833,29.958225,79.971778,1,0.716349
POS_004966,30.892222,78.313611,1,0.955329
POS_005017,30.905278,78.679444,1,0.650732
UK_NEG_04082,29.971287,79.293538,0,0.580871
UK_NEG_04095,30.951701,77.91945,0,0.792495
UK_NEG_02149,31.033788,79.419556,0,0.002133
UK_NEG_05422,29.363206,79.809481,0,0.222461
UK_NEG_00721,29.036114,79.817787,0,0.000924
POS_003841,30.51361,77.976774,1,0.979975
UK_NEG_04546,30.361002,80.491644,0,0.002434
POS_001350,29.829043,78.681199,1,0.952749
UK_NEG_02160,30.067672,80.721527,0,0.019023
UK_NEG_04353,29.919646,79.513088,0,0.385077
UK_NEG_03184,29.303154,79.149315,0,0.000764
UK_NEG_04162,31.134723,78.571676,0,0.001158
UK_NEG_01992,28.985708,79.909412,0,0.000724
UK_NEG_02274,31.057648,77.967521,0,0.052863
UK_NEG_05104,30.983839,79.533347,0,0.001091
UK_NEG_05512,30.243914,80.976225,0,0.004659
UK_NEG_00157,30.389745,77.715418,0,0.001728
UK_NEG_04469,30.834384,78.941698,0,0.005733
POS_003186,30.300904,78.71809,1,0.999055
UK_NEG_01561,29.572886,78.710532,0,0.00508
UK_NEG_02486,29.399827,79.585819,0,0.403395
UK_NEG_01373,30.173287,80.664789,0,0.012172
UK_NEG_04712,29.65379,79.972747,0,0.951881
UK_NEG_03162,29.855997,78.283126,0,0.00244
UK_NEG_01711,29.401447,80.128972,0,0.028443
POS_000504,29.462623,79.478482,1,0.984313
POS_002586,30.100807,79.675323,1,0.882248
UK_NEG_02219,29.131147,79.202314,0,0.004424
UK_NEG_04846,30.812998,77.966312,0,0.10719
UK_NEG_04667,30.10914,78.847918,0,0.791198
UK_NEG_02194,29.152214,80.2234,0,0.106727
POS_003483,30.390838,78.818987,1,0.967587
POS_002455,30.075333,79.583028,1,0.966284
UK_NEG_00456,30.402972,77.758869,0,0.00288
UK_NEG_02467,30.324378,79.356525,0,0.613851
UK_NEG_04052,29.216457,79.065627,0,0.002288
POS_001020,29.679059,79.067813,1,0.995887
UK_NEG_01937,29.212314,79.240881,0,0.000861
UK_NEG_03214,29.168286,79.525221,0,0.001689
UK_NEG_04505,29.828245,78.357003,0,0.0765
UK_NEG_04250,29.762241,79.799387,0,0.745661
UK_NEG_03707,28.999254,80.061158,0,0.003436
UK_NEG_04332,30.853222,79.612651,0,0.001331
POS_003232,30.310022,79.325443,1,0.993362
UK_NEG_02159,29.846045,77.831357,0,0.00346
UK_NEG_04452,30.230212,77.966529,0,0.645723
POS_004297,30.606417,78.639278,1,0.998005
POS_003430,30.380179,78.938848,1,0.892976
UK_NEG_03541,29.599712,79.515247,0,0.721295
POS_000721,29.530216,79.414949,1,0.903968
UK_NEG_04826,29.821104,78.429243,0,0.922549
POS_001033,29.686914,80.256746,1,0.960865
POS_005402,29.829611,80.180528,1,0.530178
POS_000693,29.521563,79.179942,1,0.987134
UK_NEG_04670,28.991052,79.386424,0,0.00079
POS_004279,30.602293,79.177128,1,0.969086
UK_NEG_01941,30.737193,79.822913,0,0.001566
UK_NEG_00325,29.715394,79.74177,0,0.119752
POS_003822,30.508879,79.083971,1,0.880347
POS_003716,30.462861,79.153056,1,0.573048
POS_001438,29.862501,78.723117,1,0.915775
UK_NEG_03092,30.860556,78.761212,0,0.007435
POS_004425,30.650344,79.522799,1,0.966828
POS_004388,30.634056,77.875555,1,0.57624
POS_002918,30.23773,78.862685,1,0.833477
UK_NEG_00142,30.695462,80.063319,0,0.003878
POS_004280,30.602333,78.515278,1,0.808717
POS_001935,29.978842,78.401747,1,0.972691
POS_000472,29.455314,80.046745,1,0.886359
POS_005346,29.676944,80.271611,1,0.987817
POS_003392,30.370712,78.995829,1,0.997487
UK_NEG_04005,30.14399,80.212474,0,0.170133
POS_000676,29.518165,79.480328,1,0.999026
UK_NEG_02663,31.079726,78.884562,0,0.005328
UK_NEG_00961,29.726187,80.128496,0,0.477397
POS_002204,30.017883,78.659361,1,0.704876
POS_004861,30.85226,78.47213,1,0.385754
POS_000105,29.26172,80.098061,1,0.994801
POS_004877,30.856428,78.246646,1,0.770393
POS_002442,30.071784,78.985788,1,0.370361
POS_000715,29.528231,79.483996,1,0.881908
UK_NEG_02533,29.685623,78.133127,0,0.000709
UK_NEG_04277,29.392615,79.042845,0,0.001907
POS_004926,30.871111,78.300833,1,0.960403
POS_000740,29.538166,79.792926,1,0.960749
POS_002638,30.113614,79.607463,1,0.867115
POS_003889,30.521901,77.979182,1,0.997787
POS_004455,30.677667,79.509361,1,0.832639
UK_NEG_02543,30.308434,80.373578,0,0.000856
UK_NEG_03190,30.658221,79.782564,0,0.001541
POS_001772,29.943367,79.329094,1,0.977981
POS_001802,29.951675,78.712016,1,0.741789
POS_001632,29.911575,78.81113,1,0.993414
POS_003201,30.303778,79.203944,1,0.972387
UK_NEG_00249,29.922692,77.969491,0,0.001826
POS_001391,29.840278,79.928361,1,0.964682
POS_002198,30.016521,80.050232,1,0.936531
POS_000022,29.157774,79.880607,1,0.532693
UK_NEG_03920,28.996778,79.764754,0,0.002438
POS_002123,30.003122,79.887382,1,0.965552
POS_000873,29.594428,79.167676,1,0.948719
UK_NEG_00446,29.758619,80.106928,0,0.462919
UK_NEG_05344,30.28185,80.726996,0,0.000764
POS_003991,30.541417,78.839861,1,0.135483
UK_NEG_02857,30.401707,77.780951,0,0.002637
UK_NEG_03431,31.08957,79.209304,0,0.00295
POS_004215,30.593417,78.643472,1,0.866429
POS_002716,30.134056,79.619528,1,0.773666
POS_004120,30.573412,79.123107,1,0.943068
UK_NEG_04993,30.802498,79.404811,0,0.00366
POS_001756,29.940325,78.753746,1,0.998131
POS_000352,29.394265,79.634749,1,0.148555
UK_NEG_01995,29.896682,79.50549,0,0.042942
UK_NEG_05028,30.691496,79.797904,0,0.010564
UK_NEG_01581,29.299904,79.160408,0,0.004288
UK_NEG_02368,29.59345,79.533077,0,0.300658
POS_004754,30.825,78.20979,1,0.975168
POS_001583,29.903383,78.839916,1,0.975427
UK_NEG_01729,30.461231,79.906705,0,0.000414
UK_NEG_03089,30.745468,79.56261,0,0.003994
UK_NEG_00630,30.280337,80.470661,0,0.002266
UK_NEG_02507,30.377339,80.33051,0,0.00172
POS_003546,30.402093,78.606398,1,0.917287
UK_NEG_04882,31.055716,78.488135,0,0.004785
UK_NEG_00493,30.417292,78.287745,0,0.648343
UK_NEG_01298,30.401353,79.976583,0,0.00604
UK_NEG_03631,29.903172,78.233841,0,0.008189
POS_004194,30.58972,79.030427,1,0.997463
UK_NEG_02873,31.282674,79.084747,0,0.002346
UK_NEG_04868,29.600926,79.799608,0,0.777864
POS_003734,30.471778,79.459111,1,0.999419
UK_NEG_01651,30.765733,79.613286,0,0.001751
POS_000398,29.428,79.566889,1,0.164628
POS_005336,30.5784,79.0434,1,0.571511
UK_NEG_02377,29.028708,80.040171,0,0.001439
POS_000640,29.511717,80.040889,1,0.973503
UK_NEG_00303,30.555176,79.171385,0,0.031267
POS_003355,30.358718,78.507321,1,0.975158
POS_004017,30.546,78.500667,1,0.782802
POS_002558,30.097044,79.631319,1,0.976935
POS_002999,30.267551,79.188668,1,0.992809
POS_003736,30.472105,79.459348,1,0.993956
UK_NEG_04557,30.015295,78.587303,0,0.138786
POS_002018,29.99,78.76,1,0.821978
UK_NEG_05163,30.18454,80.551221,0,0.003636
UK_NEG_01077,30.352797,79.587559,0,0.274686
POS_004436,30.654444,78.046,1,0.998701
POS_001481,29.877599,78.752605,1,0.894732
POS_002757,30.154455,79.701919,1,0.37205
POS_002861,30.214104,78.551474,1,0.891758
UK_NEG_04525,29.385481,78.912118,0,0.000748
POS_004248,30.596639,78.672583,1,0.911609
UK_NEG_00372,30.139846,80.838007,0,0.000705
UK_NEG_05318,30.357336,78.434772,0,0.088466
UK_NEG_02783,29.558163,78.039356,0,0.005556
UK_NEG_00420,30.409405,77.656061,0,0.507367
UK_NEG_02844,30.659654,80.1542,0,0.004679
UK_NEG_03735,30.128959,77.949379,0,0.00158
POS_000751,29.544119,79.853262,1,0.918678
UK_NEG_01234,29.253419,78.831497,0,0.000772
POS_005116,30.950728,78.691114,1,0.473978
POS_004569,30.762001,78.399316,1,0.50138
UK_NEG_05056,29.948193,80.392221,0,0.011786
UK_NEG_00518,29.178608,79.545666,0,0.007073
POS_004393,30.634781,78.21515,1,0.947178
POS_001598,29.906896,78.765509,1,0.967556
UK_NEG_00578,30.221388,79.34186,0,0.169604
POS_001809,29.952988,78.671705,1,0.97996
POS_005112,30.949319,78.412676,1,0.748978
UK_NEG_01036,30.927295,79.3401,0,0.002592
UK_NEG_04460,30.191536,80.876063,0,0.000842
UK_NEG_03747,30.917545,78.937839,0,0.008572
UK_NEG_04517,30.975073,77.91264,0,0.460676
POS_000078,29.243319,79.6314,1,0.342468
POS_003224,30.308167,79.004639,1,0.991077
POS_004904,30.863108,78.242164,1,0.979318
UK_NEG_03668,30.501481,78.567937,0,0.327126
UK_NEG_03598,30.16396,78.781081,0,0.883513
UK_NEG_05075,30.948649,79.698636,0,0.00191
UK_NEG_02928,31.093354,78.946052,0,0.007688
UK_NEG_00433,31.046198,78.317091,0,0.019403
UK_NEG_02177,31.275107,78.991388,0,0.008782
UK_NEG_00061,29.036202,80.110312,0,0.009238
POS_001819,29.955786,80.107116,1,0.947562
POS_002303,30.039731,79.545233,1,0.264963
POS_000867,29.59,79.0638,1,0.992649
POS_001104,29.740282,79.905795,1,0.799674
UK_NEG_00932,29.792632,78.023903,0,0.000743
UK_NEG_00893,30.245012,80.692635,0,0.019597
POS_004360,30.626417,79.553417,1,0.996504
UK_NEG_02224,29.72115,78.743339,0,0.001505
UK_NEG_04768,29.216016,79.876742,0,0.009601
POS_000840,29.57144,79.855998,1,0.974654
POS_001446,29.865096,78.504779,1,0.982649
UK_NEG_03037,30.632768,79.743247,0,0.001025
UK_NEG_00488,30.148034,78.260878,0,0.014672
POS_004769,30.830441,78.248649,1,0.897776
POS_004314,30.612222,78.316667,1,0.927657
UK_NEG_01051,29.799033,80.15132,0,0.845699
POS_000924,29.629699,80.377843,1,0.394269
UK_NEG_04336,30.895536,78.930855,0,0.001368
POS_005221,30.422857,78.808145,1,0.33874
POS_000694,29.521741,80.279549,1,0.895865
POS_005462,29.317493,79.527359,1,0.997289
POS_003515,30.397344,79.208298,1,0.97168
POS_005217,30.41035,78.784103,1,0.570002
UK_NEG_04641,31.065518,78.013855,0,0.014043
POS_004036,30.55278,77.963583,1,0.994667
POS_004009,30.544444,78.808333,1,0.885288
UK_NEG_03639,28.922014,79.696887,0,0.000446
POS_004531,30.753886,78.176098,1,0.963498
UK_NEG_01269,30.8298,78.645002,0,0.156717
UK_NEG_04118,30.44591,79.355595,0,0.96071
UK_NEG_00696,30.503249,78.773923,0,0.116969
UK_NEG_03142,30.93278,79.175532,0,0.002948
UK_NEG_03579,30.631181,80.028174,0,0.000599
POS_000568,29.490373,79.981771,1,0.90181
UK_NEG_00744,31.003484,78.096774,0,0.104992
UK_NEG_01955,29.754494,78.184607,0,0.001054
POS_004542,30.756556,78.193278,1,0.985385
UK_NEG_03903,30.984897,78.486797,0,0.022199
POS_002576,30.099289,79.920112,1,0.789286
UK_NEG_04285,29.859915,78.014895,0,0.000531
POS_002021,29.99025,79.924639,1,0.939006
POS_000142,29.274617,79.600602,1,0.917489
UK_NEG_03611,30.330949,78.380424,0,0.781321
POS_001136,29.760038,79.983821,1,0.817307
UK_NEG_04967,30.297127,80.602964,0,0.002286
POS_001662,29.916483,79.599998,1,0.710088
POS_002186,30.01526,78.728255,1,0.755958
UK_NEG_04325,30.379378,80.369598,0,0.002635
POS_002148,30.008576,78.82105,1,0.880062
UK_NEG_00416,30.338947,78.279966,0,0.733196
POS_004874,30.855556,78.636944,1,0.884681
UK_NEG_01103,30.773218,78.873634,0,0.003267
POS_002468,30.080927,79.891424,1,0.951668
POS_000701,29.523619,79.400202,1,0.899607
UK_NEG_01022,30.814952,78.347649,0,0.136878
UK_NEG_04160,30.150883,80.571541,0,0.000694
UK_NEG_05129,30.77123,79.673972,0,0.006534
UK_NEG_00022,29.885693,79.544378,0,0.180484
UK_NEG_01922,30.030002,78.584162,0,0.680359
UK_NEG_04833,30.686177,78.552423,0,0.873085
POS_001363,29.832306,79.801611,1,0.497383
POS_003783,30.494119,79.087907,1,0.995533
UK_NEG_05145,29.46957,79.196405,0,0.000772
POS_003965,30.534474,79.093865,1,0.678969
POS_001630,29.910917,79.819917,1,0.941065
UK_NEG_00478,30.799869,79.657358,0,0.000641
UK_NEG_03015,30.928982,79.00071,0,0.006836
POS_003903,30.524778,78.566667,1,0.915123
POS_002507,30.089723,78.531912,1,0.99447
POS_003171,30.297111,79.201722,1,0.88194
UK_NEG_04690,29.315046,80.103297,0,0.120738
UK_NEG_03537,30.733038,79.667847,0,0.021092
UK_NEG_05151,30.178326,79.823275,0,0.002873
UK_NEG_00914,30.922028,79.877765,0,0.0018
UK_NEG_00432,30.465592,78.996712,0,0.005985
UK_NEG_00778,30.847321,79.372604,0,0.0062
POS_001577,29.902383,78.713652,1,0.954408
POS_000922,29.628444,79.149493,1,0.998157
UK_NEG_04834,29.763174,78.670023,0,0.446664
POS_004733,30.816661,78.225947,1,0.99841
UK_NEG_02542,29.864083,78.937964,0,0.717998
POS_002091,29.998695,78.671824,1,0.099114
UK_NEG_05448,29.116286,79.964263,0,0.104585
POS_005473,30.5942,79.0202,1,0.999321
UK_NEG_03533,30.617784,79.814453,0,0.316223
UK_NEG_01033,29.976714,80.356349,0,0.124852
UK_NEG_03834,30.037332,78.450057,0,0.422961
UK_NEG_00250,30.493905,78.386824,0,0.638095
UK_NEG_02848,29.048387,79.338193,0,0.001559
UK_NEG_04263,29.849908,80.256512,0,0.621893
UK_NEG_00586,30.540304,80.287249,0,0.000825
POS_000343,29.385278,80.023111,1,0.199414
UK_NEG_01125,30.921128,78.89647,0,0.00026
POS_001156,29.770124,79.173256,1,0.727528
POS_000428,29.440671,79.560423,1,0.591861
POS_000549,29.485528,79.985472,1,0.99873
POS_001463,29.871431,78.753533,1,0.91985
UK_NEG_02636,30.563504,80.084665,0,0.00119
UK_NEG_05124,29.845959,80.311028,0,0.521474
POS_003442,30.382698,78.020411,1,0.996351
UK_NEG_05446,30.383394,80.615028,0,0.001381
POS_000051,29.204726,79.810527,1,0.989455
POS_004897,30.860906,78.247715,1,0.830155
UK_NEG_01592,30.825891,79.24834,0,0.005119
POS_003993,30.541611,78.799611,1,0.813149
POS_005177,30.976083,77.968944,1,0.556152
POS_000492,29.459791,80.026952,1,0.766237
POS_003876,30.52,79.49,1,0.992082
UK_NEG_04586,30.309681,78.630106,0,0.570041
UK_NEG_01250,30.520802,80.364692,0,0.001362
UK_NEG_02556,30.535133,79.365038,0,0.006303
UK_NEG_04655,29.451021,79.836782,0,0.983194
UK_NEG_02530,29.788586,78.018746,0,0.00377
POS_000820,29.565468,79.227907,1,0.97996
UK_NEG_05294,29.742487,79.354829,0,0.604286
POS_003199,30.30355,78.992931,1,0.982274
UK_NEG_04201,30.600935,78.457576,0,0.830318
POS_002663,30.120586,78.576575,1,0.708621
POS_003390,30.370398,78.040853,1,0.935837
POS_001431,29.858827,78.824634,1,0.981743
POS_000405,29.432721,79.300439,1,0.939378
UK_NEG_04406,30.73964,78.936037,0,0.002572
UK_NEG_04378,29.787488,80.059016,0,0.614008
UK_NEG_03976,29.152176,79.583232,0,0.001374
UK_NEG_05201,30.090672,80.07982,0,0.844276
POS_001413,29.848671,78.710764,1,0.996084
UK_NEG_03674,29.09413,79.77616,0,0.050054
UK_NEG_02145,31.095009,78.156573,0,0.329028
UK_NEG_02598,29.998025,79.830776,0,0.246056
POS_004666,30.789778,78.126427,1,0.904942
UK_NEG_03638,30.90782,78.852424,0,0.000678
POS_003052,30.278175,79.166464,1,0.99657
POS_005117,30.951493,78.412345,1,0.848733
UK_NEG_03796,29.332375,79.043509,0,0.000686
UK_NEG_02671,30.360246,79.74789,0,0.00712
UK_NEG_05046,30.809201,77.783494,0,0.283712
UK_NEG_04178,29.464364,79.16707,0,0.005277
POS_000308,29.367844,79.448813,1,0.961797
POS_004996,30.902083,77.828556,1,0.146053
POS_000123,29.267753,80.075889,1,0.922083
UK_NEG_00149,30.174018,77.966343,0,0.100863
POS_000213,29.313359,79.969917,1,0.655109
POS_003681,30.45,79.0761,1,0.981588
POS_004741,30.819558,78.238525,1,0.999435
POS_001158,29.770856,79.126885,1,0.867379
POS_002879,30.222414,77.937133,1,0.821963
UK_NEG_02586,29.730755,78.767708,0,0.089982
UK_NEG_04564,30.219351,80.448255,0,0.001035
UK_NEG_04367,30.997692,78.571037,0,0.003093
POS_003450,30.384594,77.97841,1,0.875699
POS_000537,29.479028,79.983278,1,0.999597
UK_NEG_04781,30.469244,79.278849,0,0.831361
UK_NEG_02365,29.765937,79.64433,0,0.699502
POS_004254,30.597972,78.675028,1,0.645611
UK_NEG_05366,29.41062,80.243002,0,0.002728
POS_002684,30.123584,78.902192,1,0.976995
UK_NEG_01620,30.206385,80.203689,0,0.008375
POS_001847,29.959909,79.183652,1,0.70097
UK_NEG_00487,29.901108,77.798304,0,0.001734
UK_NEG_01364,29.058231,79.671293,0,0.000697
UK_NEG_04691,30.484062,80.478131,0,0.000806
POS_003671,30.447696,78.781755,1,0.925641
POS_001489,29.880515,78.675259,1,0.50252
UK_NEG_04134,29.753761,79.379135,0,0.49911
POS_001458,29.87028,80.55583,1,0.964424
UK_NEG_02708,31.217066,79.152026,0,0.00164
UK_NEG_05225,30.467597,80.147621,0,0.012261
UK_NEG_02767,29.848455,79.480894,0,0.184572
POS_001708,29.924206,79.043311,1,0.751701
POS_003026,30.273806,79.214222,1,0.94324
UK_NEG_04642,30.725311,79.967205,0,0.028126
POS_004159,30.5825,78.650028,1,0.926842
UK_NEG_00634,30.784605,78.524138,0,0.163652
UK_NEG_00081,30.027989,78.27901,0,0.005822
POS_001586,29.905024,78.592605,1,0.962668
UK_NEG_02143,29.140059,79.598963,0,0.001525
POS_004323,30.615509,77.899515,1,0.817436
UK_NEG_05300,29.939022,80.449472,0,0.003996
UK_NEG_04884,28.904125,79.652529,0,0.001257
UK_NEG_00900,30.740883,78.87527,0,0.001956
UK_NEG_04797,30.147835,79.164594,0,0.980217
UK_NEG_00538,30.45347,78.979642,0,0.036789
UK_NEG_03563,30.032831,79.788732,0,0.945191
UK_NEG_01347,30.230647,80.325064,0,0.000531
POS_001747,29.935625,78.744499,1,0.989875
POS_000291,29.352269,79.474337,1,0.970961
UK_NEG_02121,29.801825,77.762249,0,0.000953
UK_NEG_00967,29.270104,80.264485,0,0.879789
POS_003149,30.293611,79.115528,1,0.757986
POS_005020,30.906045,78.34462,1,0.824849
UK_NEG_01755,30.781236,79.177346,0,0.001388
POS_001958,29.982257,78.64943,1,0.990606
UK_NEG_03664,30.058101,78.885955,0,0.321106
UK_NEG_04755,29.561209,79.011447,0,0.00111
POS_003374,30.366594,78.983933,1,0.679849
UK_NEG_02742,31.074538,78.158378,0,0.642479
POS_003970,30.536561,77.978817,1,0.928182
POS_003335,30.350607,78.514881,1,0.956841
POS_004195,30.590333,78.678111,1,0.922424
UK_NEG_03600,30.932203,79.40339,0,0.000333
POS_002687,30.123768,78.624399,1,0.920655
UK_NEG_04331,30.218864,80.609014,0,0.001533
UK_NEG_04200,30.17899,80.398952,0,0.005448
UK_NEG_02457,29.015165,79.637271,0,0.00055
UK_NEG_04795,30.646034,79.892127,0,0.000754
UK_NEG_03285,30.252351,78.256416,0,0.900854
POS_003692,30.452855,78.044344,1,0.99908
POS_005207,29.999372,79.564285,1,0.99856
UK_NEG_05178,30.056324,77.965166,0,0.000968
UK_NEG_00268,30.65722,78.698317,0,0.008164
POS_003986,30.540509,77.957312,1,0.972686
POS_004690,30.797785,78.446421,1,0.989913
POS_004880,30.857641,78.235581,1,0.956474
UK_NEG_01986,30.078627,80.11635,0,0.007885
POS_004000,30.542111,78.795611,1,0.959047
POS_004028,30.549415,77.879164,1,0.998021
UK_NEG_02191,29.150596,78.975346,0,0.000975
POS_004849,30.848,78.2816,1,0.981778
UK_NEG_00109,28.996588,79.415039,0,0.002414
POS_003414,30.376411,78.893652,1,0.975497
UK_NEG_04761,31.209214,78.320105,0,0.001286
UK_NEG_02198,28.856615,80.037568,0,0.000427
UK_NEG_03743,30.820233,78.861938,0,0.000709
UK_NEG_01734,29.895921,80.112528,0,0.124452
POS_003855,30.515361,78.646,1,0.972549
POS_005380,30.412583,79.295,1,0.516099
POS_000268,29.340086,79.414492,1,0.998358
UK_NEG_02552,31.063594,78.660308,0,0.003199
UK_NEG_04436,30.684868,78.585711,0,0.034888
UK_NEG_04151,30.049214,77.975722,0,0.000534
POS_002229,30.022759,79.68238,1,0.996116
POS_001705,29.923554,78.513504,1,0.991052
UK_NEG_02380,30.371875,80.578149,0,0.001799
POS_001518,29.890322,78.998829,1,0.574695
POS_005315,30.165466,78.617671,1,0.993853
UK_NEG_03961,30.007996,80.386888,0,0.171993
UK_NEG_00154,31.089598,78.243714,0,0.050562
UK_NEG_01445,28.94324,79.969469,0,0.00108
UK_NEG_02009,31.015829,78.594694,0,0.00365
UK_NEG_00159,30.627199,79.322244,0,0.001349
UK_NEG_01594,31.214324,79.272466,0,0.004954
UK_NEG_05137,29.372731,79.14345,0,0.001283
POS_003909,30.526194,79.508306,1,0.977725
UK_NEG_03455,30.597591,78.949803,0,0.036822
POS_003818,30.506925,77.993416,1,0.969042
UK_NEG_02620,30.556907,80.166617,0,0.02363
UK_NEG_03590,31.110234,79.010366,0,0.006096
POS_002650,30.117166,79.426897,1,0.901516
POS_002175,30.01389,80.31889,1,0.958292
POS_004041,30.554194,78.500944,1,0.940474
UK_NEG_00077,30.835611,78.360604,0,0.111798
UK_NEG_03156,29.862281,80.4519,0,0.525787
POS_001951,29.980556,79.980889,1,0.872929
UK_NEG_05269,29.706091,79.333557,0,0.917047
POS_002044,29.993086,79.046379,1,0.61856
POS_001454,29.868485,79.821005,1,0.978828
POS_004298,30.606608,79.186532,1,0.813738
POS_002218,30.020531,79.878588,1,0.970065
POS_003257,30.32,78.708417,1,0.47471
UK_NEG_03218,30.298032,79.552461,0,0.960209
POS_005157,30.969337,78.437172,1,0.966306
POS_004786,30.836361,78.24725,1,0.8633
UK_NEG_03206,30.905371,78.535343,0,0.008034
UK_NEG_00215,28.926382,79.844986,0,0.002024
POS_005498,30.38711,79.01709,1,0.99122
UK_NEG_04292,30.738936,79.370212,0,0.003171
POS_003044,30.276556,79.238444,1,0.995125
UK_NEG_02717,29.791015,80.230685,0,0.156639
POS_004071,30.5625,79.0616,1,0.999299
UK_NEG_00330,30.416774,79.926657,0,0.000822
POS_004354,30.625417,78.633611,1,0.879539
POS_002053,29.9935,78.632456,1,0.819219
UK_NEG_03256,28.825299,79.949965,0,0.000996
POS_003557,30.404306,78.514528,1,0.987782
POS_000607,29.503194,80.002694,1,0.981579
POS_000058,29.217713,80.05959,1,0.979653
POS_003320,30.343772,78.638998,1,0.719901
UK_NEG_00177,30.351244,78.676725,0,0.153017
UK_NEG_00321,28.866853,79.656548,0,0.001323
POS_003034,30.274917,79.223583,1,0.99714
UK_NEG_02171,29.921515,77.888849,0,0.000393
POS_000866,29.589722,79.584056,1,0.120293
POS_005172,30.973394,78.436568,1,0.987442
POS_004724,30.813708,78.208193,1,0.96984
POS_000100,29.258639,80.091278,1,0.998082
POS_001485,29.88,80.56,1,0.782305
UK_NEG_02919,29.000836,79.513518,0,0.000957
POS_001002,29.672028,80.26343,1,0.806702
UK_NEG_04493,29.544607,78.999922,0,0.008107
UK_NEG_04492,30.455768,78.264524,0,0.338466
POS_002498,30.087444,79.613389,1,0.999557
POS_005453,29.737689,80.272525,1,0.971155
POS_003895,30.523111,79.737306,1,0.989712
POS_001826,29.957535,78.530101,1,0.851721
POS_000307,29.361785,79.449731,1,0.830332
UK_NEG_03499,29.398242,79.53523,0,0.331834
POS_001815,29.953788,79.943477,1,0.964223
UK_NEG_04958,29.561405,79.484587,0,0.895091
POS_002730,30.138845,79.434579,1,0.939227
UK_NEG_02778,30.326185,77.852989,0,0.015581
POS_001185,29.783143,78.570628,1,0.954497
POS_005355,30.736833,78.4095,1,0.98501
UK_NEG_04559,29.330812,80.19312,0,0.427749
POS_003270,30.324382,78.70874,1,0.778522
POS_000419,29.43657,79.503321,1,0.75436
POS_000977,29.655939,78.920761,1,0.439549
UK_NEG_03351,30.032574,78.994551,0,0.111626
UK_NEG_03589,30.050465,78.004071,0,0.003175
UK_NEG_03108,30.34962,79.130749,0,0.952498
POS_003099,30.285222,79.141639,1,0.982481
POS_000976,29.655889,80.193778,1,0.979867
POS_003061,30.280461,79.598229,1,0.739932
POS_001589,29.905402,78.816758,1,0.969877
POS_005478,30.5747,79.0536,1,0.993551
UK_NEG_02616,29.370551,80.000204,0,0.368697
POS_002002,29.988611,79.942278,1,0.982293
POS_004499,30.728333,78.42,1,0.851817
POS_003712,30.458488,79.07694,1,0.996013
UK_NEG_05441,29.467078,79.937739,0,0.545507
UK_NEG_01310,30.570131,79.642042,0,0.001607
UK_NEG_00639,29.452329,78.966246,0,0.075046
UK_NEG_03232,30.2579,80.134255,0,0.001769
UK_NEG_04116,29.926665,79.443856,0,0.948346
UK_NEG_00068,30.130117,78.470606,0,0.934684
POS_002462,30.07868,79.54612,1,0.786452
UK_NEG_00252,30.7132,78.961581,0,0.00895
POS_001834,29.95833,80.30472,1,0.97963
POS_002881,30.222611,78.233861,1,0.975966
POS_003764,30.486563,78.04016,1,0.998939
UK_NEG_03769,30.332992,80.783162,0,0.001417
UK_NEG_00646,30.449215,78.270104,0,0.288322
POS_001152,29.768999,79.175607,1,0.833485
UK_NEG_03432,29.823277,78.131105,0,0.000893
UK_NEG_01757,30.441041,79.567654,0,0.006203
POS_002030,29.991299,78.435188,1,0.962347
POS_005028,30.907794,78.228884,1,0.820726
POS_002004,29.988939,80.078439,1,0.999109
UK_NEG_04221,29.906172,77.996272,0,0.002159
UK_NEG_04443,30.18581,80.067233,0,0.003295
UK_NEG_00890,31.141249,78.684257,0,0.017195
POS_003271,30.324417,79.1985,1,0.885691
UK_NEG_02458,28.870768,79.593337,0,0.001323
UK_NEG_04229,30.194471,79.746655,0,0.015447
UK_NEG_03155,30.854532,79.597426,0,0.001466
POS_001313,29.821648,79.066877,1,0.716245
UK_NEG_04444,30.287449,80.71394,0,0.00839
UK_NEG_04857,30.024615,80.601597,0,0.076317
POS_000588,29.498008,80.123594,1,0.962669
POS_001722,29.929722,79.805,1,0.887883
UK_NEG_01239,30.456028,79.373009,0,0.004584
POS_004782,30.833972,78.247,1,0.961859
POS_002513,30.090885,78.589769,1,0.95311
UK_NEG_01065,30.354359,77.92589,0,0.140035
POS_003153,30.294556,79.079111,1,0.995546
UK_NEG_03369,30.540455,78.716048,0,0.053837
UK_NEG_00091,29.157277,79.684584,0,0.016786
UK_NEG_03024,30.53754,80.240556,0,0.002755
UK_NEG_03123,29.134522,78.958949,0,0.000388
UK_NEG_05464,29.48227,78.903743,0,0.067728
UK_NEG_00548,29.05046,79.489282,0,0.000784
UK_NEG_03512,29.941055,77.79689,0,0.000989
UK_NEG_03494,29.453104,79.673115,0,0.75846
UK_NEG_01151,30.634229,79.326275,0,0.002554
POS_000021,29.157626,80.009454,1,0.987998
POS_002058,29.993858,78.798072,1,0.958477
POS_002038,29.992306,79.912472,1,0.987133
POS_003357,30.359444,78.506,1,0.99091
POS_002337,30.0478,79.898705,1,0.806132
POS_005178,30.97625,77.969417,1,0.880451
UK_NEG_02454,30.841894,78.699657,0,0.004264
UK_NEG_02178,31.023966,78.805006,0,0.008109
POS_000649,29.512417,80.014972,1,0.99741
UK_NEG_04350,29.488915,79.82135,0,0.340164
POS_001603,29.907145,78.822693,1,0.98288
POS_004303,30.60779,77.894889,1,0.852336
UK_NEG_00424,29.253361,79.482442,0,0.622686
POS_001236,29.799276,78.666595,1,0.977388
UK_NEG_04618,29.766253,80.215594,0,0.516495
UK_NEG_05050,30.404737,80.323726,0,0.00039
UK_NEG_04752,30.762679,79.302408,0,0.002525
POS_003287,30.330421,78.765151,1,0.96232
UK_NEG_03568,30.432601,77.82879,0,0.01067
POS_003042,30.276128,78.84054,1,0.96973
POS_002377,30.05775,79.524562,1,0.799079
UK_NEG_04473,30.257483,78.053927,0,0.012232
POS_002825,30.194564,78.879165,1,0.510684
UK_NEG_00729,29.125394,79.429476,0,0.000193
POS_001148,29.767873,78.701448,1,0.366402
UK_NEG_01564,30.747089,79.616115,0,0.004246
UK_NEG_02226,30.825742,80.054331,0,0.003944
POS_001126,29.756051,79.901721,1,0.957716
UK_NEG_00564,30.965238,79.43046,0,0.002754
POS_001608,29.907595,78.828351,1,0.69492
UK_NEG_02698,30.455684,79.921125,0,0.013437
POS_001307,29.819029,79.196182,1,0.910185
UK_NEG_03117,29.944046,77.972099,0,0.002613
POS_004170,30.584361,78.505167,1,0.570261
POS_000130,29.269972,80.1315,1,0.835289
UK_NEG_05083,30.934751,79.36284,0,0.000458
UK_NEG_02257,29.055073,79.815869,0,0.000544
POS_000018,29.153884,79.974804,1,0.980938
UK_NEG_00371,29.803655,78.452801,0,0.673043
UK_NEG_04683,30.116541,78.528714,0,0.055396
POS_002821,30.192514,78.772591,1,0.98784
POS_005233,30.0805,78.343722,1,0.998149
POS_002929,30.242444,79.399917,1,0.828181
POS_000253,29.336367,79.516533,1,0.947549
UK_NEG_00477,29.860091,80.046272,0,0.203994
UK_NEG_01611,29.289128,79.456007,0,0.161613
UK_NEG_01342,29.612789,80.398666,0,0.363673
UK_NEG_05379,29.760033,77.826014,0,0.00166
POS_002135,30.004863,80.128141,1,0.947789
UK_NEG_04186,29.790668,80.340511,0,0.727529
POS_004913,30.866079,78.652035,1,0.892473
UK_NEG_05443,29.809887,79.562078,0,0.22672
POS_002043,29.993054,78.604416,1,0.838034
UK_NEG_00589,30.79545,79.869884,0,0.00159
POS_002546,30.094466,79.449456,1,0.88108
POS_004313,30.611806,77.7847,1,0.882192
POS_004810,30.843844,78.209109,1,0.916738
POS_005066,30.927917,78.389833,1,0.909847
UK_NEG_00563,30.05565,80.742782,0,0.013804
POS_004030,30.55,79.76,1,0.12785
POS_003290,30.331008,79.205941,1,0.76233
POS_002215,30.02,80.32,1,0.731876
UK_NEG_02361,31.121698,79.235506,0,0.000868
POS_005523,30.407259,78.700957,1,0.999004
UK_NEG_03810,29.820952,78.796636,0,0.521615
POS_002412,30.064325,79.534533,1,0.986194
UK_NEG_02008,29.658646,78.555375,0,0.417858
POS_003634,30.429732,78.646044,1,0.988665
UK_NEG_01386,29.451913,78.918739,0,0.040182
POS_004481,30.7175,78.3508,1,0.975936
UK_NEG_03727,31.293491,79.121215,0,0.005922
UK_NEG_04697,30.31718,79.160096,0,0.939081
UK_NEG_01779,30.071899,79.944855,0,0.170555
POS_004836,30.8475,78.276667,1,0.893296
POS_002467,30.080305,78.563389,1,0.999012
UK_NEG_02810,29.082325,79.476511,0,0.000861
POS_002304,30.03986,80.056334,1,0.282981
POS_003035,30.275056,79.223444,1,0.979648
POS_004289,30.604906,77.874803,1,0.931852
UK_NEG_02330,30.963047,79.037967,0,0.005992
UK_NEG_00939,30.031276,79.446144,0,0.00976
UK_NEG_02085,29.325194,79.746165,0,0.768483
UK_NEG_02294,30.848875,78.348181,0,0.158796
UK_NEG_05445,30.825668,78.981026,0,0.001401
POS_004663,30.787726,78.395022,1,0.266294
POS_003532,30.399914,78.908946,1,0.497637
POS_005223,30.071759,79.502574,1,0.99454
UK_NEG_04403,29.01156,79.320324,0,0.000847
POS_002658,30.119528,78.629087,1,0.783248
POS_000598,29.5,80.000111,1,0.582876
POS_004339,30.622272,78.997417,1,0.812905
POS_001061,29.697054,79.287926,1,0.781612
POS_003677,30.448834,78.046415,1,0.996777
POS_004593,30.76728,78.455633,1,0.940711
UK_NEG_01641,31.089455,79.207666,0,0.014818
UK_NEG_01423,29.597122,78.72082,0,0.139644
UK_NEG_03621,30.205223,79.056205,0,0.062921
UK_NEG_00089,29.883037,78.396375,0,0.279364
UK_NEG_01764,30.611036,79.143602,0,0.085584
POS_004046,30.555064,78.809281,1,0.888908
UK_NEG_04224,29.464814,79.200723,0,0.004389
POS_001759,29.941021,78.358445,1,0.951691
UK_NEG_00664,29.17421,79.410045,0,0.001633
UK_NEG_04840,29.807811,79.609582,0,0.37139
POS_004588,30.766111,78.453472,1,0.977482
POS_004069,30.562447,78.659664,1,0.793437
POS_005339,30.733333,78.493917,1,0.892637
POS_005216,30.41348,78.735655,1,0.320744
UK_NEG_02166,29.655668,80.079355,0,0.907051
UK_NEG_05102,31.315947,79.087749,0,0.002466
UK_NEG_01481,29.344949,78.970711,0,0.001028
POS_001697,29.921799,78.439054,1,0.971295
UK_NEG_03411,30.59585,79.917524,0,0.002008
POS_004711,30.808011,78.15527,1,0.959784
POS_001728,29.931655,78.487194,1,0.765707
POS_000682,29.519722,79.194737,1,0.44599
UK_NEG_03350,30.268874,78.408009,0,0.664677
POS_005196,31.13,78.17,1,0.044014
POS_004603,30.769861,78.453333,1,0.775919
UK_NEG_04859,29.205428,79.119091,0,0.000811
POS_000349,29.391206,79.478903,1,0.995499
UK_NEG_02946,30.155334,80.608155,0,0.087267
UK_NEG_00158,30.403365,78.275613,0,0.276668
UK_NEG_04086,30.065837,79.159419,0,0.007024
UK_NEG_02245,30.70968,78.584162,0,0.045959
UK_NEG_02922,30.479808,79.886057,0,0.002483
UK_NEG_00691,30.652537,77.984608,0,0.55376
POS_002679,30.122525,79.702884,1,0.925408
POS_003618,30.423639,79.067667,1,0.99473
UK_NEG_03789,29.87408,78.158087,0,0.001665
POS_000773,29.549047,79.255669,1,0.986778
UK_NEG_02321,29.384447,80.086573,0,0.778751
UK_NEG_00259,31.09235,78.976546,0,0.001624
UK_NEG_04340,30.746545,78.828237,0,0.008567
POS_003333,30.350389,79.004194,1,0.682756
UK_NEG_05400,30.456905,79.740815,0,0.025321
POS_002041,29.992779,79.087287,1,0.826929
UK_NEG_04599,30.721921,78.845589,0,0.019302
POS_005110,30.947278,77.811741,1,0.975717
POS_001336,29.825361,79.815944,1,0.817619
POS_001086,29.718833,79.633917,1,0.680608
POS_001296,29.816588,78.895758,1,0.997983
POS_004776,30.832951,78.218562,1,0.973656
POS_002243,30.026494,79.55683,1,0.908572
UK_NEG_02323,31.140147,79.026494,0,0.016817
UK_NEG_00647,29.514039,80.34376,0,0.528895
UK_NEG_03954,29.834285,78.433856,0,0.805692
POS_004426,30.650565,77.843765,1,0.972406
UK_NEG_01058,30.441461,80.229131,0,0.00026
POS_003543,30.40162,78.014462,1,0.989122
UK_NEG_01901,30.389655,79.666758,0,0.012933
POS_004442,30.660753,79.032915,1,0.783065
UK_NEG_01163,30.699474,79.845188,0,0.001188
UK_NEG_01833,30.41076,79.936478,0,0.001787
POS_000417,29.436548,79.542285,1,0.806497
POS_002012,29.989806,79.922194,1,0.978427
POS_002381,30.058194,79.524083,1,0.849359
UK_NEG_02442,29.666944,80.135771,0,0.587485
UK_NEG_03899,30.437107,79.103502,0,0.789607
UK_NEG_02192,29.400319,79.031514,0,0.000613
UK_NEG_04530,29.005059,79.61367,0,0.001917
UK_NEG_04593,30.570884,80.084116,0,0.000438
POS_001790,29.94833,80.30222,1,0.930488
UK_NEG_01066,30.60718,79.116494,0,0.209447
POS_001886,29.968646,79.064118,1,0.962839
UK_NEG_03474,30.82812,78.702858,0,0.025968
UK_NEG_01765,29.04181,80.110336,0,0.01412
UK_NEG_04918,30.729522,77.803577,0,0.282165
UK_NEG_00059,29.03986,79.922791,0,0.00134
POS_000077,29.242521,79.628113,1,0.997656
UK_NEG_00516,30.414602,79.896575,0,0.037045
UK_NEG_01665,30.133213,80.346443,0,0.139169
UK_NEG_01943,29.270235,78.870838,0,0.001396
UK_NEG_03838,30.413805,77.705469,0,0.133967
POS_000871,29.59247,79.230078,1,0.834609
UK_NEG_04601,31.146255,79.04053,0,0.000923
UK_NEG_02683,30.968531,77.771377,0,0.011644
POS_002434,30.070905,78.533758,1,0.936582
POS_003231,30.3095,79.0305,1,0.98683
UK_NEG_04261,29.03971,79.900676,0,0.000608
UK_NEG_03953,30.194919,80.259182,0,0.197968
POS_003556,30.404209,78.132593,1,0.995688
POS_004670,30.791465,78.398162,1,0.73919
POS_003884,30.521356,77.947208,1,0.989591
POS_003705,30.455658,78.033558,1,0.986903
POS_002510,30.090214,78.544992,1,0.999255
UK_NEG_05055,30.3644,79.82925,0,0.005301
POS_004745,30.821776,77.847498,1,0.94205
POS_000814,29.563833,79.571417,1,0.585106
POS_001804,29.952011,78.67307,1,0.94304
POS_004143,30.579611,78.821222,1,0.97742
UK_NEG_00891,30.719816,79.380468,0,0.004677
POS_004445,30.66176,77.80739,1,0.309161
UK_NEG_04155,29.302316,79.382977,0,0.049489
POS_000132,29.270031,79.550619,1,0.987991
UK_NEG_04956,30.460382,78.994155,0,0.02009
UK_NEG_04591,29.790645,78.201107,0,0.000601
POS_005096,30.943106,77.823641,1,0.946324
UK_NEG_03854,30.729027,78.258634,0,0.478055
POS_004224,30.594083,78.614167,1,0.682161
UK_NEG_04805,30.919933,78.984492,0,0.000839
POS_005052,30.919663,77.840551,1,0.85223
POS_003354,30.358528,79.240778,1,0.887094
UK_NEG_04588,30.326069,78.619905,0,0.07128
POS_002121,30.00271,78.805145,1,0.997727
UK_NEG_02906,30.204269,79.046098,0,0.041376
UK_NEG_04961,30.515529,78.112781,0,0.989346
POS_000170,29.290265,79.704675,1,0.933223
POS_004124,30.573639,77.926694,1,0.889292
POS_000529,29.475,79.1102,1,0.991934
UK_NEG_04619,29.554411,78.950267,0,0.006034
POS_005322,30.148542,78.597015,1,0.997387
POS_003060,30.280318,79.226101,1,0.991568
UK_NEG_02975,29.673879,80.154255,0,0.120536
POS_001800,29.951444,79.887278,1,0.877497
UK_NEG_03297,30.620877,78.239118,0,0.790495
UK_NEG_05072,29.606266,78.656578,0,0.081951
UK_NEG_02233,31.167785,79.270705,0,0.002491
POS_000149,29.278389,80.123306,1,0.729214
UK_NEG_02154,30.241034,80.209177,0,0.006467
UK_NEG_03242,30.808719,79.255139,0,0.003156
POS_001992,29.987046,79.094332,1,0.844013
POS_004517,30.7425,78.485278,1,0.980672
POS_004235,30.595167,78.689167,1,0.98627
UK_NEG_02988,29.247091,80.280843,0,0.301461
POS_004518,30.7425,78.361944,1,0.999277
UK_NEG_02014,30.272196,79.835769,0,0.008433
UK_NEG_00329,30.888565,79.688252,0,0.000762
POS_000465,29.454168,79.481917,1,0.947666
UK_NEG_03719,30.481061,80.024941,0,0.000575
POS_004397,30.635917,78.639194,1,0.742845
UK_NEG_04370,30.70158,79.123438,0,0.008228
UK_NEG_00087,30.375859,80.366879,0,0.003013
POS_000264,29.339582,79.596622,1,0.842948
POS_004147,30.580361,77.943139,1,0.923439
UK_NEG_04964,29.503228,79.85937,0,0.93798
UK_NEG_02472,29.791753,78.020547,0,0.000921
POS_001956,29.981548,78.934153,1,0.895041
POS_002971,30.258667,79.064778,1,0.849046
UK_NEG_03955,30.126148,78.948621,0,0.610632
UK_NEG_01610,31.116556,78.444163,0,0.011245
POS_002605,30.105446,79.095478,1,0.898915
UK_NEG_03402,30.73217,77.792164,0,0.746595
POS_004759,30.827259,78.106793,1,0.863186
POS_000328,29.378217,79.543187,1,0.799482
POS_005134,30.96021,78.425465,1,0.975631
POS_003567,30.407068,78.879705,1,0.913259
UK_NEG_01323,30.363449,80.064059,0,0.000458
UK_NEG_05164,29.146,79.238912,0,0.003232
UK_NEG_03910,29.102385,79.711756,0,0.001342
POS_001911,29.970922,80.090447,1,0.998591
UK_NEG_03800,30.204929,80.32023,0,0.00175
POS_003013,30.271556,79.212583,1,0.969492
POS_003616,30.423125,78.807513,1,0.706184
POS_001417,29.850942,80.016361,1,0.602942
UK_NEG_01780,30.030623,78.041967,0,0.002376
UK_NEG_00711,30.269188,80.455569,0,0.001639
POS_003929,30.529047,77.887362,1,0.701252
UK_NEG_03020,30.584119,80.037938,0,0.001668
UK_NEG_01410,30.69803,78.139653,0,0.658528
POS_002477,30.083561,79.880568,1,0.743741
POS_001521,29.890917,79.792306,1,0.811897
POS_004638,30.780634,78.453785,1,0.882038
POS_004801,30.840063,78.456096,1,0.973292
POS_002717,30.13419,78.646821,1,0.992845
UK_NEG_04282,29.141029,79.845367,0,0.604503
POS_004587,30.766111,78.105139,1,0.889042
POS_005064,30.926867,77.901234,1,0.325091
POS_002602,30.104249,79.602512,1,0.237339
POS_001267,29.808248,78.612736,1,0.605715
POS_003688,30.451111,79.076056,1,0.999681
POS_005352,30.417306,79.311972,1,0.951871
UK_NEG_05117,30.371986,79.817161,0,0.006985
POS_001412,29.847847,79.756697,1,0.969238
POS_001216,29.794659,79.168485,1,0.898501
POS_000743,29.539222,80.107472,1,0.982809
UK_NEG_04570,29.596748,78.636832,0,0.002653
UK_NEG_01062,30.344095,77.857795,0,0.01516
UK_NEG_05210,31.047258,79.280336,0,0.003233
POS_001730,29.932496,79.126407,1,0.902681
UK_NEG_04185,30.195404,78.003373,0,0.304361
UK_NEG_03367,31.068069,79.11922,0,0.005113
POS_001745,29.935274,79.070718,1,0.957831
POS_002666,30.121188,79.701182,1,0.452958
POS_000997,29.667582,80.267611,1,0.747301
UK_NEG_05503,29.848301,80.239626,0,0.842025
UK_NEG_04104,30.434453,79.40361,0,0.063293
POS_004070,30.562457,77.887456,1,0.998958
POS_002846,30.20383,78.555686,1,0.829748
UK_NEG_01705,30.476651,78.224739,0,0.843012
POS_002461,30.078246,78.565123,1,0.999551
POS_005123,30.954117,78.414825,1,0.98694
POS_001675,29.918425,79.192952,1,0.764912
UK_NEG_00874,30.517695,79.612473,0,0.859367
UK_NEG_01054,31.011635,78.597022,0,0.002428
UK_NEG_04446,31.061218,78.387879,0,0.032738
UK_NEG_00709,30.412479,77.876161,0,0.023284
UK_NEG_02561,30.593074,79.84729,0,0.012259
UK_NEG_02936,29.200533,80.148284,0,0.678191
UK_NEG_02635,29.28407,80.269155,0,0.613601
UK_NEG_01069,30.064108,78.146675,0,0.001286
UK_NEG_02318,30.124405,79.834804,0,0.009257
POS_004539,30.755671,78.334157,1,0.748093
UK_NEG_02234,30.142399,78.131511,0,0.002421
UK_NEG_02690,30.087502,78.374089,0,0.871884
POS_002080,29.997798,78.800333,1,0.838759
UK_NEG_01437,29.922148,80.245961,0,0.459915
UK_NEG_02110,30.119352,80.476755,0,0.00863
UK_NEG_04596,30.454322,80.11693,0,0.004361
POS_005443,29.382697,79.42724,1,0.902035
POS_000564,29.489627,79.923371,1,0.969018
POS_002266,30.031513,80.171519,1,0.960333
POS_001212,29.793736,79.172479,1,0.868967
POS_003673,30.448,79.0761,1,0.976189
POS_003893,30.522603,78.285268,1,0.83323
UK_NEG_04864,30.218917,80.496618,0,0.001612
UK_NEG_04022,30.890532,79.667583,0,0.000923
POS_002104,30.0,80.57,1,0.342692
UK_NEG_03641,30.820374,79.67666,0,0.001628
UK_NEG_01897,29.495736,78.974718,0,0.003593
UK_NEG_00239,29.29739,80.126659,0,0.045221
UK_NEG_03709,31.110457,78.43354,0,0.06137
UK_NEG_04829,30.266011,79.040248,0,0.306148
UK_NEG_02579,30.635373,77.935456,0,0.958959
POS_003399,30.37322,79.501497,1,0.962072
POS_000843,29.572067,79.348693,1,0.96354
POS_000963,29.648331,78.974838,1,0.941089
UK_NEG_00264,29.924207,77.824072,0,0.001639
POS_003958,30.533856,77.852101,1,0.956833
POS_003098,30.285096,78.972899,1,0.985905
POS_003254,30.31875,79.187083,1,0.638327
UK_NEG_02578,30.684728,78.149987,0,0.541144
UK_NEG_02583,30.375492,80.564259,0,0.000946
UK_NEG_02590,30.828476,80.03229,0,0.000938
UK_NEG_01097,31.17662,79.062401,0,0.000657
POS_001482,29.878412,78.449121,1,0.941812
UK_NEG_00755,30.381143,79.669529,0,0.00225
POS_000085,29.249521,79.844396,1,0.998638
UK_NEG_01552,30.868626,79.44223,0,0.002934
UK_NEG_00863,30.378904,77.710927,0,0.003826
POS_003989,30.541068,77.959146,1,0.925429
POS_002094,29.999266,78.810008,1,0.932985
UK_NEG_03389,30.377437,79.804456,0,0.004015
POS_002144,30.007082,79.576448,1,0.9683
POS_003606,30.418806,78.518167,1,0.965053
POS_000274,29.34386,79.483737,1,0.960567
UK_NEG_03407,31.1831,78.230082,0,0.040259
UK_NEG_01847,29.472531,78.938885,0,0.000366
UK_NEG_00119,30.906153,79.235001,0,0.001601
UK_NEG_03593,30.153898,77.999369,0,0.006837
UK_NEG_01817,30.528778,79.009332,0,0.003621
POS_003009,30.270838,78.735623,1,0.741604
UK_NEG_03118,29.501073,79.394505,0,0.794598
UK_NEG_03610,30.549778,79.868156,0,0.000768
POS_002228,30.022722,79.697906,1,0.981521
UK_NEG_04733,31.006374,78.274804,0,0.076795
UK_NEG_01170,30.672891,78.659019,0,0.130658
POS_004201,30.590869,77.750666,1,0.989919
UK_NEG_01686,29.828976,78.109223,0,0.001122
POS_000979,29.656813,79.067325,1,0.987558
POS_000255,29.337064,80.25316,1,0.878318
POS_003981,30.539389,78.790167,1,0.897299
POS_001732,29.932907,79.126607,1,0.951956
POS_002750,30.150576,78.597534,1,0.780107
UK_NEG_03073,31.015013,78.867595,0,0.005159
POS_001983,29.986058,79.405289,1,0.859357
UK_NEG_03017,30.374072,77.779703,0,0.008568
UK_NEG_02630,30.220996,80.029699,0,0.004029
POS_002281,30.034413,80.189057,1,0.996743
UK_NEG_04802,30.019296,79.604884,0,0.620937
POS_001554,29.898795,78.900504,1,0.977097
UK_NEG_05430,30.048237,78.148237,0,0.001146
UK_NEG_01787,30.701741,77.792086,0,0.939104
POS_004399,30.636711,79.001731,1,0.514443
POS_001258,29.806333,79.961083,1,0.995173
UK_NEG_01399,31.063175,78.289848,0,0.023064
POS_004589,30.766111,78.361111,1,0.981964
UK_NEG_04190,29.39559,79.784465,0,0.042436
UK_NEG_00166,29.768219,78.194211,0,0.00284
POS_004756,30.825556,78.2125,1,0.94745
POS_004063,30.561465,77.836875,1,0.987843
POS_000953,29.64325,79.62725,1,0.554254
UK_NEG_01498,30.945361,79.293805,0,0.001722
POS_003732,30.470676,79.51272,1,0.965246
POS_005307,30.059677,78.485091,1,0.998279
UK_NEG_00700,30.273426,80.733023,0,0.000959
UK_NEG_02206,29.789946,79.996579,0,0.021905
POS_002200,30.017393,78.655806,1,0.956606
UK_NEG_00661,31.07122,79.317103,0,0.002885
UK_NEG_03077,29.56166,80.007725,0,0.938517
POS_002702,30.128472,79.520806,1,0.974614
POS_005358,30.5305,79.51225,1,0.757581
POS_001709,29.92479,78.62064,1,0.83774
UK_NEG_02879,30.639204,78.07407,0,0.149606
UK_NEG_03894,29.386404,79.676101,0,0.293463
UK_NEG_03502,30.324355,80.017089,0,0.002054
UK_NEG_01130,31.26022,79.142093,0,0.000686
POS_004857,30.85055,76.998017,1,0.4618
POS_002514,30.091267,80.240736,1,0.948742
POS_001692,29.920844,78.808976,1,0.979699
UK_NEG_03370,30.74087,79.216541,0,0.00111
POS_002951,30.249433,78.913308,1,0.033918
POS_000735,29.537108,79.633508,1,0.671142
POS_002829,30.196372,79.379928,1,0.740712
POS_000717,29.528843,80.146666,1,0.976923
UK_NEG_00954,30.41185,79.598211,0,0.018551
POS_001284,29.812795,79.222023,1,0.974288
POS_004624,30.778109,78.453034,1,0.946934
UK_NEG_01927,30.885122,79.485232,0,0.001315
UK_NEG_04725,29.771506,78.63407,0,0.085073
UK_NEG_03173,30.137995,80.204282,0,0.018006
POS_003787,30.494303,79.619416,1,0.582326
POS_000951,29.642806,80.354707,1,0.966269
POS_004787,30.836992,77.834391,1,0.995686
POS_005515,30.4876,77.9122,1,0.941222
UK_NEG_05314,29.986808,78.845979,0,0.611299
POS_001088,29.722754,80.335304,1,0.908795
UK_NEG_04921,30.480859,77.987835,0,0.928544
UK_NEG_04575,30.006223,80.002491,0,0.65745
UK_NEG_03687,30.034129,78.466549,0,0.572801
POS_002835,30.199149,78.546895,1,0.922007
UK_NEG_04720,29.707107,78.608142,0,0.077437
POS_000252,29.335685,79.458622,1,0.707812
UK_NEG_03985,29.473527,80.247082,0,0.309293
UK_NEG_02814,30.851845,79.16826,0,0.001811
UK_NEG_01772,30.045604,77.886835,0,0.00074
POS_000048,29.197505,80.092152,1,0.99138
POS_000727,29.533583,79.544833,1,0.706002
UK_NEG_03482,30.985976,78.585966,0,0.001533
UK_NEG_03791,30.913021,77.929241,0,0.338962
POS_004508,30.735291,77.984619,1,0.079138
POS_000671,29.517222,80.008278,1,0.985661
POS_001955,29.981024,78.470634,1,0.967381
POS_004594,30.767384,78.391261,1,0.987496
UK_NEG_02202,29.37816,79.374836,0,0.949454
UK_NEG_01577,30.767513,79.010323,0,0.036759
UK_NEG_03086,29.995862,77.910069,0,0.001665
UK_NEG_02842,30.449158,79.483613,0,0.003577
UK_NEG_00536,31.204512,78.296782,0,0.001177
POS_002980,30.26326,78.786342,1,0.953276
UK_NEG_00261,28.967299,79.659983,0,0.000972
POS_000350,29.391276,79.615101,1,0.966357
UK_NEG_01174,29.624544,79.790248,0,0.407413
POS_004418,30.647359,77.843623,1,0.468551
POS_000731,29.535064,79.987778,1,0.764765
UK_NEG_03439,30.755433,79.608336,0,0.001993
POS_005378,30.354167,79.319722,1,0.998728
UK_NEG_03068,30.469021,80.489699,0,0.000408
POS_004762,30.827954,78.447959,1,0.97551
POS_002991,30.266056,79.153,1,0.915092
POS_001278,29.810739,78.73962,1,0.880832
POS_002537,30.093752,79.620671,1,0.961703
UK_NEG_05363,30.760176,79.066016,0,0.007176
UK_NEG_03813,30.326663,80.771573,0,0.005396
POS_003978,30.539016,77.962591,1,0.991151
UK_NEG_01387,30.870828,79.450571,0,0.001101
POS_000988,29.662833,79.55875,1,0.336274
POS_003750,30.478306,79.467556,1,0.98685
POS_002873,30.220131,78.869293,1,0.998651
POS_000936,29.633552,80.25202,1,0.939558
UK_NEG_03901,30.8531,79.323298,0,0.01523
UK_NEG_01037,29.718944,78.912897,0,0.395724
UK_NEG_04203,29.526873,78.742757,0,0.001546
POS_004309,30.610936,78.839278,1,0.721001
POS_002316,30.0413,78.8013,1,0.843467
UK_NEG_03774,29.861479,78.050729,0,0.000431
UK_NEG_00236,30.16372,80.290832,0,0.007152
UK_NEG_05397,29.204002,79.378007,0,0.00152
UK_NEG_02390,30.370777,80.632154,0,0.007591
POS_004053,30.558306,78.807889,1,0.900346
UK_NEG_03669,29.791949,77.797239,0,0.002397
UK_NEG_00676,29.07684,79.550026,0,0.001395
UK_NEG_03148,30.375883,80.584008,0,0.004554
POS_000290,29.351133,80.266067,1,0.983441
POS_003678,30.448861,77.904083,1,0.971876
UK_NEG_05296,30.405799,80.308923,0,0.003844
UK_NEG_04905,30.630804,79.819355,0,0.018118
POS_003319,30.343651,78.524635,1,0.996096
UK_NEG_01357,30.012188,79.989507,0,0.301368
UK_NEG_04428,30.582012,78.220643,0,0.177319
POS_000541,29.481406,79.433918,1,0.938739
POS_003861,30.516722,79.0805,1,0.84681
POS_003594,30.413432,78.115906,1,0.996564
UK_NEG_00457,30.455305,80.263096,0,0.00242
POS_001469,29.874741,80.559086,1,0.998357
POS_001177,29.77927,79.035503,1,0.616893
UK_NEG_05353,28.958445,79.98976,0,0.000491
POS_003914,30.526444,78.783361,1,0.895045
POS_002267,30.03153,79.076055,1,0.745198
POS_004103,30.568586,79.121086,1,0.38644
UK_NEG_00328,30.119319,80.609158,0,0.014615
POS_002642,30.114104,79.611446,1,0.961684
UK_NEG_03633,30.781269,78.53669,0,0.626898
UK_NEG_04662,30.462069,78.52722,0,0.379165
UK_NEG_05235,29.353433,79.547095,0,0.869865
UK_NEG_03740,29.239611,78.88223,0,0.004787
UK_NEG_02107,29.911483,79.842617,0,0.486049
POS_004275,30.601453,78.639389,1,0.827869
POS_005449,29.380077,79.491868,1,0.997601
UK_NEG_00938,29.07983,79.955451,0,0.197215
UK_NEG_02054,30.224282,80.445072,0,0.002411
POS_000879,29.59842,80.374603,1,0.92378
UK_NEG_03337,31.093933,78.614279,0,0.001798
UK_NEG_00796,30.055926,79.125885,0,0.170464
UK_NEG_00342,31.136879,77.915219,0,0.003766
POS_000361,29.402083,79.954333,1,0.877618
POS_002567,30.098252,78.75555,1,0.770525
POS_001276,29.810202,78.618283,1,0.977474
POS_000534,29.477222,80.209528,1,0.877574
UK_NEG_02153,30.454604,77.793515,0,0.002768
UK_NEG_00240,29.626418,79.506343,0,0.321309
POS_002837,30.199462,78.549459,1,0.916476
UK_NEG_00832,30.062993,78.286137,0,0.001099
POS_002615,30.107224,79.680396,1,0.830298
POS_005265,30.900998,78.297586,1,0.887549
UK_NEG_01906,29.837616,79.33093,0,0.355813
UK_NEG_05279,30.65348,78.086631,0,0.733696
UK_NEG_04523,29.918054,78.922859,0,0.306878
UK_NEG_03261,30.257203,78.48243,0,0.873665
UK_NEG_04872,30.322222,79.608197,0,0.002876
UK_NEG_04019,29.002202,79.369491,0,0.001068
POS_000944,29.638246,80.339599,1,0.966816
UK_NEG_05333,29.763707,78.092148,0,0.001562
POS_004217,30.593611,78.613417,1,0.826976
POS_004206,30.591829,79.143327,1,0.936675
UK_NEG_00766,29.782837,78.126415,0,0.00096
POS_000276,29.34493,79.465767,1,0.932251
UK_NEG_01743,29.201013,79.147336,0,0.001427
UK_NEG_05408,29.850516,78.882933,0,0.617339
UK_NEG_01467,30.849633,79.357879,0,0.001185
UK_NEG_03441,31.129291,79.283612,0,0.002374
POS_001810,29.953286,78.718318,1,0.94775
POS_003185,30.300809,79.301624,1,0.929826
POS_005280,30.4525,79.428611,1,0.999165
UK_NEG_04785,30.312713,78.27661,0,0.836207
UK_NEG_01285,29.467285,78.832169,0,0.042651
UK_NEG_04966,31.189237,78.5385,0,0.00148
UK_NEG_02795,29.865587,78.92026,0,0.702863
POS_004802,30.840331,78.081408,1,0.785791
UK_NEG_01590,29.573132,80.101361,0,0.942512
POS_005489,30.5539,79.0648,1,0.944689
UK_NEG_05085,29.464019,79.262587,0,0.498201
UK_NEG_00123,30.353413,79.986938,0,0.001063
POS_001451,29.867639,79.820472,1,0.997684
UK_NEG_04786,29.924028,79.656584,0,0.474631
UK_NEG_01127,30.437559,79.545187,0,0.004615
UK_NEG_02558,29.337447,78.918504,0,0.001565
UK_NEG_01546,30.264247,78.989087,0,0.654855
POS_000765,29.546917,79.689833,1,0.215087
UK_NEG_03990,29.234967,80.282329,0,0.20565
UK_NEG_01837,29.56351,78.959205,0,0.001926
POS_001380,29.837642,79.04286,1,0.923361
UK_NEG_04265,30.112619,79.209441,0,0.326507
POS_004011,30.54485,78.807319,1,0.880807
POS_004720,30.8125,78.626111,1,0.391214
POS_004976,30.894206,77.838018,1,0.979649
POS_004140,30.578854,79.047255,1,0.890234
UK_NEG_04637,30.190756,80.244033,0,0.931956
POS_005015,30.905139,78.101111,1,0.387464
POS_000174,29.292428,79.719467,1,0.992684
UK_NEG_05424,28.923293,79.467632,0,0.000978
POS_004888,30.859404,78.247945,1,0.876631
UK_NEG_00237,30.262658,80.584028,0,0.000897
POS_000699,29.5232,79.421,1,0.980355
UK_NEG_00827,30.967627,78.478829,0,0.009403
UK_NEG_04972,29.042796,79.265217,0,0.001876
POS_005270,30.7425,78.4927,1,0.998575
UK_NEG_04860,30.386679,80.383105,0,0.00137
UK_NEG_03401,29.631313,79.693022,0,0.328907
POS_005051,30.919645,77.843788,1,0.83242
UK_NEG_02123,30.115889,80.29791,0,0.00752
POS_002183,30.015096,78.807462,1,0.998448
UK_NEG_00057,30.333974,79.383244,0,0.044881
POS_002725,30.137356,79.715782,1,0.997171
UK_NEG_03027,29.530588,78.771624,0,0.000739
UK_NEG_04318,30.925546,78.891419,0,0.000628
UK_NEG_04792,30.202005,80.511726,0,0.001228
UK_NEG_02158,31.138899,77.913504,0,0.002108
POS_000609,29.503686,80.008583,1,0.88802
UK_NEG_03649,29.659527,78.05992,0,0.003557
UK_NEG_03554,29.972241,79.480958,0,0.158706
POS_000882,29.599056,80.362817,1,0.914752
UK_NEG_02391,31.387653,79.123939,0,0.000846
UK_NEG_02786,29.732589,78.725514,0,0.03117
POS_004395,30.63551,77.847886,1,0.984572
POS_000421,29.437123,79.50453,1,0.953163
POS_001627,29.910203,78.810171,1,0.999327
POS_003495,30.392637,78.524516,1,0.990547
UK_NEG_02072,28.943745,79.647543,0,0.000891
UK_NEG_04753,30.299085,78.49258,0,0.403065
POS_003578,30.408976,78.121365,1,0.974044
UK_NEG_00162,30.712352,78.236542,0,0.240274
UK_NEG_02430,30.259184,80.484148,0,0.000848
UK_NEG_00573,30.62027,78.362956,0,0.645929
UK_NEG_01568,30.529503,78.101144,0,0.709744
POS_000536,29.478783,79.334856,1,0.91333
POS_003152,30.294083,79.114306,1,0.900825
UK_NEG_04974,30.559285,79.216776,0,0.014469
UK_NEG_01411,30.264856,77.886664,0,0.103377
UK_NEG_01126,30.878263,79.820941,0,0.001602
UK_NEG_00928,29.59514,78.839376,0,0.001183
POS_003233,30.310456,78.858266,1,0.921799
UK_NEG_05113,29.360197,80.228156,0,0.879292
UK_NEG_02559,30.085119,79.720445,0,0.004913
POS_003369,30.36478,79.478934,1,0.845837
UK_NEG_02281,31.141286,78.318768,0,0.082133
UK_NEG_02251,30.053982,80.478459,0,0.016986
UK_NEG_00235,30.306665,79.234038,0,0.916555
UK_NEG_01673,30.488671,78.221031,0,0.802918
UK_NEG_05199,30.47869,78.372209,0,0.530088
UK_NEG_00218,31.056308,78.832913,0,0.017612
POS_001162,29.771343,79.123544,1,0.719817
POS_000448,29.449456,79.310022,1,0.994635
POS_001755,29.94,80.58,1,0.919025
POS_002754,30.15203,78.598853,1,0.986583
POS_003709,30.458267,78.095999,1,0.949117
UK_NEG_03857,30.082081,80.195055,0,0.008823
UK_NEG_00902,29.414408,79.080929,0,0.007753
UK_NEG_02461,30.931504,79.194531,0,0.002653
POS_004384,30.631611,78.987806,1,0.835292
POS_002203,30.017812,78.658054,1,0.909653
UK_NEG_01119,30.210886,78.350325,0,0.126303
UK_NEG_03785,29.862678,78.672014,0,0.657959
POS_000140,29.273614,79.62666,1,0.967794
POS_000097,29.257424,79.559967,1,0.958153
POS_005149,30.968667,78.446361,1,0.850597
UK_NEG_04111,30.159207,79.225964,0,0.439924
POS_004020,30.546792,78.807972,1,0.724011
POS_005228,30.48083,79.46833,1,0.999485
UK_NEG_04267,31.117472,78.358143,0,0.097069
POS_004023,30.547333,78.804861,1,0.879874
POS_001263,29.807583,79.773083,1,0.88502
POS_000760,29.545648,80.304297,1,0.992099
UK_NEG_04585,31.008452,79.392815,0,0.002613
UK_NEG_00720,31.138755,78.088764,0,0.128395
UK_NEG_03654,30.329034,79.982486,0,0.010509
POS_005491,30.5488,79.074,1,0.998734
UK_NEG_00072,30.749444,78.663346,0,0.049758
UK_NEG_05277,29.594403,78.702398,0,0.00172
POS_004630,30.778936,78.11481,1,0.902926
POS_005155,30.969144,78.440087,1,0.959318
POS_002380,30.058004,79.524276,1,0.860636
POS_004035,30.552681,78.320247,1,0.998603
UK_NEG_02631,30.798608,79.524648,0,0.002101
UK_NEG_02815,30.012531,77.922681,0,0.000674
UK_NEG_03560,29.704781,78.153479,0,0.001228
POS_005522,30.35403,78.959917,1,0.966387
POS_005115,30.950056,78.415894,1,0.810421
UK_NEG_02395,29.49652,79.353022,0,0.378467
UK_NEG_05174,29.960862,80.415158,0,0.004804
UK_NEG_05193,31.102679,78.352167,0,0.003578
UK_NEG_01215,30.209577,79.060148,0,0.064898
POS_000225,29.318462,79.487917,1,0.951788
POS_000667,29.516119,80.061525,1,0.986212
UK_NEG_01582,30.481917,79.391605,0,0.003888
POS_000043,29.188801,80.108286,1,0.99727
POS_004047,30.555444,77.992722,1,0.984627
POS_003694,30.4535,78.694909,1,0.878436
UK_NEG_00445,30.237347,79.95821,0,0.005148
UK_NEG_01312,30.478167,80.426242,0,0.002749
UK_NEG_03152,30.034266,79.23248,0,0.120803
POS_002306,30.04,80.29,1,0.902619
UK_NEG_00643,29.568692,79.02107,0,0.044881
POS_000958,29.644992,80.325337,1,0.791406
UK_NEG_03758,30.504159,79.387796,0,0.778875
UK_NEG_03694,29.765381,78.170309,0,0.000872
UK_NEG_04439,29.335767,79.799643,0,0.055909
UK_NEG_03923,30.174178,78.466826,0,0.877003
POS_000620,29.506532,80.040331,1,0.126768
UK_NEG_01253,30.41837,79.801812,0,0.008188
POS_003303,30.33881,78.642096,1,0.763656
POS_002643,30.11417,80.23972,1,0.45239
UK_NEG_02900,28.84096,80.036047,0,0.001106
UK_NEG_05483,30.782917,79.981282,0,0.019705
UK_NEG_04128,30.336422,79.690181,0,0.002536
UK_NEG_04195,31.009769,79.386708,0,0.001049
POS_005000,30.903333,78.340833,1,0.764169
UK_NEG_00532,30.161788,79.897266,0,0.023082
UK_NEG_02057,30.890548,79.561582,0,0.001467
UK_NEG_04629,30.879704,79.598988,0,0.004486
POS_003328,30.3475,79.264167,1,0.396348
POS_002173,30.013434,80.081127,1,0.970275
POS_002466,30.080302,79.377246,1,0.4784
UK_NEG_03782,30.166761,80.563046,0,0.004469
UK_NEG_00679,30.321558,80.64934,0,0.003547
UK_NEG_04392,29.76913,78.246762,0,0.000973
UK_NEG_03835,30.842835,78.812859,0,0.005144
POS_000930,29.631694,79.062201,1,0.914088
UK_NEG_00521,31.091296,79.286389,0,0.000566
UK_NEG_01529,28.953564,79.492277,0,0.000558
UK_NEG_00408,29.129044,79.905584,0,0.218428
UK_NEG_04034,30.115558,78.4782,0,0.64058
UK_NEG_03463,30.393944,79.68568,0,0.001355
UK_NEG_02697,29.588058,80.250239,0,0.226506
POS_004819,30.845,78.271944,1,0.742957
POS_000632,29.509692,80.031267,1,0.942435
UK_NEG_03248,30.546788,78.996835,0,0.001747
POS_004555,30.758785,78.378023,1,0.849467
POS_002943,30.245015,78.758125,1,0.758136
POS_002850,30.209,79.199694,1,0.627077
UK_NEG_01482,30.186595,79.869736,0,0.007556
UK_NEG_02608,29.023164,79.752147,0,0.000803
UK_NEG_02889,30.143751,79.021527,0,0.362833
POS_000839,29.57106,79.252089,1,0.872629
UK_NEG_00531,30.681741,78.134265,0,0.087869
UK_NEG_01162,30.981087,79.205614,0,0.000613
POS_001735,29.933772,78.591131,1,0.985238
POS_000410,29.434142,79.507797,1,0.898416
POS_004607,30.77196,78.111071,1,0.92581
UK_NEG_00272,31.176896,78.59504,0,0.001384
POS_004931,30.873013,78.233552,1,0.744658
POS_004236,30.595333,78.672139,1,0.964365
POS_005168,30.971611,77.943778,1,0.262045
POS_005099,30.943838,78.407797,1,0.756802
POS_000183,29.295918,79.97016,1,0.98972
POS_004628,30.778889,78.353611,1,0.602987
UK_NEG_04952,30.171237,78.293313,0,0.798108
POS_000169,29.28931,79.607878,1,0.959513
UK_NEG_05442,29.70192,78.549149,0,0.017237
UK_NEG_03972,29.86774,80.274468,0,0.300713
POS_002792,30.180264,79.379642,1,0.879447
UK_NEG_00979,30.201561,80.453648,0,0.001254
UK_NEG_02640,31.041938,77.969188,0,0.051896
UK_NEG_04660,29.894619,78.091433,0,0.000722
UK_NEG_01887,30.082026,78.267817,0,0.003246
UK_NEG_00941,30.239447,78.401091,0,0.652132
UK_NEG_01132,30.04459,80.542027,0,0.003299
UK_NEG_03635,29.591736,79.711719,0,0.253781
UK_NEG_04766,31.017423,78.223442,0,0.038406
UK_NEG_04270,31.029627,78.234435,0,0.030309
UK_NEG_05466,30.226074,80.101844,0,0.001899
POS_000144,29.27545,79.604038,1,0.944718
UK_NEG_02716,29.312813,78.777017,0,0.001643
POS_001569,29.90088,79.056878,1,0.48141
UK_NEG_01737,29.17478,79.850957,0,0.133521
POS_001829,29.957782,78.490921,1,0.860452
UK_NEG_00749,30.888769,79.859918,0,0.010932
POS_001457,29.870247,78.514187,1,0.979403
POS_002011,29.98975,79.918278,1,0.990727
UK_NEG_04611,30.96101,79.490412,0,0.005769
POS_000106,29.262101,80.059173,1,0.981534
UK_NEG_04085,29.080889,80.000365,0,0.005406
UK_NEG_01859,28.884248,79.66106,0,0.001052
POS_000485,29.457907,79.576109,1,0.836401
UK_NEG_00155,29.898836,79.858523,0,0.194533
UK_NEG_01972,29.88467,80.430464,0,0.615842
POS_001161,29.771052,79.741412,1,0.995726
UK_NEG_04309,30.526267,78.905644,0,0.157539
UK_NEG_02427,29.813466,79.662414,0,0.215798
UK_NEG_01078,30.690384,79.74662,0,0.0006
POS_004994,30.901554,78.327633,1,0.629858
UK_NEG_05112,31.134344,78.251836,0,0.561631
UK_NEG_05459,30.246341,79.006898,0,0.81744
UK_NEG_01309,31.041138,78.701152,0,0.00799
POS_003583,30.409778,78.512806,1,0.994714
UK_NEG_03545,30.292183,78.558781,0,0.544571
UK_NEG_04555,30.853377,78.399776,0,0.570119
POS_000456,29.452611,80.059646,1,0.985305
UK_NEG_03466,31.079506,79.369032,0,0.00083
POS_001580,29.903226,78.889982,1,0.776642
UK_NEG_04647,31.001293,79.138046,0,0.005977
POS_003790,30.496681,79.708792,1,0.999588
UK_NEG_04096,29.728931,78.987408,0,0.986449
UK_NEG_01861,29.003844,79.659402,0,0.000596
POS_000984,29.65775,80.208133,1,0.989111
UK_NEG_01223,30.892577,79.653437,0,0.000325
UK_NEG_01810,28.956907,79.953508,0,0.000702
UK_NEG_01850,30.425595,80.173761,0,0.003005
UK_NEG_00640,30.355403,78.232056,0,0.174291
POS_002138,30.005387,78.828959,1,0.986718
UK_NEG_00178,30.688966,78.350467,0,0.852291
POS_003830,30.51025,78.643667,1,0.939474
UK_NEG_01346,30.136039,78.92393,0,0.4535
UK_NEG_02968,30.168641,78.091082,0,0.000984
UK_NEG_03911,29.058849,79.765605,0,0.001267
POS_004922,30.869194,78.234778,1,0.943546
POS_004758,30.827199,78.178503,1,0.983822
POS_003432,30.380358,78.772528,1,0.866652
UK_NEG_01457,30.395,79.531919,0,0.145644
UK_NEG_00840,29.65727,78.532029,0,0.003621
UK_NEG_04138,29.313812,80.247468,0,0.666159
POS_002997,30.267306,79.150111,1,0.78304
UK_NEG_04119,30.101826,78.985571,0,0.058129
UK_NEG_02055,29.006136,79.461597,0,0.000609
POS_005483,30.5735,79.0593,1,0.741605
UK_NEG_04230,30.693728,79.170231,0,0.005456
POS_004548,30.757923,78.194973,1,0.929141
UK_NEG_04249,31.112228,78.518192,0,0.000613
POS_001864,29.962972,79.938722,1,0.618883
UK_NEG_02688,29.709163,78.64529,0,0.024643
POS_002085,29.998308,78.806018,1,0.900989
POS_000243,29.3283,79.650793,1,0.643676
UK_NEG_02798,29.96171,80.251107,0,0.869859
POS_001486,29.88012,78.585108,1,0.999223
UK_NEG_02151,31.119984,77.983126,0,0.006518
UK_NEG_00449,30.390254,77.754476,0,0.014001
UK_NEG_04723,30.226846,80.477142,0,0.0186
POS_003162,30.2955,79.068194,1,0.99959
POS_001789,29.947484,78.877787,1,0.825984
UK_NEG_01735,31.025618,78.710878,0,0.034478
POS_001522,29.891433,79.792476,1,0.993712
POS_004288,30.604433,78.011184,1,0.990928
POS_001906,29.970268,79.23115,1,0.907649
POS_005383,30.4125,79.298028,1,0.859246
POS_005018,30.905403,78.357724,1,0.846991
POS_004113,30.571167,78.81775,1,0.947813
POS_000451,29.451306,80.051056,1,0.934629
POS_004173,30.584992,78.826139,1,0.582718
UK_NEG_03250,30.267691,78.35067,0,0.154986
POS_001617,29.908612,78.813795,1,0.972282
POS_001543,29.896822,78.706201,1,0.934867
UK_NEG_05303,30.238069,80.509524,0,0.007178
UK_NEG_02748,30.657225,78.247185,0,0.024027
UK_NEG_02595,30.750711,77.860101,0,0.104028
UK_NEG_02701,30.914824,78.741419,0,0.002231
POS_000748,29.542579,79.413485,1,0.95425
UK_NEG_03100,30.293176,78.937601,0,0.957026
POS_001523,29.891444,78.6993,1,0.911194
POS_001004,29.672241,80.352287,1,0.86987
POS_002387,30.06,80.31,1,0.735376
POS_001113,29.750583,79.754306,1,0.648198
POS_004205,30.591806,78.641806,1,0.53678
POS_003284,30.329861,79.19375,1,0.939159
POS_004417,30.64674,79.019925,1,0.75836
UK_NEG_00464,30.654091,79.183129,0,0.009688
POS_000747,29.541238,79.174411,1,0.900134
POS_001751,29.938392,78.595355,1,0.900836
UK_NEG_02610,29.751424,77.817772,0,0.000535
POS_000006,29.14557,79.986097,1,0.993647
POS_004974,30.8936,78.6741,1,0.619447
UK_NEG_03768,28.94164,79.581841,0,0.002809
UK_NEG_00275,30.423574,80.32357,0,0.000156
UK_NEG_00060,29.199892,79.877166,0,0.110102
POS_005242,30.405739,78.137131,1,0.995426
UK_NEG_01834,31.070614,78.821616,0,0.002673
POS_003156,30.294667,79.071639,1,0.955305
POS_003536,30.400613,78.182594,1,0.951172
POS_000234,29.321059,79.530557,1,0.919371
UK_NEG_00084,28.845567,79.892755,0,0.000572
UK_NEG_01229,30.319031,80.218632,0,0.020487
UK_NEG_01384,30.734896,78.206068,0,0.859175
UK_NEG_03574,28.919022,79.587204,0,0.000963
UK_NEG_04817,29.295095,79.655966,0,0.73485
POS_002383,30.058696,79.522481,1,0.978079
UK_NEG_04373,29.389616,79.931331,0,0.209375
POS_002770,30.169914,78.886965,1,0.992628
UK_NEG_00677,30.609281,78.779192,0,0.00807
POS_003458,30.385846,78.061977,1,0.974095
UK_NEG_00258,31.01118,78.588665,0,0.001344
POS_001972,29.984713,79.911779,1,0.979668
UK_NEG_02692,30.164714,78.304314,0,0.381394
POS_001934,29.978734,80.08202,1,0.983669
POS_000224,29.318347,79.355657,1,0.959415
UK_NEG_03829,29.763507,77.815736,0,0.000965
POS_003747,30.476085,79.467341,1,0.993855
POS_005514,30.654472,79.517722,1,0.862589
UK_NEG_00324,30.921211,79.427626,0,0.001192
POS_003512,30.3967,78.544914,1,0.972873
POS_004306,30.608806,78.602167,1,0.878862
UK_NEG_00090,29.333589,79.433945,0,0.709673
POS_002628,30.11,80.25,1,0.749987
UK_NEG_04640,30.139841,80.087317,0,0.004531
POS_000521,29.468948,79.333806,1,0.972555
UK_NEG_00300,30.812285,79.941934,0,0.001449
POS_001737,29.934192,80.147296,1,0.971481
POS_000902,29.615535,80.003424,1,0.99414
UK_NEG_03359,31.009575,79.194294,0,0.000373
POS_002192,30.015844,80.088292,1,0.894793
POS_001605,29.907242,78.71279,1,0.964725
UK_NEG_03391,30.401413,77.678841,0,0.080284
UK_NEG_05293,29.595356,78.003904,0,0.001067
UK_NEG_03515,30.193411,79.765044,0,0.044563
UK_NEG_01979,30.765369,77.736096,0,0.689573
UK_NEG_01902,30.598795,78.129066,0,0.415736
POS_004104,30.568861,78.500778,1,0.9073
UK_NEG_01322,30.858737,78.009625,0,0.046064
POS_002928,30.242293,78.906787,1,0.994395
POS_001765,29.942124,79.173022,1,0.938134
POS_003887,30.521694,78.515444,1,0.997336
UK_NEG_01142,30.451448,79.629591,0,0.007829
UK_NEG_01840,30.477771,79.242772,0,0.006966
UK_NEG_04716,30.322069,78.057859,0,0.502873
POS_000525,29.472139,79.917863,1,0.989318
POS_001536,29.896255,79.956947,1,0.829321
UK_NEG_01807,30.915235,78.982582,0,0.000818
UK_NEG_00427,31.097381,79.230416,0,0.003354
UK_NEG_01835,30.592959,79.643803,0,0.004371
POS_001656,29.91541,78.806832,1,0.98036
UK_NEG_02743,29.545467,79.749275,0,0.207244
UK_NEG_04999,29.378201,79.06498,0,0.002708
UK_NEG_03938,30.948674,78.154951,0,0.497355
UK_NEG_01161,30.224906,79.531698,0,0.007659
POS_000203,29.304143,79.556817,1,0.933604
UK_NEG_01738,30.411887,80.004121,0,0.001723
UK_NEG_03462,30.489532,80.163569,0,0.000143
UK_NEG_00179,28.996568,79.581727,0,0.00146
UK_NEG_02504,30.639533,78.268342,0,0.812351
UK_NEG_02338,30.957261,79.160903,0,0.001028
UK_NEG_00509,29.523785,78.737915,0,0.003873
UK_NEG_02522,29.996158,80.673552,0,0.622716
POS_000932,29.632168,80.377977,1,0.826449
POS_002977,30.2625,79.213806,1,0.987973
UK_NEG_02695,29.672484,78.535874,0,0.003322
UK_NEG_04041,30.989198,78.646942,0,0.010529
UK_NEG_01864,30.301186,79.974764,0,0.000243
POS_002024,29.990444,79.936917,1,0.893096
UK_NEG_02751,28.920516,79.879721,0,0.001327
UK_NEG_04551,29.785136,78.0809,0,0.000682
UK_NEG_03291,30.641152,80.08101,0,0.00107
UK_NEG_05118,29.209133,79.323182,0,0.000929
UK_NEG_04362,30.603407,79.654788,0,0.000565
POS_001856,29.961329,78.763862,1,0.898483
UK_NEG_03744,30.843859,79.236133,0,0.001207
UK_NEG_02451,30.190869,80.523206,0,0.005996
POS_005321,30.142473,78.595303,1,0.99532
POS_001762,29.941667,80.141389,1,0.521846
UK_NEG_02275,29.766501,79.559682,0,0.119809
UK_NEG_03795,29.949936,77.785197,0,0.000526
UK_NEG_00937,30.280146,80.809784,0,0.008252
UK_NEG_05223,30.843472,78.349318,0,0.860851
UK_NEG_01454,29.668264,80.033312,0,0.341358
UK_NEG_05134,29.940697,78.037523,0,0.000884
UK_NEG_04467,30.72286,78.646673,0,0.005464
POS_003756,30.482111,79.158056,1,0.508144
POS_002362,30.05417,80.21722,1,0.027474
UK_NEG_05238,29.316084,79.181052,0,0.001866
UK_NEG_03818,30.103813,79.552231,0,0.029528
UK_NEG_04222,30.936183,78.728755,0,0.001421
POS_004430,30.652423,77.845275,1,0.950006
UK_NEG_05029,30.23475,80.307219,0,0.001354
UK_NEG_01773,30.655246,79.695327,0,0.004074
POS_000423,29.4375,80.016528,1,0.95046
UK_NEG_04582,30.117089,80.426072,0,0.032399
UK_NEG_03453,30.46469,79.581237,0,0.002267
POS_005401,29.837806,80.173333,1,0.747897
UK_NEG_04807,30.383559,79.79782,0,0.00102
UK_NEG_00983,30.857178,79.082771,0,0.001216
UK_NEG_04037,30.20646,80.258838,0,0.061014
UK_NEG_04539,30.4004,77.861468,0,0.012204
UK_NEG_01996,29.714037,78.754967,0,0.004709
UK_NEG_01370,30.978109,78.288763,0,0.003114
UK_NEG_04377,30.532631,79.377969,0,0.003692
POS_005244,30.410319,78.088528,1,0.879009
POS_004777,30.833164,78.172472,1,0.81524
POS_001920,29.975022,78.167366,1,0.940764
UK_NEG_02691,30.063849,77.986962,0,0.001701
UK_NEG_01669,30.256223,80.266699,0,0.007968
UK_NEG_00425,30.948171,78.721964,0,0.046754
POS_004734,30.816946,78.226502,1,0.9994
POS_004406,30.642452,77.79589,1,0.652196
UK_NEG_04907,29.524751,79.358239,0,0.509565
UK_NEG_03540,29.845325,80.258303,0,0.584168
POS_001666,29.916883,79.326221,1,0.31266
UK_NEG_00093,30.043956,78.881486,0,0.751606
UK_NEG_01547,29.107657,79.843173,0,0.063231
POS_001198,29.790482,78.890662,1,0.957138
POS_005240,30.404911,78.138883,1,0.996157
UK_NEG_01974,29.90764,79.671316,0,0.072007
POS_001280,29.811,78.889,1,0.866305
UK_NEG_01313,30.828356,79.132684,0,0.000989
UK_NEG_04402,30.392054,80.036858,0,0.002448
POS_000746,29.540628,79.261451,1,0.998638
UK_NEG_05079,30.294982,80.163132,0,0.002202
POS_001913,29.971675,78.7505,1,0.994194
UK_NEG_01938,29.54254,78.721982,0,0.004003
POS_000228,29.319111,79.962139,1,0.99696
POS_001288,29.813861,79.728583,1,0.916375
UK_NEG_00857,29.381353,79.130542,0,0.003792
UK_NEG_01710,30.144357,79.016448,0,0.47051
UK_NEG_01048,30.526094,79.350941,0,0.025086
UK_NEG_00897,30.422494,77.85352,0,0.011835
POS_000168,29.288778,79.897028,1,0.496158
UK_NEG_01947,30.101595,78.250497,0,0.001893
POS_002701,30.127728,79.001654,1,0.922257
POS_001330,29.825212,78.594693,1,0.995647
UK_NEG_03223,31.080988,79.00288,0,0.000283
POS_004739,30.818533,78.618877,1,0.966499
POS_002710,30.131826,79.364244,1,0.952565
POS_002475,30.082869,79.607408,1,0.989773
UK_NEG_04499,30.514577,78.327447,0,0.759668
UK_NEG_04080,31.241439,79.017369,0,0.000783
POS_002845,30.203784,79.368203,1,0.499897
UK_NEG_01683,29.676751,79.851171,0,0.763283
POS_004359,30.626283,78.134852,1,0.94157
POS_005354,30.038806,78.705528,1,0.72968
UK_NEG_03640,31.18658,78.424517,0,0.013851
POS_000266,29.340086,79.414492,1,0.998358
UK_NEG_02986,29.081683,79.997639,0,0.006504
UK_NEG_02902,29.716079,79.419292,0,0.784257
UK_NEG_03076,29.431803,79.049612,0,0.807481
UK_NEG_01327,30.399319,79.93987,0,0.007118
UK_NEG_01825,31.014546,79.170623,0,0.001313
POS_003897,30.523822,78.574306,1,0.577069
POS_001342,29.827006,78.500812,1,0.945679
UK_NEG_00723,30.323134,80.718999,0,0.002426
POS_000927,29.630546,80.379195,1,0.730453
POS_005499,30.28908,79.00253,1,0.432286
UK_NEG_04291,30.047631,79.812927,0,0.032384
POS_004268,30.600111,78.611306,1,0.835179
POS_002052,29.9935,79.9067,1,0.404303
POS_005286,30.117088,79.406791,1,0.995624
POS_004163,30.582864,78.823939,1,0.687468
POS_000597,29.499743,80.107481,1,0.995044
UK_NEG_01871,30.460261,78.296585,0,0.436351
UK_NEG_03305,30.500022,80.096031,0,0.009
UK_NEG_01371,30.182873,78.286438,0,0.982922
UK_NEG_03912,30.354717,80.761147,0,0.002078
POS_002016,29.99,79.919667,1,0.890303
UK_NEG_01493,28.98971,79.653285,0,0.000428
POS_005333,30.647206,79.021507,1,0.989564
POS_002960,30.252656,78.212558,1,0.974572
UK_NEG_03445,30.621128,77.960308,0,0.385958
POS_004969,30.892822,78.325334,1,0.891681
UK_NEG_04437,29.022405,79.275377,0,0.006228
POS_004416,30.645583,78.657111,1,0.719471
UK_NEG_02799,30.427741,80.43255,0,0.006566
UK_NEG_02460,30.476444,80.184725,0,0.008927
UK_NEG_00242,30.816336,78.565208,0,0.019115
UK_NEG_00904,29.863461,77.832807,0,0.001718
POS_001727,29.931515,79.414375,1,0.964972
UK_NEG_04542,30.152323,80.216664,0,0.005458
UK_NEG_02358,29.458693,79.083532,0,0.004269
POS_003081,30.283611,79.211167,1,0.965974
POS_005202,29.981897,80.011175,1,0.863048
POS_001245,29.801726,78.751558,1,0.933096
UK_NEG_04410,30.713673,80.224475,0,0.000493
POS_004952,30.888099,78.306756,1,0.80968
UK_NEG_00130,30.866516,79.183686,0,0.003801
UK_NEG_04474,30.224251,80.746635,0,0.001635
UK_NEG_03995,30.821706,79.993409,0,0.0051
POS_005065,30.927066,77.911546,1,0.943586
UK_NEG_05230,30.82224,79.446918,0,0.00048
POS_003014,30.271838,78.737917,1,0.96541
UK_NEG_01870,31.310537,79.172124,0,0.012603
POS_001106,29.7415,80.2725,1,0.974922
POS_005413,30.594722,78.681472,1,0.936608
POS_004179,30.586361,78.827578,1,0.795746
POS_002683,30.123577,78.627012,1,0.953265
POS_003113,30.287412,78.606378,1,0.653888
POS_002465,30.08,80.28,1,0.992621
POS_002762,30.161389,79.620128,1,0.743741
UK_NEG_03928,29.394839,79.791653,0,0.361999
POS_004656,30.784993,78.449246,1,0.682101
UK_NEG_03943,31.108499,79.229438,0,0.001205
UK_NEG_00400,29.888979,79.532532,0,0.196879
POS_003710,30.458365,79.430642,1,0.959691
POS_004237,30.595353,77.772656,1,0.428577
UK_NEG_01354,29.882429,78.087733,0,0.001704
POS_002617,30.1075,80.23639,1,0.976358
POS_003309,30.341111,79.007083,1,0.986195
UK_NEG_03915,29.163591,79.484559,0,0.000299
POS_003994,30.54164,77.90202,1,0.997834
UK_NEG_00922,29.924407,78.054026,0,0.004672
POS_002653,30.117837,78.775139,1,0.908282
POS_004381,30.630731,77.876091,1,0.747552
POS_001265,29.807844,78.576231,1,0.999373
POS_003010,30.271167,79.220167,1,0.986278
UK_NEG_02868,29.60559,79.498676,0,0.826571
POS_004446,30.66344,77.789341,1,0.973935
UK_NEG_02545,31.080913,77.882962,0,0.058095
UK_NEG_04311,30.877134,79.261432,0,0.008647
POS_000135,29.271439,79.555086,1,0.703812
UK_NEG_03249,29.473722,79.047295,0,0.005311
UK_NEG_00943,30.717096,80.09076,0,0.001272
UK_NEG_05116,31.142716,78.625223,0,0.002487
UK_NEG_01470,30.480039,78.652917,0,0.619838
POS_000711,29.527171,79.483819,1,0.841599
POS_004210,30.592583,78.821817,1,0.870901
UK_NEG_04472,31.176262,78.802094,0,0.000871
POS_002270,30.031684,80.170539,1,0.712317
UK_NEG_02332,29.372104,80.037958,0,0.016103
POS_002554,30.09575,79.526583,1,0.839125
UK_NEG_02823,30.423106,77.608541,0,0.005687
POS_005379,30.413833,79.299389,1,0.936493
UK_NEG_04776,28.857216,79.737356,0,0.001564
POS_003853,30.515285,78.051274,1,0.999407
POS_002910,30.233583,78.235083,1,0.951749
UK_NEG_04442,30.714625,79.131691,0,0.000893
UK_NEG_02719,28.988573,79.602692,0,0.002597
UK_NEG_03098,29.610051,79.46025,0,0.810594
UK_NEG_03712,30.415612,80.668382,0,0.001284
POS_002689,30.1245,79.607444,1,0.528757
UK_NEG_01254,30.168966,80.041212,0,0.001821
POS_002331,30.045488,79.6114,1,0.981176
UK_NEG_00672,30.265738,80.249159,0,0.000172
POS_001316,29.822375,78.607718,1,0.893225
UK_NEG_03673,29.251064,78.923329,0,0.000727
POS_003740,30.474216,79.504369,1,0.995349
POS_001957,29.982199,79.445041,1,0.995453
POS_003403,30.37375,79.226639,1,0.944559
POS_004299,30.606711,77.79464,1,0.765493
UK_NEG_05444,29.954865,80.507454,0,0.001197
POS_003847,30.51453,78.006929,1,0.977061
POS_002168,30.01296,79.875795,1,0.692843
POS_005289,30.085511,79.469678,1,0.920529
UK_NEG_02861,30.369713,78.37514,0,0.110586
POS_003615,30.422793,78.072472,1,0.996486
POS_003771,30.487944,79.669167,1,0.996988
POS_000899,29.6122,79.9389,1,0.989708
UK_NEG_00460,29.655743,80.142129,0,0.659404
UK_NEG_02657,30.267242,80.126968,0,0.001881
POS_000124,29.268309,80.067564,1,0.968457
UK_NEG_05203,29.777757,78.043794,0,0.000503
UK_NEG_03044,29.334637,79.301116,0,0.009758
POS_003941,30.531332,77.912507,1,0.970248
POS_001987,29.986432,78.429482,1,0.971252
POS_001057,29.694997,79.978128,1,0.994526
POS_005048,30.917362,78.228841,1,0.812986
POS_005427,29.315322,79.345679,1,0.735459
POS_002275,30.032933,78.629766,1,0.991474
POS_000182,29.295167,80.03325,1,0.876299
UK_NEG_04197,29.26165,79.14127,0,0.002251
UK_NEG_03739,30.761573,78.770199,0,0.001712
POS_002009,29.989503,79.989667,1,0.961126
POS_003341,30.353688,79.261521,1,0.927686
POS_002298,30.038583,79.949944,1,0.663341
POS_005360,30.5895,79.885556,1,0.00077
UK_NEG_01218,29.592638,78.647159,0,0.006984
UK_NEG_01985,30.389543,80.072927,0,0.000931
POS_002688,30.124204,79.724174,1,0.878248
POS_000619,29.506185,80.290165,1,0.92315
UK_NEG_01480,29.47772,78.935277,0,0.002786
POS_004860,30.851617,76.999167,1,0.862482
POS_003551,30.402398,78.189577,1,0.985542
UK_NEG_04135,29.198525,78.999649,0,0.000527
UK_NEG_03172,29.879156,78.006514,0,0.00162
UK_NEG_01629,30.381322,77.868947,0,0.015225
POS_002343,30.05,80.28,1,0.714075
UK_NEG_00404,30.566436,78.988296,0,0.014023
UK_NEG_02477,30.045473,80.512256,0,0.013781
UK_NEG_01783,29.228296,79.731774,0,0.880906
POS_000235,29.321278,79.778944,1,0.782936
POS_000281,29.347,79.665,1,0.560205
POS_001400,29.843722,79.960722,1,0.928778
UK_NEG_03756,29.669767,79.587548,0,0.187891
UK_NEG_00223,30.077719,80.732704,0,0.005492
UK_NEG_02816,31.046234,78.540241,0,0.002968
POS_000767,29.547198,79.338611,1,0.874114
POS_003234,30.310946,78.598405,1,0.744838
POS_003391,30.370498,78.502779,1,0.929167
POS_002318,30.041499,79.548333,1,0.974566
UK_NEG_00619,30.66595,77.944356,0,0.844613
POS_002384,30.05875,79.523611,1,0.91166
POS_004955,30.888968,78.313856,1,0.903329
POS_000496,29.460944,80.092688,1,0.328415
POS_000334,29.379881,79.485059,1,0.856891
UK_NEG_05494,30.535449,79.366667,0,0.01348
UK_NEG_04940,30.362849,78.378171,0,0.141399
POS_000611,29.50538,79.444287,1,0.943133
UK_NEG_00802,29.681468,78.051276,0,0.006701
UK_NEG_00211,29.992527,78.110348,0,0.00527
POS_001713,29.926676,78.58882,1,0.961359
UK_NEG_04451,31.261623,79.179178,0,0.002163
POS_001723,29.929802,78.630512,1,0.948005
POS_002245,30.027024,78.809589,1,0.854877
POS_004965,30.892222,78.319167,1,0.823054
POS_005302,30.118541,78.3737,1,0.987959
UK_NEG_00559,31.052878,78.271371,0,0.013612
POS_003344,30.355429,78.631567,1,0.711785
UK_NEG_03597,31.027301,79.276062,0,0.002923
POS_001724,29.930187,78.487801,1,0.975108
UK_NEG_00054,29.771391,77.882547,0,0.001357
POS_000817,29.565062,79.262501,1,0.967721
POS_002804,30.184147,78.576355,1,0.774863
UK_NEG_03325,30.7803,79.641377,0,0.000802
UK_NEG_01315,30.433726,79.533041,0,0.008548
UK_NEG_00073,30.749048,80.163916,0,0.003579
POS_001291,29.814383,79.097303,1,0.773385
POS_001838,29.959,79.993944,1,0.530164
POS_000065,29.234664,79.93362,1,0.93192
UK_NEG_01796,29.010611,79.625527,0,0.000282
POS_001382,29.838639,79.792167,1,0.624668
UK_NEG_04051,30.896279,78.612213,0,0.005381
UK_NEG_00609,30.464003,79.196408,0,0.057896
UK_NEG_00616,29.138337,79.253336,0,0.00127
UK_NEG_03841,28.913368,79.990255,0,0.00102
UK_NEG_01004,29.972375,80.19355,0,0.406236
POS_000096,29.256967,80.131041,1,0.957157
POS_003205,30.304194,78.606389,1,0.803262
UK_NEG_04312,30.907658,79.055053,0,0.00842
UK_NEG_04137,31.13775,79.055503,0,0.003374
UK_NEG_05144,29.421928,79.015197,0,0.079492
UK_NEG_04248,29.495893,79.238176,0,0.764528
UK_NEG_00872,29.242635,79.7653,0,0.69532
POS_001607,29.907472,80.138639,1,0.971584
POS_005185,30.9944,78.9416,1,0.257278
POS_002133,30.004571,80.036356,1,0.829937
UK_NEG_03378,29.795982,78.941902,0,0.668732
UK_NEG_04389,29.654875,80.03945,0,0.5044
POS_005492,30.5298,79.0837,1,0.997125
UK_NEG_00337,29.463891,78.910391,0,0.009303
UK_NEG_02228,29.873989,78.267221,0,0.000518
UK_NEG_04687,29.493088,80.069587,0,0.782466
POS_003093,30.284722,79.114167,1,0.937605
UK_NEG_01967,29.955948,78.070089,0,0.000785
POS_003472,30.388011,78.816508,1,0.99806
UK_NEG_03637,31.172303,79.254162,0,0.001522
POS_001472,29.874414,78.757772,1,0.916885
POS_000508,29.464422,78.864131,1,0.973757
POS_004251,30.597795,78.073814,1,0.979358
POS_003898,30.523833,79.091245,1,0.539283
POS_004685,30.796546,78.116218,1,0.970426
POS_004239,30.595444,78.684556,1,0.898995
UK_NEG_01222,30.167628,78.227985,0,0.00287
POS_004264,30.599678,78.703639,1,0.955294
UK_NEG_01415,30.309406,79.281825,0,0.505009
UK_NEG_02148,30.634073,79.465131,0,0.005322
POS_005006,30.904,78.342278,1,0.70416
UK_NEG_04678,29.898868,79.997003,0,0.782536
POS_003535,30.400579,78.525314,1,0.908597
POS_001460,29.870889,79.842694,1,0.93098
POS_001604,29.907198,80.140281,1,0.864037
UK_NEG_04677,29.996,77.938022,0,0.000549
UK_NEG_01231,29.851174,80.322887,0,0.290809
UK_NEG_04897,30.45155,80.397922,0,0.001149
POS_004222,30.593952,78.063307,1,0.939147
UK_NEG_03521,29.783504,79.36489,0,0.591209
POS_003690,30.451325,78.147063,1,0.888138
UK_NEG_01267,29.052388,79.49055,0,0.000926
UK_NEG_03580,29.696018,78.547261,0,0.213556
POS_000453,29.4524,80.003607,1,0.504866
UK_NEG_00683,30.510418,80.038193,0,0.000663
UK_NEG_03698,30.295964,80.450751,0,0.001701
UK_NEG_04653,30.943907,78.763243,0,0.009538
UK_NEG_04622,29.94236,79.448134,0,0.873658
UK_NEG_03095,29.372742,79.918559,0,0.228687
POS_005337,30.655784,79.028259,1,0.930142
POS_001188,29.784641,78.5711,1,0.928745
UK_NEG_03040,29.910506,79.633496,0,0.840042
UK_NEG_02422,29.296941,80.299829,0,0.637757
POS_004992,30.901083,78.229722,1,0.769998
POS_003717,30.463121,77.936796,1,0.881227
UK_NEG_01855,30.416011,78.56988,0,0.303792
POS_003279,30.328006,78.96945,1,0.928294
POS_004225,30.594167,78.045611,1,0.99831
POS_005357,30.487,79.487269,1,0.969795
UK_NEG_04411,30.273902,79.353404,0,0.043034
POS_003040,30.275888,78.963799,1,0.979286
POS_000200,29.302194,80.076639,1,0.988269
UK_NEG_04729,30.904268,78.962295,0,0.001045
UK_NEG_04928,28.920873,79.536785,0,0.003948
UK_NEG_05226,29.052108,79.998177,0,0.000706
UK_NEG_04102,29.327241,79.076793,0,0.000849
UK_NEG_05324,29.476406,79.060972,0,0.128879
POS_004892,30.86,78.2825,1,0.942079
POS_002333,30.045661,79.895352,1,0.819674
POS_000373,29.406278,80.107278,1,0.95309
POS_003892,30.522333,78.604417,1,0.996536
POS_001389,29.839969,79.136536,1,0.96266
POS_004272,30.600806,78.654333,1,0.666615
UK_NEG_00318,31.054983,78.762624,0,0.0273
UK_NEG_03825,30.033061,77.793912,0,0.002149
UK_NEG_03313,30.438474,78.546463,0,0.155371
UK_NEG_05168,30.51481,78.882489,0,0.023681
POS_000152,29.279844,80.06398,1,0.937567
UK_NEG_05281,30.434955,78.298505,0,0.374404
UK_NEG_03844,31.195303,78.599732,0,0.000805
UK_NEG_03778,30.142719,79.304265,0,0.052196
UK_NEG_03456,30.696085,79.921761,0,0.001644
POS_005068,30.928194,77.898332,1,0.925376
POS_005250,29.748306,80.352722,1,0.585622
POS_000333,29.379809,79.499115,1,0.979275
POS_000327,29.377843,79.541803,1,0.649143
UK_NEG_03914,30.294431,78.899868,0,0.960272
POS_004253,30.597917,78.700625,1,0.92166
UK_NEG_04304,30.042524,79.986672,0,0.021115
POS_002550,30.094921,79.451012,1,0.953449
UK_NEG_05127,30.198179,80.979324,0,0.00194
UK_NEG_05329,30.718113,79.445735,0,0.000914
POS_000645,29.511949,80.04291,1,0.992824
UK_NEG_00340,29.826947,80.296518,0,0.309012
UK_NEG_00908,29.319863,79.075326,0,0.000732
UK_NEG_01120,30.77714,77.939629,0,0.421455
POS_000377,29.40875,80.203917,1,0.957371
POS_004825,30.845694,78.273222,1,0.863994
UK_NEG_02207,30.291094,80.510124,0,0.0015
POS_000775,29.54969,79.311012,1,0.999685
POS_002970,30.257504,78.639659,1,0.631642
UK_NEG_04701,30.33214,78.912462,0,0.508077
POS_004427,30.651389,79.520972,1,0.980051
UK_NEG_04456,30.172973,80.404395,0,0.012717
POS_002871,30.218682,77.932452,1,0.30455
UK_NEG_05451,29.910519,78.163427,0,0.002146
POS_002253,30.02823,79.556636,1,0.887061
POS_002357,30.052088,80.062324,1,0.66164
UK_NEG_04562,30.116531,78.07353,0,0.001908
UK_NEG_04621,30.600892,78.115054,0,0.613553
POS_005229,30.4861,79.4794,1,0.994965
POS_002090,29.998644,78.805098,1,0.998107
UK_NEG_03422,30.055777,78.357233,0,0.373008
POS_000254,29.336449,79.482745,1,0.246929
UK_NEG_01363,30.265909,77.948972,0,0.039161
UK_NEG_01601,30.787293,80.161466,0,0.000568
UK_NEG_05260,28.899088,79.825538,0,0.000647
POS_001406,29.845578,79.797223,1,0.566219
UK_NEG_04885,30.530743,79.540005,0,0.007235
UK_NEG_05299,30.793717,79.030711,0,0.00257
POS_002441,30.071639,79.603861,1,0.998108
UK_NEG_03262,29.281695,78.959851,0,0.000507
UK_NEG_05496,28.983554,79.470724,0,0.0016
UK_NEG_04272,29.837479,80.305287,0,0.143267
POS_002107,30.001448,80.73041,1,0.98999
POS_000126,29.269143,79.683619,1,0.997805
POS_002862,30.214661,78.229017,1,0.074594
UK_NEG_03197,30.976613,77.872657,0,0.595445
POS_003908,30.526167,78.785333,1,0.881573
UK_NEG_01593,30.074092,78.050045,0,0.026092
POS_000389,29.418382,79.597594,1,0.093429
UK_NEG_00440,30.405227,77.817181,0,0.001425
POS_004059,30.56,79.76,1,0.405482
UK_NEG_02248,30.960552,78.489338,0,0.005612
UK_NEG_04054,29.236015,79.277673,0,0.000291
POS_005144,30.965611,78.429306,1,0.98512
UK_NEG_02677,30.166753,78.349424,0,0.364864
UK_NEG_00016,29.899847,79.888145,0,0.363028
POS_002074,29.996861,79.915389,1,0.913657
POS_000896,29.609432,79.112425,1,0.960795
POS_002905,30.230843,79.448538,1,0.956617
UK_NEG_05058,30.459482,80.061794,0,0.000977
UK_NEG_03848,30.468655,79.669356,0,0.022483
UK_NEG_03122,30.315496,78.114812,0,0.297417
POS_001612,29.907917,79.941694,1,0.696343
POS_004936,30.879583,78.310222,1,0.87848
UK_NEG_01301,30.764347,79.324901,0,0.003061
POS_000527,29.473,79.883361,1,0.982359
POS_005385,30.410139,79.306194,1,0.985443
POS_003762,30.485014,77.932952,1,0.939842
UK_NEG_03558,30.093233,78.958225,0,0.240347
POS_001052,29.692924,79.816036,1,0.900797
UK_NEG_01776,31.029255,78.985173,0,0.002092
POS_000528,29.473236,79.443064,1,0.959843
POS_004014,30.545028,78.801222,1,0.865144
UK_NEG_02372,29.104935,79.405618,0,0.000419
POS_005314,30.165949,78.617681,1,0.999798
UK_NEG_03006,30.166688,80.400448,0,0.091579
UK_NEG_01863,30.035233,79.854629,0,0.933214
UK_NEG_01063,30.24117,80.000671,0,0.005147
UK_NEG_02557,29.238494,78.935976,0,0.001078
POS_005171,30.973056,78.433472,1,0.9852
UK_NEG_03189,30.280276,80.630246,0,0.000824
POS_003539,30.400962,78.880447,1,0.654124
UK_NEG_02116,29.748358,78.21766,0,0.003113
UK_NEG_02426,30.220107,77.95974,0,0.410583
UK_NEG_01046,29.968785,80.5637,0,0.047465
UK_NEG_02411,29.841836,80.402433,0,0.218122
POS_004463,30.690556,78.071111,1,0.899294
UK_NEG_01420,31.157246,78.769056,0,0.004223
POS_001452,29.868299,79.114114,1,0.710204
POS_004476,30.713889,79.069444,1,0.052933
POS_002531,30.093458,78.615041,1,0.882353
POS_003777,30.48943,78.03424,1,0.998246
UK_NEG_04477,31.029529,78.158201,0,0.016562
POS_005160,30.969528,78.4425,1,0.96729
POS_002180,30.014722,79.876111,1,0.926318
UK_NEG_00659,31.378549,79.087098,0,0.000638
UK_NEG_00255,29.032099,79.642396,0,0.001318
POS_000728,29.533583,79.544833,1,0.574645
POS_003070,30.281623,78.215292,1,0.984883
UK_NEG_03582,30.267316,78.09217,0,0.119521
UK_NEG_03271,29.04923,79.66491,0,0.000394
POS_003937,30.530322,79.510947,1,0.959858
POS_004340,30.62271,77.904201,1,0.979932
UK_NEG_02897,29.141685,80.023607,0,0.187286
UK_NEG_04903,30.743252,79.438777,0,0.001652
UK_NEG_03888,29.590792,79.398912,0,0.739151
UK_NEG_01661,29.55756,78.84064,0,0.007016
UK_NEG_00281,28.896289,79.547919,0,0.000855
UK_NEG_01308,30.562897,79.522914,0,0.399282
POS_004086,30.565345,77.862475,1,0.890128
UK_NEG_01191,30.094983,79.196281,0,0.015537
UK_NEG_00693,29.515742,79.77562,0,0.796699
UK_NEG_01179,30.168181,80.293685,0,0.012454
POS_002261,30.03,80.31,1,0.488408
POS_004241,30.595722,78.673083,1,0.859324
UK_NEG_04710,30.232092,79.73958,0,0.000739
POS_003020,30.273306,79.222806,1,0.980951
POS_001968,29.984193,78.784818,1,0.856345
UK_NEG_02173,30.697886,79.281614,0,0.002565
POS_001726,29.930778,79.771028,1,0.986231
UK_NEG_02091,30.43107,79.901309,0,0.006221
UK_NEG_03705,30.327147,80.439307,0,0.021589
UK_NEG_05169,30.088641,77.969987,0,0.002013
POS_000658,29.514371,80.003944,1,0.999673
UK_NEG_02826,30.617775,79.268911,0,0.005319
POS_004475,30.711796,77.874714,1,0.131938
POS_003638,30.432358,77.885015,1,0.897654
UK_NEG_02345,29.030922,79.4475,0,0.001482
UK_NEG_04495,29.906855,79.474109,0,0.104064
POS_003105,30.286194,79.196556,1,0.935334
UK_NEG_04877,29.453341,78.949405,0,0.009074
POS_002539,30.094103,78.67164,1,0.859737
POS_004986,30.899728,78.229408,1,0.935673
POS_004301,30.607455,77.882208,1,0.772075
UK_NEG_00056,30.513031,78.72335,0,0.427902
UK_NEG_03426,30.025097,80.11301,0,0.570787
UK_NEG_03678,30.241473,79.157467,0,0.520178
UK_NEG_04231,30.067263,79.929047,0,0.010578
POS_000723,29.5316,79.0723,1,0.558523
UK_NEG_03775,29.897995,80.386777,0,0.216977
UK_NEG_02515,30.108244,79.235816,0,0.639111
UK_NEG_03013,30.210846,79.65061,0,0.0076
POS_001310,29.820046,78.705068,1,0.9717
UK_NEG_00994,30.363796,77.720106,0,0.011136
POS_003448,30.384316,78.815909,1,0.900032
POS_000850,29.57583,79.941065,1,0.969558
POS_002296,30.038385,78.648304,1,0.965193
POS_000272,29.342333,80.215917,1,0.721484
POS_002166,30.012179,80.076889,1,0.973703
UK_NEG_03294,30.172024,78.05882,0,0.002186
POS_004929,30.872076,77.814482,1,0.996668
UK_NEG_00838,31.144599,78.476389,0,0.001793
UK_NEG_05266,30.97513,78.11573,0,0.100898
UK_NEG_05010,30.151606,77.896437,0,0.000376
POS_003523,30.398647,78.504166,1,0.942662
POS_001669,29.917389,79.799194,1,0.992756
POS_002786,30.178139,79.385778,1,0.979682
UK_NEG_04700,30.902614,78.833263,0,0.002328
POS_003812,30.504922,78.134303,1,0.976168
UK_NEG_02750,29.154663,79.412717,0,0.00073
POS_000544,29.484069,80.125076,1,0.619284
POS_005101,30.944417,78.408222,1,0.807318
UK_NEG_01891,29.575535,78.712137,0,0.008134
POS_000599,29.500389,80.001181,1,0.99201
UK_NEG_01257,29.630372,79.438289,0,0.108625
POS_000621,29.507372,80.294053,1,0.998158
POS_003073,30.281944,79.232944,1,0.997772
UK_NEG_05339,30.83224,79.400525,0,0.001835
UK_NEG_01681,30.625843,77.949018,0,0.950023
UK_NEG_05389,29.268159,79.274421,0,0.0006
POS_000675,29.517852,79.456513,1,0.917822
POS_001331,29.825291,78.951698,1,0.931645
POS_005345,29.702389,79.881889,1,0.944045
UK_NEG_04841,28.956733,79.410993,0,0.001329
POS_004353,30.625311,78.852194,1,0.194629
UK_NEG_04581,29.031093,79.272898,0,0.001519
POS_000578,29.494233,79.500354,1,0.98207
UK_NEG_03413,29.855971,79.885547,0,0.652481
UK_NEG_03415,29.601454,78.038521,0,0.002409
POS_002975,30.261094,78.933061,1,0.98721
POS_000344,29.387343,79.40101,1,0.998073
POS_004079,30.564083,78.500639,1,0.838798
POS_005429,29.318418,79.355334,1,0.99257
POS_000714,29.528162,79.863535,1,0.826625
UK_NEG_01380,30.391288,79.558728,0,0.166123
UK_NEG_02188,29.631669,78.057995,0,0.000349
UK_NEG_02551,30.86355,79.922644,0,0.003611
POS_002185,30.015141,78.810454,1,0.692549
UK_NEG_03065,30.5936,78.260805,0,0.488868
POS_000545,29.484713,79.972357,1,0.991332
UK_NEG_02917,29.808849,78.147963,0,0.000412
UK_NEG_00965,30.171665,78.078604,0,0.00106
POS_000286,29.349667,79.707,1,0.241155
POS_000881,29.598601,79.274904,1,0.991697
UK_NEG_04098,30.217683,80.80024,0,0.002883
POS_004153,30.581806,78.653111,1,0.918167
POS_002478,30.08414,78.593882,1,0.9384
UK_NEG_01703,30.633585,79.168611,0,0.001698
UK_NEG_04217,29.840013,78.28332,0,0.001497
UK_NEG_04240,29.369381,79.917483,0,0.381788
UK_NEG_05091,30.645598,78.737091,0,0.052732
POS_000819,29.565387,79.350924,1,0.998578
POS_003362,30.362365,78.554571,1,0.919846
POS_001399,29.843671,79.960763,1,0.926605
POS_004932,30.874018,78.304408,1,0.969508
POS_003763,30.486361,79.47925,1,0.878958
UK_NEG_00773,29.007896,80.135036,0,0.000875
POS_000877,29.598368,80.368901,1,0.979928
UK_NEG_04501,29.703369,78.963119,0,0.929697
UK_NEG_02062,30.787721,78.054513,0,0.471465
POS_004771,30.831544,78.449519,1,0.987445
UK_NEG_01746,30.939065,77.937836,0,0.016705
POS_004311,30.6116,78.315,1,0.995818
UK_NEG_03731,31.01956,77.882165,0,0.001635
POS_002836,30.199207,79.310819,1,0.901196
UK_NEG_02032,31.185727,78.987513,0,0.001791
POS_002839,30.200111,79.278722,1,0.99943
POS_001806,29.952097,79.02299,1,0.992368
POS_003007,30.270806,79.216528,1,0.893321
UK_NEG_04648,30.770656,77.712715,0,0.990261
UK_NEG_01425,29.850366,79.848102,0,0.761061
UK_NEG_00224,30.561584,79.610474,0,0.849412
UK_NEG_01575,30.959786,79.401769,0,0.00218
POS_003566,30.406937,78.131324,1,0.993672
UK_NEG_04722,29.920414,80.507959,0,0.006084
POS_000581,29.495945,80.000591,1,0.966786
POS_000947,29.641611,80.240278,1,0.571101
UK_NEG_00728,30.10548,79.796494,0,0.271143
POS_001128,29.757315,79.020186,1,0.992627
POS_003938,30.530525,77.973495,1,0.79476
POS_002599,30.103551,78.827366,1,0.618992
POS_004823,30.845417,78.4365,1,0.539637
POS_005507,30.41808,79.42758,1,0.995543
POS_002961,30.252814,78.789425,1,0.963573
UK_NEG_05482,29.635842,79.879711,0,0.203285
POS_002876,30.222214,78.526183,1,0.999649
POS_003032,30.274381,78.569734,1,0.953652
POS_004361,30.626583,78.996639,1,0.784654
UK_NEG_02793,29.941266,78.13591,0,0.000799
POS_001053,29.693145,78.902758,1,0.749432
UK_NEG_03192,30.844078,79.482126,0,0.000957
POS_004188,30.588611,78.682083,1,0.989656
UK_NEG_02600,29.790561,79.55273,0,0.051932
UK_NEG_03145,29.259262,79.903699,0,0.455711
POS_003330,30.347642,78.631314,1,0.948035
POS_000316,29.371775,79.441012,1,0.998563
UK_NEG_00365,29.3723,80.13535,0,0.228966
UK_NEG_03221,29.000522,79.506471,0,0.001858
UK_NEG_00915,29.356931,79.964035,0,0.410684
UK_NEG_00931,30.982383,78.216396,0,0.190604
UK_NEG_03958,30.287642,80.796644,0,0.000627
UK_NEG_04233,29.737562,79.458422,0,0.251197
UK_NEG_00108,29.811208,77.765896,0,0.002526
POS_004691,30.798112,78.179361,1,0.999023
UK_NEG_01041,29.161724,78.94674,0,0.000582
POS_004049,30.55575,78.805028,1,0.901407
POS_000416,29.436333,79.880639,1,0.961395
POS_004746,30.821875,78.208204,1,0.986351
UK_NEG_01942,30.094284,80.123466,0,0.048895
UK_NEG_04284,29.252848,79.138924,0,0.000949
POS_001039,29.689239,78.899036,1,0.870633
UK_NEG_03454,31.219972,79.26531,0,0.003192
POS_002195,30.01601,80.089749,1,0.998424
POS_001143,29.765716,78.549401,1,0.83282
POS_003890,30.521972,78.552194,1,0.43839
UK_NEG_04822,30.93798,79.618982,0,0.000732
UK_NEG_04652,30.039753,80.597976,0,0.274157
UK_NEG_05490,30.410673,79.978415,0,0.002739
POS_002392,30.060405,80.071308,1,0.068402
POS_000246,29.3295,80.159639,1,0.668739
UK_NEG_02478,30.238888,79.519359,0,0.077894
POS_004192,30.5895,78.823361,1,0.787059
POS_002692,30.124972,79.952917,1,0.718403
UK_NEG_02343,30.568577,79.650575,0,0.009079
UK_NEG_00196,29.96821,80.549826,0,0.018715
UK_NEG_00049,30.908514,78.708081,0,0.007398
UK_NEG_00156,30.75705,77.743057,0,0.735661
UK_NEG_04912,30.802943,79.335507,0,0.014541
UK_NEG_00467,30.361591,78.188381,0,0.196968
UK_NEG_04130,29.507779,78.808501,0,0.378188
POS_000763,29.546208,80.287147,1,0.777678
POS_001648,29.914207,78.492254,1,0.957226
UK_NEG_02933,29.108881,79.86278,0,0.006704
UK_NEG_01625,29.577132,80.012723,0,0.237364
UK_NEG_02935,30.311338,80.433074,0,0.001177
UK_NEG_05486,31.306062,78.97867,0,0.001018
POS_000818,29.565344,79.352622,1,0.982673
UK_NEG_02102,30.542695,79.008125,0,0.012651
UK_NEG_01696,30.825807,78.565521,0,0.022216
POS_001173,29.778168,79.029898,1,0.880417
UK_NEG_02088,29.59881,78.593752,0,0.007845
POS_002340,30.05,80.32,1,0.335552
UK_NEG_02763,29.266769,79.152006,0,0.000849
UK_NEG_03922,30.170346,80.56834,0,0.005462
POS_005470,30.609,79.0184,1,0.90462
POS_000910,29.618156,80.259177,1,0.816142
UK_NEG_00523,30.267682,80.623334,0,0.004945
UK_NEG_03188,30.247051,80.337883,0,0.003593
UK_NEG_01055,29.14842,79.519954,0,0.002741
POS_004263,30.599583,78.675139,1,0.85779
POS_003265,30.323726,79.196448,1,0.998829
POS_003570,30.40725,79.385444,1,0.536259
UK_NEG_05141,30.856181,77.92021,0,0.888732
UK_NEG_02147,30.049263,78.262878,0,0.002629
POS_002573,30.098889,78.574472,1,0.997821
UK_NEG_04975,30.321425,78.40021,0,0.396183
UK_NEG_00212,30.648672,78.196223,0,0.702863
POS_003053,30.278384,79.543796,1,0.408888
POS_000212,29.313058,79.343157,1,0.025659
POS_003212,30.306206,78.857561,1,0.998083
UK_NEG_05037,31.23157,79.226366,0,0.000685
POS_005296,30.123441,78.422545,1,0.997308
POS_003346,30.356066,79.320048,1,0.994806
POS_001609,29.907611,80.031778,1,0.866383
UK_NEG_00071,30.559411,79.373212,0,0.00387
UK_NEG_02172,29.915866,79.696767,0,0.83847
UK_NEG_04693,29.094231,79.626879,0,0.002314
POS_004460,30.684583,79.50875,1,0.110449
UK_NEG_03924,30.83417,79.558239,0,0.003123
UK_NEG_02656,30.41888,78.469041,0,0.970135
UK_NEG_04959,30.801956,78.330232,0,0.077306
UK_NEG_03326,30.006277,79.633327,0,0.897741
POS_003365,30.363675,78.559794,1,0.972409
POS_005440,29.382697,79.42724,1,0.933133
POS_001571,29.901521,78.833326,1,0.98626
POS_005272,30.7557,78.571,1,0.994623
POS_003826,30.509472,79.16404,1,0.467798
UK_NEG_03002,30.589765,78.997455,0,0.012961
POS_000828,29.568226,79.250359,1,0.771288
UK_NEG_03497,30.900749,79.219375,0,0.01005
POS_005518,30.635966,79.001953,1,0.483086
UK_NEG_05115,30.909495,78.863508,0,0.002136
POS_003858,30.515667,78.644472,1,0.965771
UK_NEG_04324,29.871211,80.197437,0,0.910255
UK_NEG_04376,31.095748,78.733533,0,0.042604
POS_003633,30.428906,78.121451,1,0.987249
POS_005435,29.326083,79.364646,1,0.835804
POS_000653,29.512947,79.04282,1,0.838276
UK_NEG_05020,29.734364,79.344835,0,0.292006
UK_NEG_00865,30.267169,80.871879,0,0.000485
UK_NEG_00076,30.136862,78.082709,0,0.001344
POS_001449,29.867333,79.826111,1,0.951487
POS_005191,30.997415,78.062382,1,0.774939
UK_NEG_01666,30.524088,79.640267,0,0.014854
UK_NEG_02210,30.553774,79.901927,0,0.003786
UK_NEG_01047,30.417004,79.506183,0,0.011104
UK_NEG_03751,30.280739,80.325769,0,0.02212
UK_NEG_04806,30.569839,78.213447,0,0.622641
UK_NEG_05156,30.379588,80.45772,0,0.003949
UK_NEG_02940,29.277258,79.070095,0,0.001965
UK_NEG_02611,30.79888,78.293156,0,0.077079
UK_NEG_00980,30.990359,79.758497,0,0.007142
POS_001003,29.672165,80.2623,1,0.703404
UK_NEG_00031,31.38444,79.159389,0,0.002013
UK_NEG_02036,30.815544,79.487033,0,0.006732
UK_NEG_01777,29.775748,78.413067,0,0.00357
POS_004229,30.594667,78.683333,1,0.999278
UK_NEG_04801,30.120095,78.72379,0,0.771888
POS_001496,29.881888,79.428333,1,0.887957
UK_NEG_04574,30.232147,78.726264,0,0.128556
UK_NEG_03689,30.14633,77.950514,0,0.002381
POS_001147,29.76765,79.106814,1,0.77483
UK_NEG_01976,30.775203,78.238084,0,0.109836
POS_003072,30.281917,79.21425,1,0.961759
UK_NEG_04423,30.656035,79.870117,0,0.001798
UK_NEG_02187,30.109426,80.422672,0,0.048019
UK_NEG_03491,30.348415,80.20226,0,0.010184
UK_NEG_00304,30.391809,80.044706,0,0.000481
UK_NEG_03948,28.946149,80.077167,0,0.005284
POS_000778,29.5502,79.4119,1,0.981265
UK_NEG_03452,29.381574,79.941217,0,0.223033
UK_NEG_01597,30.908436,79.368323,0,0.000583
UK_NEG_01419,30.269441,80.795641,0,0.007147
POS_003170,30.296972,79.202361,1,0.941031
UK_NEG_04926,30.295357,80.018709,0,0.000542
POS_001169,29.774699,78.832974,1,0.984885
UK_NEG_00903,30.519886,79.543734,0,0.019284
UK_NEG_03236,30.062461,80.692999,0,0.308661
POS_003340,30.353497,78.95981,1,0.984715
POS_004683,30.795616,78.172965,1,0.954409
POS_003568,30.407202,78.124254,1,0.978981
UK_NEG_03315,30.062175,80.686839,0,0.052786
UK_NEG_01005,29.173168,79.722408,0,0.06911
POS_001286,29.813056,79.912694,1,0.939889
UK_NEG_01440,30.630251,79.739033,0,0.011764
POS_005317,30.1631,78.617,1,0.999511
UK_NEG_03220,30.860581,79.519369,0,0.000342
POS_004058,30.56,79.76,1,0.405482
POS_004034,30.552525,78.805258,1,0.84392
UK_NEG_00698,31.081537,78.144417,0,0.535223
UK_NEG_01663,29.443728,80.208267,0,0.855375
POS_004884,30.858056,78.623333,1,0.822295
UK_NEG_03343,29.07568,79.669878,0,0.000694
UK_NEG_02340,29.690736,79.524998,0,0.286085
UK_NEG_04368,29.220298,79.167019,0,0.000858
UK_NEG_01525,30.429188,79.87549,0,0.014963
UK_NEG_04669,29.124902,79.731387,0,0.00121
UK_NEG_04153,29.512312,79.752456,0,0.718092
UK_NEG_01958,30.406598,79.140912,0,0.829974
POS_001828,29.957778,79.82,1,0.826625
POS_001689,29.92038,78.798214,1,0.813996
UK_NEG_00033,30.019195,79.130789,0,0.004063
UK_NEG_00296,30.554028,80.283061,0,0.000428
POS_005411,30.001472,80.728167,1,0.965914
UK_NEG_02097,31.398743,79.035873,0,0.007367
POS_002820,30.192041,78.778326,1,0.996633
UK_NEG_04078,30.844973,79.325098,0,0.000569
POS_001064,29.7006,79.8772,1,0.44333
UK_NEG_04742,30.038079,78.513586,0,0.936219
POS_004329,30.616528,78.982278,1,0.459278
UK_NEG_00675,30.369966,80.046166,0,0.002283
UK_NEG_00883,30.114002,80.020465,0,0.007309
UK_NEG_00216,30.148227,79.903899,0,0.071151
POS_000198,29.301743,79.543629,1,0.996932
POS_004696,30.800523,78.181131,1,0.829948
POS_002432,30.069769,78.994959,1,0.507771
UK_NEG_02725,29.760103,80.13313,0,0.58922
POS_005181,30.989444,78.700556,1,0.682392
POS_002481,30.084635,79.492223,1,0.947576
UK_NEG_02015,30.235009,79.02457,0,0.363779
POS_000028,29.170745,80.073226,1,0.992223
POS_004002,30.542417,78.657472,1,0.167878
POS_003352,30.358194,79.246528,1,0.950865
POS_002026,29.990814,79.042456,1,0.901913
POS_001676,29.918444,79.794833,1,0.965705
POS_000815,29.563859,79.802065,1,0.363843
POS_002015,29.99,79.919667,1,0.75575
UK_NEG_02883,29.200664,79.728925,0,0.668592
POS_000388,29.418,79.34,1,0.928187
POS_002106,30.0012,80.718589,1,0.993351
UK_NEG_01894,31.05515,78.216389,0,0.387998
UK_NEG_05190,29.738298,80.211614,0,0.539241
UK_NEG_04281,29.582069,79.029669,0,0.01444
UK_NEG_01997,30.06494,79.773473,0,0.979867
POS_001322,29.82361,80.50722,1,0.992747
UK_NEG_00086,28.880108,79.793622,0,0.001292
POS_003801,30.501111,78.439722,1,0.938844
POS_004532,30.754019,78.176408,1,0.935339
UK_NEG_03031,30.184444,79.618497,0,0.013958
POS_005481,30.4074,79.0567,1,0.887433
POS_004619,30.776263,77.917039,1,0.043632
UK_NEG_03099,30.364857,79.559642,0,0.439964
UK_NEG_02828,30.235454,79.670709,0,0.003563
UK_NEG_02643,29.697224,79.49473,0,0.648381
UK_NEG_04522,30.561445,78.257914,0,0.122894
UK_NEG_04204,30.488129,79.865315,0,0.004604
UK_NEG_02838,29.792206,78.932066,0,0.416369
POS_002711,30.132222,79.371028,1,0.951392
UK_NEG_00837,30.146739,77.923224,0,0.002127
POS_002743,30.144101,78.830383,1,0.631309
UK_NEG_02681,29.729668,78.082389,0,0.000451
UK_NEG_00447,31.261969,79.15943,0,0.005608
UK_NEG_03345,29.683082,80.190792,0,0.27898
POS_000753,29.544509,80.312151,1,0.881279
POS_002240,30.025714,79.556669,1,0.969857
POS_000861,29.587365,79.191544,1,0.912015
POS_000372,29.405257,79.633573,1,0.752576
POS_000201,29.303977,79.533402,1,0.923745
UK_NEG_04630,29.457799,78.950242,0,0.067466
UK_NEG_04914,30.318055,78.826549,0,0.663038
UK_NEG_04301,30.887913,79.618875,0,0.000186
UK_NEG_05312,29.669971,80.180696,0,0.62981
POS_005145,30.966389,78.411944,1,0.89915
POS_001277,29.810561,78.593752,1,0.81544
POS_003364,30.362996,78.549397,1,0.986643
UK_NEG_04299,28.997731,79.748149,0,0.000997
POS_005136,30.961289,78.426272,1,0.971173
UK_NEG_00007,31.101242,79.181805,0,0.002053
UK_NEG_02629,28.996794,80.00754,0,0.00301
UK_NEG_00708,31.26488,78.976699,0,0.001732
POS_000247,29.329836,79.493818,1,0.836238
UK_NEG_04356,30.841841,78.999817,0,0.000384
UK_NEG_04141,30.688307,79.283208,0,0.002529
POS_001060,29.696889,80.246444,1,0.974193
UK_NEG_03403,31.00755,77.865576,0,0.444459
POS_000473,29.455599,79.965148,1,0.745839
POS_003421,30.377362,78.895729,1,0.816594
POS_005502,30.33664,79.31989,1,0.970761
UK_NEG_02162,30.549001,78.527721,0,0.420154
POS_000959,29.645245,78.928629,1,0.813878
UK_NEG_00764,30.318329,79.709669,0,0.006751
POS_000468,29.454519,79.293377,1,0.925145
POS_004964,30.891944,78.371667,1,0.207173
POS_002574,30.099103,78.937122,1,0.950498
UK_NEG_01288,29.748938,79.615009,0,0.447801
POS_004348,30.624167,79.015833,1,0.361443
POS_005305,30.068523,78.46121,1,0.990027
UK_NEG_05045,30.705516,78.713636,0,0.008015
POS_002003,29.988639,79.939111,1,0.988378
POS_003586,30.410662,79.035282,1,0.982402
UK_NEG_04171,29.706479,78.098308,0,0.000366
UK_NEG_03111,29.262773,79.800908,0,0.169641
POS_000626,29.508759,80.294632,1,0.926843
UK_NEG_03213,30.263184,80.748755,0,0.000811
UK_NEG_03408,29.720027,79.677388,0,0.378212
POS_001832,29.958222,79.992417,1,0.984812
POS_005035,30.910807,78.230601,1,0.778929
UK_NEG_02485,30.607476,77.979109,0,0.970757
UK_NEG_03772,29.994609,78.194387,0,0.00259
UK_NEG_01761,30.377041,80.611637,0,0.000491
UK_NEG_00936,29.724012,79.514459,0,0.867526
UK_NEG_01502,30.755573,77.753954,0,0.429677
POS_000108,29.26295,80.097383,1,0.97693
POS_001247,29.801936,79.178129,1,0.70811
UK_NEG_05065,29.111955,80.041717,0,0.038095
POS_000894,29.608722,79.216848,1,0.998962
POS_002740,30.143473,79.373874,1,0.744739
POS_003598,30.415126,78.120168,1,0.996544
POS_003952,30.532788,79.093129,1,0.769457
POS_002017,29.99,79.933333,1,0.990051
UK_NEG_03138,30.853635,78.777351,0,0.004724
UK_NEG_04947,30.386225,77.886691,0,0.069868
UK_NEG_04728,31.182748,78.239022,0,0.001396
POS_003238,30.313856,78.975917,1,0.92451
POS_003571,30.407361,78.878366,1,0.963624
POS_001459,29.870463,78.591276,1,0.791458
POS_001054,29.69332,78.904246,1,0.783619
UK_NEG_02095,30.536243,79.92228,0,0.00107
POS_003423,30.378194,79.291889,1,0.851924
UK_NEG_03725,30.737645,79.11774,0,0.002169
UK_NEG_03851,29.213418,79.224393,0,0.000833
UK_NEG_02302,30.62152,79.787791,0,0.008228
POS_001667,29.917,78.829,1,0.962652
UK_NEG_01465,30.118951,78.078258,0,0.0056
POS_001155,29.769875,79.119965,1,0.836427
POS_004905,30.863444,77.828333,1,0.95347
UK_NEG_01719,30.480993,80.092988,0,0.003004
UK_NEG_02310,30.725127,79.955563,0,0.000457
UK_NEG_01585,30.778368,79.787253,0,0.005837
UK_NEG_01461,30.92886,77.946009,0,0.198331
POS_001622,29.909417,80.128194,1,0.925214
UK_NEG_01095,29.659991,78.532407,0,0.003867
POS_001889,29.968913,79.227986,1,0.972826
POS_001326,29.824616,78.709797,1,0.997093
UK_NEG_02433,30.845907,78.551991,0,0.029344
POS_005204,29.988343,79.943972,1,0.96882
UK_NEG_00947,30.491807,80.067327,0,0.007672
POS_003919,30.526972,78.767917,1,0.876659
POS_005277,30.742292,78.364053,1,0.998748
POS_002433,30.070221,78.99069,1,0.558321
UK_NEG_04399,30.556069,79.179845,0,0.209758
UK_NEG_03364,29.910024,80.233968,0,0.612588
POS_001250,29.802667,79.921556,1,0.525712
POS_003336,30.351598,79.258803,1,0.982017
POS_002211,30.019881,78.671752,1,0.974556
POS_003375,30.366936,79.176194,1,0.877113
UK_NEG_00231,31.202677,78.622906,0,0.000601
UK_NEG_01350,30.441354,77.72842,0,0.002064
UK_NEG_01619,29.856754,80.331239,0,0.553581
POS_004138,30.577639,78.646389,1,0.94997
POS_000989,29.663484,78.916883,1,0.97476
POS_004985,30.899635,78.232361,1,0.96877
POS_003359,30.360278,79.281389,1,0.887886
POS_003302,30.336261,78.155683,1,0.986894
POS_002289,30.037064,80.180079,1,0.653516
POS_000467,29.454463,80.009497,1,0.972979
UK_NEG_02389,30.904363,78.732896,0,0.004047
UK_NEG_00074,30.318736,78.488288,0,0.959309
UK_NEG_00021,29.940818,79.218399,0,0.831953
POS_001862,29.962776,79.707891,1,0.985178
POS_001135,29.759389,79.513194,1,0.99746
POS_003698,30.454478,78.693881,1,0.71816
UK_NEG_04978,30.918398,79.782866,0,0.000375
POS_004487,30.7175,78.3508,1,0.983937
POS_002495,30.087137,78.576277,1,0.998541
UK_NEG_02519,30.627874,79.082788,0,0.121246
POS_005012,30.904333,78.341944,1,0.68385
POS_004110,30.570583,78.868306,1,0.096734
POS_004149,30.580639,78.671194,1,0.853597
POS_002709,30.131712,78.67097,1,0.996727
UK_NEG_02282,29.732185,79.066201,0,0.322148
POS_000824,29.566246,79.21301,1,0.953912
UK_NEG_02082,30.936951,79.673313,0,0.006473
POS_004853,30.848989,78.637463,1,0.857271
UK_NEG_05247,30.913299,79.449155,0,0.009497
UK_NEG_02858,30.933701,79.168879,0,0.000801
POS_000684,29.519993,79.254702,1,0.998091
POS_002681,30.122976,78.598121,1,0.960154
UK_NEG_02785,29.10269,79.190163,0,0.001038
POS_002145,30.00722,78.808442,1,0.940458
POS_001888,29.968868,79.06464,1,0.943245
UK_NEG_02403,29.580915,80.195471,0,0.299964
POS_003194,30.302556,79.209556,1,0.989268
UK_NEG_02642,30.901647,79.222212,0,0.005469
POS_004072,30.562667,77.951363,1,0.980649
POS_004935,30.876667,78.308889,1,0.806065
UK_NEG_04043,30.231391,79.814868,0,0.002223
POS_004655,30.784856,78.450889,1,0.968824
POS_002463,30.0787,79.505302,1,0.392226
POS_003646,30.4363,79.0719,1,0.959007
UK_NEG_00637,30.622574,79.372353,0,0.036598
UK_NEG_01506,29.292336,79.214865,0,0.001301
UK_NEG_00463,30.131229,80.181204,0,0.011059
UK_NEG_04432,30.263895,80.123821,0,0.001598
UK_NEG_01822,30.814615,78.037009,0,0.827544
UK_NEG_04800,30.859747,79.48683,0,0.001285
POS_004522,30.751276,78.333127,1,0.48577
UK_NEG_05227,30.831399,79.727285,0,0.000411
POS_002939,30.244278,79.400278,1,0.978778
UK_NEG_03527,30.439301,80.652311,0,0.002018
UK_NEG_03091,30.419307,78.320131,0,0.118353
UK_NEG_00787,30.410224,78.436795,0,0.651228
UK_NEG_04361,29.288269,79.146733,0,0.001223
POS_001905,29.970201,79.232356,1,0.939635
POS_000129,29.269717,80.114558,1,0.912293
POS_000945,29.638657,79.644482,1,0.981865
POS_000443,29.445583,79.952972,1,0.797412
POS_000014,29.150029,79.942866,1,0.628748
POS_005493,30.2831,79.9693,1,0.00078
UK_NEG_03070,30.144303,78.023567,0,0.038385
POS_005423,31.945006,77.852531,1,0.00028
POS_002566,30.098244,79.859295,1,0.781711
POS_005263,30.895647,78.302375,1,0.938984
UK_NEG_03143,29.340246,80.194756,0,0.920391
UK_NEG_00745,29.777682,79.688481,0,0.490696
UK_NEG_00045,30.327664,79.753147,0,0.002787
POS_003193,30.3025,79.210833,1,0.887468
POS_002771,30.170513,78.877262,1,0.260457
UK_NEG_02915,29.584414,79.008754,0,0.001679
POS_005490,30.5526,79.0704,1,0.999021
UK_NEG_03852,29.840872,77.75482,0,0.001234
POS_003056,30.278952,78.616857,1,0.950942
POS_000579,29.495611,80.162889,1,0.998456
UK_NEG_03688,30.413849,79.998093,0,0.003006
POS_000707,29.524538,80.101055,1,0.855125
UK_NEG_02733,30.619406,79.859101,0,0.00176
UK_NEG_01214,29.335416,79.976898,0,0.442863
POS_001249,29.802419,79.981501,1,0.982139
UK_NEG_03358,31.18092,79.087861,0,0.004449
UK_NEG_05309,29.055341,79.329944,0,0.002254
POS_001734,29.933652,78.740579,1,0.93179
POS_005412,30.594611,78.681306,1,0.927371
POS_000408,29.433745,79.861747,1,0.776749
UK_NEG_04387,29.664702,79.186615,0,0.149702
POS_002682,30.123504,79.728063,1,0.094561
POS_000153,29.281424,79.629659,1,0.973344
POS_002070,29.996667,79.901167,1,0.985761
UK_NEG_00001,29.864824,80.306968,0,0.455566
POS_004934,30.874167,78.303889,1,0.988999
POS_001187,29.784633,78.549221,1,0.59484
POS_000155,29.283247,79.624453,1,0.959755
POS_001787,29.946769,78.878202,1,0.237831
UK_NEG_03530,31.033771,79.387231,0,0.008637
POS_003727,30.466837,78.174297,1,0.671778
POS_005121,30.953611,78.25,1,0.023007
UK_NEG_03224,30.346746,79.98722,0,0.002256
POS_002627,30.11,80.25,1,0.71258
UK_NEG_05061,29.163728,79.287146,0,0.000469
POS_003809,30.503752,79.086896,1,0.978249
UK_NEG_04424,31.377205,79.143313,0,0.001841
UK_NEG_03079,30.628704,79.827342,0,0.475927
POS_000099,29.258194,80.096333,1,0.90325
UK_NEG_00987,29.597193,79.473056,0,0.336809
POS_001107,29.741889,79.801278,1,0.706585
UK_NEG_02452,29.538183,79.125328,0,0.096767
UK_NEG_03121,31.028628,78.139058,0,0.099602
UK_NEG_01622,30.681685,78.301992,0,0.917817
POS_001655,29.915017,78.742328,1,0.702037
UK_NEG_03010,29.641722,78.85044,0,0.042305
UK_NEG_04554,30.344338,80.09819,0,0.005172
POS_002108,30.0,80.57,1,0.342692
UK_NEG_03135,31.214304,79.199868,0,0.002259
POS_000826,29.5675,79.6145,1,0.635293
UK_NEG_02684,30.691103,78.876477,0,0.18372
UK_NEG_03295,30.340177,78.403041,0,0.434897
POS_004230,30.594722,78.693222,1,0.969374
POS_003748,30.476944,79.4675,1,0.997361
POS_003838,30.512988,77.953364,1,0.993054
POS_002818,30.191373,78.764781,1,0.985843
POS_000666,29.516055,79.961347,1,0.770801
POS_002268,30.031639,79.653889,1,0.863624
POS_000347,29.389671,79.615259,1,0.988231
UK_NEG_02291,30.09972,80.653934,0,0.014987
POS_004650,30.783056,78.353611,1,0.764561
UK_NEG_01448,30.967279,79.798729,0,0.003672
POS_005262,30.897768,78.326582,1,0.711158
POS_000551,29.486191,79.789682,1,0.469144
POS_004089,30.5658,78.325,1,0.991292
POS_005148,30.968609,78.442736,1,0.750644
UK_NEG_00312,30.484997,78.1378,0,0.800878
UK_NEG_04500,29.73469,77.799032,0,0.001113
POS_001694,29.921112,78.430056,1,0.962045
UK_NEG_01770,29.206668,80.275982,0,0.003888
POS_002439,30.071417,79.603417,1,0.998125
UK_NEG_00035,29.592534,78.640879,0,0.057605
UK_NEG_05522,30.529535,79.636127,0,0.003958
POS_002451,30.074913,78.956713,1,0.62735
POS_003936,30.530278,78.762278,1,0.659155
POS_003844,30.514096,77.953205,1,0.943938
POS_001660,29.916111,80.035,1,0.693011
POS_002930,30.242528,78.210222,1,0.863345
UK_NEG_01917,29.712258,79.513727,0,0.03246
UK_NEG_04123,29.215312,79.598555,0,0.196878
UK_NEG_03470,30.424546,78.425974,0,0.987074
UK_NEG_01679,30.96539,78.608743,0,0.005308
POS_003441,30.382639,79.114472,1,0.880812
UK_NEG_03201,29.625772,79.851202,0,0.565263
POS_003464,30.386755,78.571594,1,0.953846
UK_NEG_05081,30.118658,78.255561,0,0.000797
UK_NEG_03436,29.756109,78.799856,0,0.97885
UK_NEG_00860,31.17224,79.235211,0,0.000509
UK_NEG_01153,30.699492,78.533309,0,0.638689
POS_001124,29.755619,79.771559,1,0.826875
UK_NEG_04106,29.63582,79.52243,0,0.634728
UK_NEG_00957,28.970564,79.818484,0,0.000635
POS_003317,30.343287,78.969563,1,0.966936
POS_001138,29.761732,79.015934,1,0.399089
UK_NEG_04881,29.845166,79.731948,0,0.9059
UK_NEG_00818,31.263063,79.177967,0,0.001384
UK_NEG_01458,29.798796,78.483893,0,0.719495
UK_NEG_04721,29.188428,79.244097,0,0.002168
UK_NEG_04953,31.238606,79.035756,0,0.004404
UK_NEG_05376,30.742611,79.762808,0,0.006534
UK_NEG_00197,30.71495,78.860266,0,0.015316
UK_NEG_05394,29.755754,78.916073,0,0.132521
UK_NEG_00988,30.97094,79.297933,0,0.002614
UK_NEG_03699,29.902004,78.412624,0,0.583063
UK_NEG_01056,30.669511,78.197696,0,0.921389
UK_NEG_01084,30.108481,79.984973,0,0.834685
POS_001645,29.913905,79.033629,1,0.992679
UK_NEG_03289,30.504306,78.966394,0,0.077544
POS_003738,30.473167,79.479722,1,0.096799
POS_004795,30.838722,78.247278,1,0.990922
POS_002744,30.144318,79.428388,1,0.90946
UK_NEG_04236,30.424502,77.816705,0,0.009604
POS_004175,30.585528,78.6445,1,0.617594
POS_003033,30.274667,79.221028,1,0.994612
UK_NEG_01982,29.849929,80.44226,0,0.598797
UK_NEG_02314,30.756009,79.796012,0,0.000937
UK_NEG_00615,29.239426,79.195815,0,0.000702
UK_NEG_00099,31.013955,77.921504,0,0.092383
POS_003446,30.383922,78.542938,1,0.922581
POS_002532,30.093458,79.91342,1,0.906085
UK_NEG_00064,30.401505,79.500749,0,0.016476
POS_001079,29.715585,80.265486,1,0.930616
POS_001860,29.962496,78.697439,1,0.902579
UK_NEG_04275,30.431177,80.648275,0,0.001508
POS_002562,30.098021,79.444218,1,0.981078
POS_000487,29.458171,79.313518,1,0.875238
UK_NEG_04295,29.984821,79.480428,0,0.065152
UK_NEG_04042,29.108766,79.952292,0,0.018473
POS_002732,30.139154,79.713708,1,0.922087
UK_NEG_02313,29.668572,78.0025,0,0.001626
POS_000566,29.489896,79.480645,1,0.988079
UK_NEG_02845,30.738849,78.720407,0,0.006282
UK_NEG_02734,30.496795,79.401255,0,0.004444
POS_005437,29.3565,79.4073,1,0.993663
UK_NEG_03737,30.754555,79.64693,0,0.000714
POS_003524,30.398809,78.515734,1,0.909587
POS_001771,29.943316,79.054447,1,0.963621
UK_NEG_04695,31.089233,78.254673,0,0.428168
UK_NEG_00184,29.877668,79.082562,0,0.386352
POS_003975,30.538451,77.962838,1,0.936206
POS_002150,30.008669,80.174137,1,0.545274
UK_NEG_01950,30.225239,80.631144,0,0.000705
UK_NEG_03302,30.846295,79.927533,0,0.0046
UK_NEG_05317,30.798268,78.566716,0,0.016572
UK_NEG_03907,31.086165,79.03212,0,0.002444
POS_001500,29.88275,79.969278,1,0.942239
POS_000137,29.272361,79.617849,1,0.962302
UK_NEG_05106,30.663213,77.986342,0,0.943294
UK_NEG_03581,30.208595,79.918015,0,0.040024
POS_003789,30.496275,79.135935,1,0.784585
UK_NEG_03748,29.678867,78.698667,0,0.001342
UK_NEG_04122,31.231543,79.124587,0,0.001306
UK_NEG_00524,30.324564,80.390106,0,0.00037
UK_NEG_04718,30.724847,78.290386,0,0.63252
UK_NEG_04708,30.222542,80.975825,0,0.001049
UK_NEG_00441,30.369774,78.188372,0,0.844301
UK_NEG_00920,30.166334,78.451988,0,0.469825
POS_005312,30.2114,78.6793,1,0.999839
POS_004196,30.590472,78.620278,1,0.922841
POS_001932,29.978206,78.661615,1,0.993612
POS_000261,29.338358,79.723617,1,0.926692
UK_NEG_04957,30.328272,79.993551,0,0.001156
UK_NEG_01595,30.425331,80.086456,0,0.001606
POS_001082,29.716476,79.265612,1,0.838872
POS_001937,29.979847,79.048009,1,0.928103
POS_001918,29.974498,78.908928,1,0.582828
UK_NEG_05146,29.566433,80.005566,0,0.174289
POS_004642,30.781421,78.137544,1,0.992372
UK_NEG_00234,29.207108,79.74311,0,0.741042
UK_NEG_05172,30.391038,79.452268,0,0.102539
POS_000533,29.476936,79.413531,1,0.74785
UK_NEG_02641,29.086658,80.075388,0,0.001138
POS_001892,29.969243,79.173881,1,0.319155
POS_000209,29.310472,79.624443,1,0.997327
UK_NEG_03675,30.85142,78.167876,0,0.271373
POS_003215,30.306525,78.21564,1,0.963384
UK_NEG_01786,29.879667,79.026268,0,0.956997
POS_004783,30.834806,78.134028,1,0.740402
POS_003670,30.44706,78.684756,1,0.820988
UK_NEG_01580,30.823287,77.808503,0,0.797732
UK_NEG_00010,30.33805,80.465346,0,0.001223
UK_NEG_02970,30.013658,77.900517,0,0.00063
UK_NEG_04427,30.262538,78.162025,0,0.449657
UK_NEG_04789,31.110361,78.604269,0,0.006072
POS_001878,29.965503,78.42499,1,0.072849
UK_NEG_03802,30.628229,79.517692,0,0.015899
UK_NEG_02471,29.23365,79.153917,0,0.000543
POS_004646,30.782209,77.836221,1,0.656212
UK_NEG_00269,30.3084,80.73039,0,0.001926
POS_000394,29.423392,79.680267,1,0.870787
UK_NEG_01549,30.034638,78.12837,0,0.001509
POS_001315,29.822208,78.649691,1,0.900246
POS_004958,30.889763,78.08118,1,0.79899
UK_NEG_03360,29.688088,78.807748,0,0.505869
UK_NEG_03498,30.908328,78.176482,0,0.612868
UK_NEG_04016,30.206858,79.999093,0,0.026929
UK_NEG_03049,29.848883,79.625727,0,0.552919
POS_003493,30.391974,78.522244,1,0.994914
POS_001885,29.968277,79.248718,1,0.230245
UK_NEG_04908,30.96727,78.816294,0,0.000472
UK_NEG_05140,29.878536,79.492106,0,0.08716
POS_004262,30.599444,78.675333,1,0.836953
POS_004491,30.7175,78.3508,1,0.991319
POS_003069,30.281306,79.50303,1,0.927103
UK_NEG_01043,30.419099,80.037498,0,0.002185
UK_NEG_05330,29.940859,78.264948,0,0.000978
POS_001917,29.973664,80.088992,1,0.463211
POS_001343,29.827009,78.596896,1,0.26754
UK_NEG_01636,30.531968,78.469369,0,0.68188
POS_002935,30.243806,79.40025,1,0.903505
UK_NEG_03267,29.786138,79.540961,0,0.173902
POS_001281,29.811342,78.560762,1,0.953822
UK_NEG_00132,29.852685,79.663436,0,0.65435
UK_NEG_05182,31.005227,78.088421,0,0.182635
UK_NEG_04976,29.727406,78.593164,0,0.215661
UK_NEG_02880,30.8728,79.090804,0,0.001619
POS_001916,29.97273,79.053429,1,0.98234
POS_000283,29.347972,79.774306,1,0.270159
POS_001519,29.890444,79.659917,1,0.976831
POS_000098,29.257511,79.935134,1,0.545093
POS_000921,29.627335,80.278681,1,0.522946
UK_NEG_04534,29.296052,80.289527,0,0.393072
UK_NEG_05008,29.818293,78.241445,0,0.000871
UK_NEG_03799,30.874712,79.259205,0,0.00059
UK_NEG_00642,29.3502,79.816552,0,0.146082
POS_004812,30.844216,78.247618,1,0.823566
POS_004602,30.769667,78.450889,1,0.932725
POS_001851,29.960444,79.551,1,0.979051
UK_NEG_00594,30.375801,79.750857,0,0.001157
POS_003501,30.394119,78.546067,1,0.999263
UK_NEG_01614,31.162789,78.23309,0,0.009567
POS_005009,30.904212,78.335336,1,0.939299
UK_NEG_02229,30.601123,79.22971,0,0.013404
POS_003454,30.385379,78.167128,1,0.939471
POS_004570,30.762083,78.112111,1,0.869086
POS_005392,30.394889,79.32575,1,0.998215
UK_NEG_04910,30.61894,79.101472,0,0.645923
POS_003498,30.393556,79.030528,1,0.700138
POS_002923,30.241334,78.860179,1,0.990811
UK_NEG_00950,30.124448,78.285463,0,0.008576
UK_NEG_04709,29.772893,78.912116,0,0.594922
UK_NEG_03187,30.199915,80.203103,0,0.006013
POS_004565,30.760121,78.436863,1,0.967812
UK_NEG_02738,29.97124,78.041883,0,0.001498
UK_NEG_05290,30.964838,78.156811,0,0.012511
UK_NEG_02703,29.643899,79.558042,0,0.432746
UK_NEG_01441,31.242753,79.211274,0,0.013309
POS_003857,30.515583,79.130889,1,0.652963
UK_NEG_05295,29.185905,79.845219,0,0.449582
POS_000907,29.6175,79.9414,1,0.969271
UK_NEG_01360,30.966203,78.524011,0,0.000924
UK_NEG_00608,30.08411,78.834376,0,0.591281
POS_002784,30.176658,78.583519,1,0.860103
POS_004265,30.599917,78.617083,1,0.863014
POS_003230,30.30925,79.030722,1,0.856963
UK_NEG_04223,30.198598,79.812113,0,0.002711
UK_NEG_02359,30.141028,79.837111,0,0.019647
UK_NEG_05267,30.408631,79.115524,0,0.402367
POS_004126,30.573886,78.027485,1,0.998868
UK_NEG_04011,29.819775,80.340198,0,0.202553
POS_004842,30.848,78.2816,1,0.974071
POS_003377,30.367611,79.274556,1,0.992833
UK_NEG_01843,29.195489,79.577987,0,0.001722
UK_NEG_03060,30.145594,78.183097,0,0.000258
UK_NEG_01024,29.257078,79.300759,0,0.00325
POS_001028,29.684083,79.724333,1,0.14228
POS_004240,30.595444,78.6745,1,0.770405
UK_NEG_03921,30.44456,79.871462,0,0.003947
POS_001074,29.713618,79.134575,1,0.900672
UK_NEG_04220,30.085701,80.481374,0,0.007762
UK_NEG_01784,30.677786,79.409312,0,0.002473
POS_002206,30.018116,80.048632,1,0.817001
POS_003182,30.299694,79.099278,1,0.646818
POS_003954,30.532917,78.826944,1,0.707362
POS_005179,30.976694,77.96575,1,0.972899
UK_NEG_02246,30.799782,79.517744,0,0.003475
POS_003623,30.425724,78.082452,1,0.976488
UK_NEG_01160,31.019184,78.634489,0,0.002361
UK_NEG_00768,29.34041,79.233653,0,0.001095
UK_NEG_05504,29.082087,79.252075,0,0.004532
UK_NEG_05509,30.578821,78.585688,0,0.050313
POS_000898,29.611128,79.239187,1,0.87895
POS_004290,30.605361,78.610194,1,0.938691
UK_NEG_02017,29.74595,77.864509,0,0.001207
UK_NEG_01414,30.144008,79.940225,0,0.046746
POS_004315,30.61325,78.014694,1,0.998523
UK_NEG_00139,30.61825,80.105546,0,0.001458
POS_003453,30.385333,78.551583,1,0.640581
POS_003879,30.52068,77.864787,1,0.99492
POS_003684,30.450471,78.114534,1,0.914394
POS_003576,30.408827,78.876261,1,0.698204
POS_002425,30.067318,78.604202,1,0.974254
POS_004287,30.603694,78.671083,1,0.893879
UK_NEG_00368,30.534234,79.007763,0,0.011831
UK_NEG_01408,30.367845,80.182869,0,0.022631
POS_003951,30.532781,77.852126,1,0.997275
UK_NEG_03124,29.422246,78.964862,0,0.000432
POS_004378,30.629806,78.995028,1,0.854109
UK_NEG_00202,30.236982,79.801344,0,0.012655
POS_004967,30.892639,78.241806,1,0.878991
POS_000484,29.457833,80.043194,1,0.946066
POS_003367,30.364129,79.229,1,0.997446
POS_000073,29.237766,79.92914,1,0.669944
UK_NEG_04946,30.502641,80.42341,0,0.001549
POS_003360,30.361278,79.236944,1,0.982538
UK_NEG_00613,29.135462,79.324426,0,0.000983
UK_NEG_00807,31.308089,79.113148,0,0.0067
UK_NEG_00998,29.943357,78.263544,0,0.001744
UK_NEG_00519,29.288899,79.211508,0,0.001108
UK_NEG_01842,30.278631,80.040982,0,0.006269
UK_NEG_02393,31.021072,78.508959,0,0.001403
POS_003475,30.388444,77.984202,1,0.98813
POS_001779,29.944803,78.755218,1,0.989461
POS_004808,30.843423,78.213695,1,0.9384
UK_NEG_01378,29.613828,78.793008,0,0.000405
UK_NEG_04656,30.242355,80.456054,0,0.000678
UK_NEG_01533,29.572279,78.907439,0,0.000729
UK_NEG_02020,30.170044,80.450835,0,0.00288
POS_003835,30.511678,79.073956,1,0.9973
UK_NEG_02031,29.510906,79.097484,0,0.027982
UK_NEG_02287,31.081512,78.481372,0,0.005057
POS_002706,30.13075,79.958361,1,0.799206
POS_002335,30.046306,79.49987,1,0.549839
POS_004706,30.807102,78.186961,1,0.965982
POS_001830,29.958029,79.339867,1,0.772885
POS_005245,30.418089,78.074819,1,0.998373
POS_000964,29.648876,79.047397,1,0.920476
UK_NEG_00475,30.625654,79.483587,0,0.010123
POS_004448,30.668194,79.842722,1,0.026699
UK_NEG_00933,29.516772,79.515358,0,0.675485
POS_000047,29.191942,80.12315,1,0.998761
POS_001017,29.677667,79.5635,1,0.364465
UK_NEG_04009,30.95101,79.730514,0,0.000946
POS_003278,30.327972,78.5715,1,0.944789
POS_004821,30.845158,78.248864,1,0.789496
UK_NEG_03125,30.190514,78.062066,0,0.003388
POS_000834,29.569704,80.287106,1,0.982967
POS_001248,29.802222,79.906667,1,0.667326
POS_004796,30.838771,78.264134,1,0.983594
UK_NEG_03280,30.456697,78.532823,0,0.041633
UK_NEG_03765,29.165378,78.947415,0,0.000676
POS_003850,30.515028,78.644556,1,0.922299
UK_NEG_00008,30.768984,78.852795,0,0.000755
UK_NEG_02964,30.901044,78.432134,0,0.430096
UK_NEG_04858,31.047601,78.517237,0,0.000502
UK_NEG_01270,31.2254,79.065037,0,0.000952
UK_NEG_01109,30.555725,79.011787,0,0.019427
UK_NEG_01472,30.872818,78.024383,0,0.159391
POS_001988,29.986655,79.968339,1,0.980675
POS_001063,29.699358,80.265527,1,0.572739
UK_NEG_00850,30.465612,80.298091,0,0.002276
POS_001223,29.795,78.883,1,0.492438
POS_005057,30.923548,78.220867,1,0.520197
UK_NEG_03544,30.283252,80.024815,0,0.010204
POS_001056,29.6936,79.8608,1,0.726161
POS_003962,30.534196,77.97748,1,0.91108
POS_000776,29.55,79.54,1,0.981077
UK_NEG_03371,28.821922,79.928204,0,0.000891
UK_NEG_05343,30.291864,80.579556,0,0.00136
UK_NEG_03942,30.600463,80.174379,0,0.000854
UK_NEG_03532,29.675756,78.036774,0,0.001897
UK_NEG_02766,30.389622,80.643152,0,0.010242
UK_NEG_03352,30.688179,79.106643,0,0.010525
POS_003702,30.455472,78.042361,1,0.98885
UK_NEG_04636,31.168578,78.805406,0,0.007345
UK_NEG_02018,30.782317,78.057438,0,0.401753
UK_NEG_04825,30.150141,79.770017,0,0.006778
UK_NEG_03211,30.670073,79.398816,0,0.001782
UK_NEG_03824,28.977651,79.996258,0,0.000723
UK_NEG_00105,30.972178,78.38159,0,0.386086
UK_NEG_03012,29.076682,79.379284,0,0.001689
POS_000554,29.486944,79.923045,1,0.878485
UK_NEG_03244,30.651018,79.391526,0,0.008443
UK_NEG_00747,29.803492,78.212109,0,0.001076
UK_NEG_04061,30.695551,79.599394,0,0.020657
UK_NEG_05147,30.584343,79.649184,0,0.022549
POS_002631,30.111375,79.072187,1,0.799368
POS_005461,29.321538,79.522431,1,0.984652
UK_NEG_03169,30.426866,79.256559,0,0.055736
POS_000892,29.605502,79.07586,1,0.928102
POS_001993,29.987108,80.08525,1,0.97637
POS_002915,30.237024,78.701436,1,0.994467
POS_004918,30.868,78.6541,1,0.996415
UK_NEG_04922,29.049509,79.207003,0,0.002821
POS_003815,30.506231,78.16623,1,0.969693
UK_NEG_03282,30.732512,79.026193,0,0.007614
POS_002297,30.038415,78.793859,1,0.607969
UK_NEG_04984,29.603053,79.345251,0,0.078526
UK_NEG_00310,29.960912,80.525281,0,0.00679
UK_NEG_01333,30.047515,80.483995,0,0.009129
UK_NEG_01748,30.456082,80.52299,0,0.002393
UK_NEG_02456,29.780942,80.262469,0,0.089342
UK_NEG_05162,30.112862,78.979245,0,0.431668
UK_NEG_00733,30.45033,79.328657,0,0.042808
POS_005389,30.369806,79.311917,1,0.999466
POS_002411,30.064242,78.650284,1,0.050226
POS_001595,29.906639,79.032722,1,0.945333
UK_NEG_02122,30.896082,79.520482,0,0.000351
UK_NEG_05220,30.262549,77.882095,0,0.106563
UK_NEG_01050,29.622046,78.825297,0,0.001497
POS_005225,30.991354,78.45671,1,0.017358
POS_004245,30.59625,78.675833,1,0.906788
POS_004553,30.758639,78.312194,1,0.875113
UK_NEG_00884,29.919398,77.915402,0,0.000957
UK_NEG_05095,29.050513,79.563208,0,0.001453
POS_004643,30.781557,78.473662,1,0.638787
UK_NEG_03555,30.011679,78.700079,0,0.766779
UK_NEG_04828,30.775962,79.178871,0,0.042604
UK_NEG_00986,30.506523,78.875324,0,0.147502
POS_002366,30.055433,79.89527,1,0.982461
UK_NEG_02974,30.326337,80.070322,0,0.000322
UK_NEG_02505,29.584007,80.012436,0,0.574155
UK_NEG_00866,29.567343,80.179764,0,0.259951
POS_005264,30.898487,78.298053,1,0.833748
POS_002494,30.086857,78.547635,1,0.993987
UK_NEG_01079,30.763008,79.92933,0,0.013157
POS_000040,29.18437,80.037319,1,0.798858
UK_NEG_00685,30.074907,80.159974,0,0.007337
POS_000071,29.236755,80.037273,1,0.993402
POS_000226,29.318667,79.690694,1,0.926512
POS_003389,30.370322,78.558135,1,0.998391
POS_003964,30.534444,78.341667,1,0.824777
POS_002677,30.122306,79.608889,1,0.525281
POS_000779,29.550526,79.2206,1,0.88431
UK_NEG_05478,28.965323,79.468769,0,0.001236
POS_003894,30.522667,78.508028,1,0.995863
UK_NEG_02899,29.336413,78.892008,0,0.000561
POS_005192,30.998923,78.0289,1,0.83804
POS_003899,30.523896,77.97051,1,0.896863
POS_000365,29.40374,79.395154,1,0.974085
POS_001715,29.927341,78.591088,1,0.926985
POS_003627,30.42775,79.068972,1,0.994814
POS_005313,30.2087,78.6471,1,0.999234
UK_NEG_02983,30.628136,78.476141,0,0.39414
UK_NEG_02948,30.330217,80.224844,0,0.040303
POS_005398,29.8425,80.153639,1,0.68564
UK_NEG_00774,29.998733,78.896328,0,0.504689
POS_001837,29.958482,80.119166,1,0.995138
POS_001984,29.986066,79.040682,1,0.910866
POS_001237,29.799361,78.754465,1,0.984694
POS_001872,29.964927,78.48551,1,0.922264
POS_003018,30.272972,78.743361,1,0.977408
POS_004938,30.8825,78.24,1,0.841573
POS_005301,30.124203,78.361576,1,0.984533
UK_NEG_05381,29.05162,79.776839,0,0.000997
POS_005459,29.326722,79.515402,1,0.976029
POS_002924,30.241445,78.858058,1,0.999147
UK_NEG_03007,29.166727,79.59126,0,0.001966
POS_000158,29.284293,79.603546,1,0.981757
POS_002964,30.254083,79.130861,1,0.982433
UK_NEG_02169,29.895221,80.215623,0,0.451366
POS_002538,30.09395,79.621664,1,0.84363
UK_NEG_00999,31.052099,79.107754,0,0.003304
POS_001274,29.809452,79.196999,1,0.68968
POS_003706,30.455667,77.97058,1,0.995551
POS_003685,30.450791,78.631676,1,0.984526
POS_001624,29.909697,80.159628,1,0.882996
UK_NEG_00868,31.179681,78.586174,0,0.000382
POS_002287,30.03657,79.914958,1,0.996707
POS_003925,30.52858,78.17136,1,0.940771
POS_002668,30.121316,78.588056,1,0.761178
POS_000637,29.510944,80.01175,1,0.927504
UK_NEG_03509,30.954986,79.549777,0,0.000854
UK_NEG_04413,29.031,79.559449,0,0.000846
POS_005103,30.945611,78.409417,1,0.937375
POS_004468,30.694139,79.055583,1,0.938482
UK_NEG_01600,29.038196,79.724857,0,0.001498
POS_000591,29.498674,80.124267,1,0.925075
UK_NEG_04672,30.504848,80.267658,0,0.000416
UK_NEG_05064,30.943817,79.802154,0,0.001487
POS_002444,30.071912,79.546712,1,0.386776
UK_NEG_03704,30.92175,79.454448,0,0.000656
POS_000474,29.455639,80.048306,1,0.887853
UK_NEG_02615,30.179459,79.408022,0,0.035152
POS_005269,30.844862,78.275531,1,0.92642
POS_001241,29.800087,78.562309,1,0.987605
POS_003733,30.471694,77.914472,1,0.923209
UK_NEG_00825,30.924985,78.125166,0,0.35955
POS_001208,29.793,78.817,1,0.472255
UK_NEG_04563,30.543799,79.225331,0,0.228168
UK_NEG_05006,29.169613,79.51909,0,0.001163
POS_004519,30.748833,78.551583,1,0.951078
UK_NEG_01075,29.700299,77.858605,0,0.000586
POS_003963,30.534286,77.90594,1,0.975133
POS_003973,30.537833,78.78125,1,0.955487
UK_NEG_03535,30.270697,79.524218,0,0.12354
UK_NEG_03195,31.192042,78.991265,0,0.002539
UK_NEG_01180,28.961897,79.726405,0,0.00213
UK_NEG_03623,30.510042,78.825569,0,0.261334
UK_NEG_02775,29.53768,78.872175,0,0.005679
POS_001551,29.898449,78.710885,1,0.942192
POS_004127,30.573889,78.658389,1,0.374563
UK_NEG_01791,30.03221,79.814875,0,0.150615
POS_002370,30.056314,79.894072,1,0.895887
POS_004453,30.676516,78.068369,1,0.956008
UK_NEG_02881,30.887538,78.852483,0,0.003949
UK_NEG_01096,30.082917,78.872104,0,0.210751
POS_000801,29.557139,79.825734,1,0.236754
UK_NEG_01722,29.877588,80.022642,0,0.41236
UK_NEG_05000,29.814324,78.445399,0,0.309697
POS_004137,30.577639,78.821222,1,0.948174
POS_002353,30.050691,78.579962,1,0.57906
POS_001211,29.793707,79.184066,1,0.93849
UK_NEG_02541,31.198566,79.030325,0,0.0156
UK_NEG_02165,30.139496,80.748145,0,0.002038
POS_005447,29.3565,79.4073,1,0.984763
UK_NEG_04780,29.600672,78.571921,0,0.001428
UK_NEG_01539,29.305528,79.15232,0,0.000963
POS_005094,30.942417,78.406806,1,0.937396
POS_001953,29.980646,79.906309,1,0.970809
POS_002874,30.220639,78.243694,1,0.951977
POS_003065,30.280972,79.226222,1,0.928481
UK_NEG_01768,30.186111,79.897877,0,0.036107
POS_000633,29.509728,80.008639,1,0.974499
UK_NEG_00956,29.883559,80.079482,0,0.053406
POS_003168,30.296583,79.202444,1,0.968475
POS_001309,29.82,80.5,1,0.969508
POS_001731,29.932832,78.591494,1,0.245993
UK_NEG_04192,30.004338,80.20721,0,0.010635
POS_000249,29.332058,79.565745,1,0.988767
UK_NEG_01027,30.491622,79.568732,0,0.017791
UK_NEG_01591,29.072499,80.015562,0,0.000784
POS_002409,30.064063,80.24567,1,0.988747
UK_NEG_04900,30.890062,79.848377,0,0.000639
UK_NEG_02278,30.191544,78.184696,0,0.008065
UK_NEG_02363,30.645046,79.143662,0,0.017658
POS_003784,30.494139,79.621111,1,0.883181
UK_NEG_03523,30.930846,78.727422,0,0.002832
UK_NEG_02612,30.136712,78.119114,0,0.001031
UK_NEG_01936,30.256451,79.86191,0,0.002757
UK_NEG_01136,30.359768,79.889856,0,0.011114
POS_005456,29.532068,80.156926,1,0.774668
POS_000298,29.355088,79.58964,1,0.998355
POS_005488,30.5542,79.0503,1,0.987327
POS_003241,30.315189,78.971496,1,0.972136
UK_NEG_02980,31.16772,78.300171,0,0.011616
UK_NEG_03683,30.564685,79.792312,0,0.002627
UK_NEG_00816,29.646172,78.824559,0,0.061416
POS_001448,29.866424,78.768794,1,0.962617
POS_000297,29.354761,79.473163,1,0.982602
UK_NEG_00844,30.287211,78.471459,0,0.720745
UK_NEG_01513,30.126493,79.298834,0,0.009742
POS_004060,30.560721,78.009493,1,0.99231
POS_004006,30.543583,78.670917,1,0.627243
UK_NEG_05131,29.93717,78.975352,0,0.43779
POS_003107,30.286316,78.974403,1,0.995338
UK_NEG_01983,30.910558,78.889458,0,0.001417
UK_NEG_04799,30.880086,78.485324,0,0.011506
UK_NEG_00039,29.113052,80.075027,0,0.027555
POS_002450,30.074042,78.518115,1,0.996254
UK_NEG_00544,30.342045,77.796617,0,0.002487
UK_NEG_04929,30.312711,78.279766,0,0.852135
POS_000862,29.587935,80.354206,1,0.899444
UK_NEG_03643,30.289003,79.623453,0,0.005081
POS_003128,30.29023,78.518358,1,0.963483
UK_NEG_00168,30.115761,78.220423,0,0.002229
UK_NEG_04852,30.675801,77.987594,0,0.94095
POS_003214,30.3065,79.006694,1,0.881773
POS_002751,30.150832,78.606805,1,0.997495
POS_004927,30.871639,78.063694,1,0.912915
UK_NEG_01536,30.879065,78.482906,0,0.144447
UK_NEG_02446,31.074915,78.413949,0,0.008628
UK_NEG_04970,30.975033,78.374761,0,0.172158
POS_000614,29.505772,80.022556,1,0.999398
POS_002057,29.993833,79.075591,1,0.88603
POS_000571,29.491556,80.130528,1,0.996869
UK_NEG_05315,30.404765,79.58697,0,0.012647
POS_002426,30.067528,79.521306,1,0.951512
POS_000167,29.287698,79.719284,1,0.299442
UK_NEG_03656,30.568811,80.078019,0,0.000413
POS_000761,29.545839,80.308765,1,0.87639
UK_NEG_03522,30.379655,79.566306,0,0.358486
UK_NEG_04727,29.360898,79.203499,0,0.00178
POS_001445,29.865027,78.591888,1,0.924321
POS_001416,29.850862,78.849348,1,0.800859
POS_004410,30.643111,78.657139,1,0.466995
POS_005426,29.313852,79.35293,1,0.470933
POS_001376,29.836447,79.019369,1,0.977263
UK_NEG_04774,29.585938,80.240349,0,0.439878
POS_001640,29.912832,79.326544,1,0.712826
UK_NEG_00138,30.66867,78.114546,0,0.930645
UK_NEG_01736,30.086799,79.741568,0,0.022769
UK_NEG_00765,30.791564,79.553928,0,0.000215
POS_005031,30.90875,78.366944,1,0.570299
UK_NEG_04317,31.000183,78.476211,0,0.009243
UK_NEG_02354,30.253637,79.798314,0,0.003697
UK_NEG_05154,30.139523,78.486999,0,0.420198
POS_003793,30.497639,79.114083,1,0.945291
POS_000363,29.403278,79.955889,1,0.679189
UK_NEG_03827,29.568716,80.073697,0,0.870648
POS_001151,29.768926,79.175919,1,0.676532
UK_NEG_04358,30.093162,78.459622,0,0.235588
UK_NEG_01628,30.243823,78.33062,0,0.38834
UK_NEG_05026,30.238291,80.952728,0,0.006446
POS_002940,30.244317,78.909286,1,0.998191
POS_002187,30.015398,78.80778,1,0.97938
POS_003518,30.397575,78.885502,1,0.845535
POS_002116,30.001948,78.81314,1,0.998463
UK_NEG_01203,30.426624,79.769724,0,0.076033
UK_NEG_02462,30.406096,79.835217,0,0.0036
UK_NEG_02584,28.987046,79.744456,0,0.000815
POS_003544,30.401738,78.710052,1,0.738975
POS_002339,30.05,80.32,1,0.335552
UK_NEG_03971,29.796398,77.896027,0,0.00553
POS_003517,30.397565,77.988362,1,0.961423
POS_002092,29.999,78.809333,1,0.998262
POS_000729,29.533882,79.214052,1,0.833146
POS_001653,29.914931,79.039605,1,0.934628
UK_NEG_01426,29.630627,79.836222,0,0.858856
POS_003561,30.404845,78.842101,1,0.782496
UK_NEG_01555,29.81976,78.238733,0,0.000502
UK_NEG_02204,30.917818,79.383816,0,0.001963
UK_NEG_00622,30.320402,80.604976,0,0.000623
POS_004252,30.597803,79.08081,1,0.792149
UK_NEG_02453,29.082006,79.628262,0,0.000954
UK_NEG_00652,30.607383,78.349552,0,0.802293
UK_NEG_02918,29.65863,79.420224,0,0.081045
POS_002219,30.020716,78.634591,1,0.724378
UK_NEG_00257,29.958307,78.23884,0,0.004676
POS_003601,30.416861,79.005306,1,0.834382
POS_000067,29.235478,79.929918,1,0.944298
UK_NEG_02352,29.725976,79.287141,0,0.560965
UK_NEG_04623,30.914077,78.282406,0,0.439654
POS_004321,30.614833,78.642389,1,0.433685
UK_NEG_05027,29.870948,78.082321,0,0.001426
POS_004454,30.676575,79.041576,1,0.47154
POS_003200,30.303611,79.204083,1,0.922178
UK_NEG_01966,30.566616,79.532895,0,0.510623
UK_NEG_05336,30.168912,79.673315,0,0.011629
POS_000063,29.229502,79.826764,1,0.993764
UK_NEG_05311,30.174623,80.575436,0,0.0308
UK_NEG_04514,29.669445,78.568241,0,0.01621
UK_NEG_02067,30.292349,80.642967,0,0.001779
UK_NEG_03290,29.200787,79.486066,0,0.000894
POS_003276,30.327119,78.557762,1,0.999238
UK_NEG_03257,31.173127,78.605471,0,0.000609
POS_002348,30.05,80.31,1,0.8884
POS_005356,30.478028,79.468833,1,0.817495
UK_NEG_04734,28.913153,79.444472,0,0.000658
UK_NEG_02006,28.945077,79.901925,0,0.00172
UK_NEG_04788,29.812873,80.349944,0,0.269965
UK_NEG_04310,30.367403,80.198144,0,0.001892
POS_001354,29.829883,78.503783,1,0.992128
POS_001503,29.885176,78.996561,1,0.77382
POS_001439,29.862778,79.813611,1,0.93416
POS_005213,30.353673,78.95996,1,0.997081
POS_000523,29.471361,79.63297,1,0.934686
POS_001186,29.783871,79.168191,1,0.925595
POS_004457,30.679278,77.778778,1,0.852703
POS_005193,30.999203,77.836029,1,0.835141
UK_NEG_02297,29.756846,79.571994,0,0.141077
POS_002285,30.036028,78.633262,1,0.969724
UK_NEG_00121,29.903659,79.845754,0,0.169065
POS_003325,30.345358,78.631033,1,0.950846
POS_005367,30.513944,79.067083,1,0.496223
UK_NEG_05507,30.32524,77.951497,0,0.004045
UK_NEG_01700,29.304066,80.257559,0,0.650452
POS_003005,30.2695,79.158278,1,0.922071
POS_000606,29.502806,80.004139,1,0.985053
UK_NEG_05071,30.587273,79.445902,0,0.013294
UK_NEG_02908,30.348056,79.770924,0,0.017748
UK_NEG_00483,29.102738,79.83323,0,0.1925
UK_NEG_01460,30.832523,78.851969,0,0.001801
POS_002649,30.116589,79.682818,1,0.912433
UK_NEG_02092,31.037315,78.163093,0,0.018992
POS_004613,30.772925,78.133647,1,0.937594
POS_001428,29.857732,78.826666,1,0.963855
POS_005141,30.964439,78.428892,1,0.989031
POS_003002,30.268694,79.224889,1,0.98828
UK_NEG_02682,30.49216,78.984549,0,0.45205
UK_NEG_03396,29.954335,80.047369,0,0.689016
UK_NEG_03503,29.737435,78.149514,0,0.001008
POS_000702,29.52376,79.245055,1,0.725404
POS_000294,29.353139,79.76675,1,0.302518
UK_NEG_05025,29.965862,79.525138,0,0.332821
UK_NEG_00287,29.674959,77.984937,0,0.000548
UK_NEG_00377,30.289096,77.991786,0,0.055171
UK_NEG_05341,30.238682,80.989654,0,0.001003
UK_NEG_02325,31.099936,78.74278,0,0.057487
UK_NEG_01145,30.860465,78.676434,0,0.011414
POS_003356,30.359022,78.979193,1,0.900351
POS_005439,29.3565,79.4073,1,0.989526
POS_005414,30.083639,79.800806,1,0.993728
POS_001422,29.85417,80.54944,1,0.98809
UK_NEG_00526,30.778733,79.528167,0,0.004374
UK_NEG_03790,30.979371,78.609246,0,0.001903
POS_004867,30.854611,78.285389,1,0.974615
UK_NEG_01797,30.372234,80.176879,0,0.017494
POS_003687,30.451028,79.076028,1,0.999529
POS_004671,30.791782,78.397241,1,0.833427
UK_NEG_03234,31.235909,78.39914,0,0.001173
UK_NEG_05259,29.754303,79.344779,0,0.337657
POS_000546,29.48481,79.991369,1,0.976107
POS_000221,29.317669,79.591454,1,0.983371
POS_002672,30.121671,79.699269,1,0.910514
UK_NEG_01572,30.881916,79.312641,0,0.000307
POS_000437,29.442571,79.496577,1,0.789401
UK_NEG_03321,30.052817,80.115902,0,0.016247
UK_NEG_03072,30.066701,80.095739,0,0.009638
UK_NEG_03788,30.15646,78.022625,0,0.064467
UK_NEG_00826,29.846007,79.385971,0,0.714385
POS_004612,30.772909,78.111414,1,0.997263
UK_NEG_01330,30.712398,79.455921,0,0.002811
UK_NEG_04113,30.121665,78.84305,0,0.61798
UK_NEG_02637,29.49112,80.062703,0,0.60235
POS_000522,29.470467,79.898318,1,0.71861
POS_003379,30.36775,79.004778,1,0.946809
POS_004151,30.580972,78.628833,1,0.860426
UK_NEG_00583,29.999022,79.210133,0,0.011177
UK_NEG_03464,29.388604,80.200808,0,0.772629
POS_003990,30.541167,78.793444,1,0.906623
POS_004714,30.809022,78.220764,1,0.998671
UK_NEG_00674,29.969297,79.865361,0,0.782371
UK_NEG_01304,30.785884,77.761741,0,0.946251
UK_NEG_03720,30.097699,80.306388,0,0.666358
POS_004391,30.634627,79.004262,1,0.792683
UK_NEG_05202,29.921822,80.190439,0,0.058314
POS_002464,30.08,80.27,1,0.735913
POS_000191,29.299322,79.91367,1,0.964499
POS_002307,30.04,80.29,1,0.852088
UK_NEG_00389,30.62312,78.544566,0,0.826059
UK_NEG_01800,30.160147,78.677035,0,0.714683
UK_NEG_04550,30.319595,79.99794,0,0.002772
POS_003547,30.402119,79.037557,1,0.989778
POS_001996,29.98775,79.990556,1,0.872355
POS_003985,30.540278,78.79875,1,0.96027
UK_NEG_04896,30.908025,78.725994,0,0.003466
UK_NEG_03822,30.099458,80.021477,0,0.042984
POS_000582,29.495949,79.614913,1,0.533699
UK_NEG_02179,30.270721,79.715735,0,0.010005
UK_NEG_04029,29.393513,79.353513,0,0.846775
POS_004750,30.823083,78.210361,1,0.974861
POS_003079,30.283278,79.218556,1,0.943141
UK_NEG_00207,29.352341,79.150266,0,0.00052
UK_NEG_01138,30.688359,78.552327,0,0.161373
POS_002416,30.064944,79.527528,1,0.88338
UK_NEG_01492,31.099945,78.582809,0,0.001648
POS_000685,29.520086,79.963096,1,0.736885
POS_001222,29.794958,78.596622,1,0.878441
UK_NEG_00684,29.115772,79.796314,0,0.016298
POS_003115,30.287778,79.201083,1,0.963243
UK_NEG_04435,29.839472,78.801779,0,0.676875
UK_NEG_03399,29.329303,78.766955,0,0.000499
POS_003022,30.273407,78.570901,1,0.976688
UK_NEG_02007,29.978148,80.456053,0,0.005727
POS_001859,29.962236,79.194619,1,0.836979
UK_NEG_03419,30.766083,79.396843,0,0.022062
POS_002188,30.01544,78.808804,1,0.999383
UK_NEG_01631,29.162094,79.637149,0,0.000575
UK_NEG_04566,29.941088,78.914962,0,0.131754
UK_NEG_01708,30.385139,79.072021,0,0.299802
UK_NEG_03930,29.738097,79.149392,0,0.587107
POS_004434,30.654167,78.492778,1,0.04457
POS_000433,29.441184,79.539751,1,0.949479
UK_NEG_02201,29.794443,80.200126,0,0.88109
UK_NEG_00873,29.901871,79.435961,0,0.303832
POS_000677,29.51827,79.433167,1,0.984644
POS_000189,29.29775,79.695778,1,0.840875
UK_NEG_05439,30.499156,80.155151,0,0.147344
UK_NEG_05515,30.480506,80.122728,0,0.001637
UK_NEG_02996,30.973223,78.619993,0,0.003135
POS_003552,30.402444,79.317111,1,0.961181
UK_NEG_03306,31.267618,78.353745,0,0.007857
UK_NEG_02429,30.363165,78.666582,0,0.017586
POS_000968,29.650776,79.046208,1,0.984578
UK_NEG_00182,30.882961,79.833642,0,0.003331
UK_NEG_01439,31.081985,78.497359,0,0.001594
UK_NEG_02757,30.95928,78.567392,0,0.005389
UK_NEG_02564,29.092368,80.083307,0,0.002366
UK_NEG_03154,30.432536,77.853208,0,0.137476
UK_NEG_05472,30.335319,78.215973,0,0.504373
POS_000919,29.626,79.629,1,0.086749
UK_NEG_02215,29.490542,79.3691,0,0.38676
POS_002506,30.089639,79.614833,1,0.99813
POS_003089,30.284444,78.717828,1,0.999142
POS_003041,30.276111,79.219278,1,0.999748
UK_NEG_01164,31.060709,78.286053,0,0.127556
UK_NEG_01774,29.767233,79.343939,0,0.330003
UK_NEG_02955,30.153384,79.011525,0,0.80583
UK_NEG_00267,30.955364,78.54882,0,0.004389
UK_NEG_03259,30.319129,79.370678,0,0.409501
UK_NEG_05391,30.149588,80.433207,0,0.003215
POS_002633,30.111806,79.613806,1,0.564199
POS_000120,29.267028,80.11425,1,0.996923
POS_003759,30.483431,79.086168,1,0.574931
UK_NEG_00428,30.131647,79.164303,0,0.012476
POS_001059,29.695833,79.571917,1,0.218402
POS_000030,29.172566,80.076101,1,0.953366
POS_001897,29.969936,79.703896,1,0.934936
POS_000681,29.519314,80.311266,1,0.998568
UK_NEG_05110,30.433234,77.736391,0,0.004019
POS_004863,30.8531,77.001617,1,0.912107
UK_NEG_04994,29.984567,80.541728,0,0.270236
POS_001994,29.987222,79.9125,1,0.677941
UK_NEG_00771,29.25856,78.880055,0,0.00089
POS_003077,30.282979,78.991321,1,0.958573
POS_004013,30.544886,78.812514,1,0.862303
POS_001902,29.97,80.6,1,0.986367
POS_001865,29.963028,79.672056,1,0.754202
POS_000802,29.558333,79.536,1,0.953336
POS_000102,29.260056,80.078417,1,0.999106
POS_004505,30.732243,78.138684,1,0.819842
UK_NEG_03949,29.911909,78.134766,0,0.001308
POS_001678,29.918462,78.543596,1,0.992785
POS_001364,29.832364,78.987403,1,0.776538
POS_004615,30.77336,78.127024,1,0.882353
POS_000558,29.487178,79.676803,1,0.640096
POS_004304,30.60825,78.513278,1,0.650498
UK_NEG_01969,29.493368,79.852073,0,0.360147
POS_000034,29.176065,80.132172,1,0.994887
POS_002953,30.250157,78.924088,1,0.99977
POS_003691,30.45175,78.045444,1,0.998685
UK_NEG_00926,30.048079,77.836351,0,0.002042
POS_004357,30.625833,78.328889,1,0.877839
POS_002453,30.075117,79.542602,1,0.969944
UK_NEG_03767,30.060623,80.398145,0,0.024283
UK_NEG_03853,30.3791,79.905148,0,0.00664
POS_002436,30.071139,79.54575,1,0.754804
UK_NEG_03940,30.74069,79.633724,0,0.006953
UK_NEG_00858,30.619809,78.111407,0,0.774694
UK_NEG_03607,29.758757,80.159801,0,0.681747
POS_001505,29.886083,78.998823,1,0.373519
UK_NEG_00273,31.057539,78.541683,0,0.018253
POS_002623,30.108964,78.677341,1,0.986466
UK_NEG_00485,29.468053,79.222806,0,0.012344
UK_NEG_04871,30.665457,78.798181,0,0.007708
UK_NEG_02776,30.022193,78.087989,0,0.688558
POS_001260,29.807068,79.710635,1,0.986703
UK_NEG_01009,30.408027,78.367609,0,0.030201
UK_NEG_01236,30.981228,78.512226,0,0.005723
POS_001907,29.970355,79.232044,1,0.970898
UK_NEG_02347,30.720084,78.244855,0,0.275148
POS_001378,29.836611,79.788889,1,0.998656
UK_NEG_04216,30.101447,80.1831,0,0.016034
POS_003030,30.274115,79.562904,1,0.955454
UK_NEG_03596,30.165725,79.789818,0,0.00376
UK_NEG_04271,30.931926,79.399896,0,0.000433
UK_NEG_02211,29.540339,78.749945,0,0.000943
UK_NEG_04013,29.837919,79.576256,0,0.229112
UK_NEG_00746,29.361084,79.131584,0,0.00112
UK_NEG_05048,29.342392,78.935345,0,0.002916
POS_001027,29.683904,79.051262,1,0.927839
POS_003036,30.275361,79.222444,1,0.996599
POS_001592,29.906165,78.784618,1,0.981489
POS_001814,29.95368,78.516603,1,0.865614
UK_NEG_00814,30.509756,79.915881,0,0.000728
UK_NEG_01321,30.85065,79.686169,0,0.000753
UK_NEG_05068,31.008086,79.126378,0,0.005202
POS_000367,29.403914,79.384211,1,0.990001
UK_NEG_00122,28.880547,79.790002,0,0.000695
POS_002921,30.23887,78.881432,1,0.839119
UK_NEG_04298,29.572894,79.298175,0,0.995842
POS_000700,29.523534,80.278962,1,0.853389
POS_003028,30.274056,79.216889,1,0.951537
UK_NEG_02806,30.301932,78.024602,0,0.034619
POS_004129,30.5744,79.2816,1,0.001133
UK_NEG_04226,28.811537,79.966633,0,0.000959
UK_NEG_02197,30.201704,80.09969,0,0.003994
UK_NEG_00222,29.654322,79.339524,0,0.340595
UK_NEG_02830,30.672862,80.110188,0,0.015067
UK_NEG_01758,30.369001,79.9567,0,0.000521
UK_NEG_04675,30.223451,80.879434,0,0.001074
UK_NEG_03444,30.507217,78.40002,0,0.845826
UK_NEG_03107,30.825861,78.302184,0,0.063487
POS_000796,29.555313,80.346067,1,0.995342
UK_NEG_02962,30.629069,78.747959,0,0.080396
UK_NEG_01306,29.945575,79.534152,0,0.609436
UK_NEG_00438,31.007879,78.091637,0,0.063268
UK_NEG_00835,30.352337,80.229639,0,0.001313
UK_NEG_03287,29.17808,79.263801,0,0.002438
POS_005309,30.073814,78.492374,1,0.998043
UK_NEG_04020,29.885869,80.273448,0,0.026541
UK_NEG_05432,30.195773,78.316188,0,0.781193
POS_001441,29.864036,79.951338,1,0.584312
UK_NEG_03030,30.385393,79.468515,0,0.13004
UK_NEG_00596,29.647194,78.133182,0,0.001417
UK_NEG_05438,30.61575,77.935328,0,0.764022
UK_NEG_02722,30.808184,79.015539,0,0.022004
UK_NEG_02474,30.271065,80.778769,0,0.002101
UK_NEG_00686,29.234973,79.248038,0,0.001128
UK_NEG_01232,30.170045,78.090517,0,0.006251
POS_002867,30.216718,78.67802,1,0.996314
POS_000501,29.461608,79.510206,1,0.812331
POS_002440,30.0715,79.604306,1,0.994105
POS_003658,30.441832,78.079695,1,0.969881
POS_000827,29.568114,79.24392,1,0.917425
POS_000401,29.43078,79.511475,1,0.578912
POS_001340,29.82639,80.11694,1,0.914421
UK_NEG_05111,30.877272,79.863648,0,0.000751
POS_000722,29.53075,79.5345,1,0.605755
POS_000934,29.632631,79.080085,1,0.993648
POS_004242,30.595814,78.613186,1,0.747904
UK_NEG_05207,30.724967,79.186702,0,0.002548
UK_NEG_03202,29.633609,79.336026,0,0.317661
UK_NEG_04288,30.013919,77.926799,0,0.001856
POS_003307,30.340659,78.537055,1,0.965103
POS_002265,30.03125,79.567306,1,0.963494
UK_NEG_02938,30.617856,79.333385,0,0.058396
POS_004664,30.788359,77.870369,1,0.940992
POS_001470,29.872231,79.779256,1,0.620009
POS_004433,30.653389,78.983361,1,0.009803
UK_NEG_03130,30.441708,80.446834,0,0.001963
POS_005019,30.905952,78.363431,1,0.876153
UK_NEG_05335,29.914918,78.956197,0,0.013635
POS_004811,30.84395,77.809155,1,0.988242
UK_NEG_02574,30.151798,78.8979,0,0.879912
POS_005327,30.081064,78.556443,1,0.999701
POS_000816,29.56447,79.356111,1,0.984665
UK_NEG_03057,29.280199,79.290345,0,0.000706
POS_000838,29.571,79.50525,1,0.963401
POS_001556,29.899,78.861,1,0.553141
POS_000119,29.266667,80.117333,1,0.942922
POS_002606,30.105475,78.510853,1,0.958416
POS_004213,30.592847,78.825706,1,0.89136
UK_NEG_01649,30.653743,77.977686,0,0.811038
UK_NEG_00003,30.735163,79.131838,0,0.003251
UK_NEG_02867,28.970357,79.841956,0,0.001483
UK_NEG_04445,30.050799,78.110107,0,0.003254
POS_003397,30.372679,78.591014,1,0.81854
POS_004561,30.759611,78.194889,1,0.897052
UK_NEG_01331,30.164185,80.233252,0,0.009501
POS_002950,30.249269,78.912686,1,0.993759
UK_NEG_00673,30.687656,79.675636,0,0.013586
POS_004249,30.597111,78.703111,1,0.674413
UK_NEG_01152,30.245917,80.061966,0,0.000615
UK_NEG_03648,30.273222,80.327294,0,0.00316
UK_NEG_03140,30.502871,79.962292,0,0.002063
UK_NEG_04568,30.904314,79.22276,0,0.002846
UK_NEG_03019,28.761714,79.990091,0,0.001804
UK_NEG_04746,29.875597,79.031541,0,0.568023
UK_NEG_04296,29.325391,79.311476,0,0.00156
POS_001262,29.807472,79.711967,1,0.979056
UK_NEG_04965,30.854136,79.829364,0,0.001607
POS_000475,29.455654,80.225193,1,0.979872
UK_NEG_00127,29.962887,80.337563,0,0.353701
POS_004959,30.890056,78.315694,1,0.907693
POS_003058,30.279362,79.395891,1,0.939558
UK_NEG_05388,29.958891,78.366758,0,0.46944
UK_NEG_03868,31.062923,79.010173,0,0.006039
UK_NEG_00846,30.221795,78.800608,0,0.002166
POS_001072,29.710329,80.262739,1,0.992033
POS_005403,29.731306,80.299778,1,0.60672
POS_004749,30.822973,78.209501,1,0.982111
POS_003196,30.302889,78.873035,1,0.744915
POS_001047,29.691973,80.314322,1,0.902501
POS_005252,29.45769,80.19092,1,0.473358
POS_002568,30.098298,79.094485,1,0.856262
UK_NEG_00361,29.005913,79.514651,0,0.000466
POS_003067,30.28122,78.998569,1,0.908316
POS_003521,30.398213,78.182831,1,0.9809
UK_NEG_01489,31.073953,79.290568,0,0.002131
POS_002715,30.133833,79.601278,1,0.893468
UK_NEG_03667,28.952546,79.704632,0,0.000792
POS_001287,29.813658,79.186204,1,0.989487
POS_001444,29.864947,78.58604,1,0.926176
POS_002737,30.14133,79.426447,1,0.59976
UK_NEG_01921,29.723188,78.16645,0,0.00039
UK_NEG_04097,30.88135,79.221874,0,0.001526
POS_005152,30.968985,78.449417,1,0.994066
UK_NEG_00226,29.279004,79.325127,0,0.001259
POS_002456,30.076434,79.523014,1,0.956836
POS_001024,29.682715,80.374237,1,0.978893
UK_NEG_03551,30.399149,78.274103,0,0.710934
POS_001048,29.692,78.908,1,0.326736
UK_NEG_03276,30.35189,80.439375,0,0.03216
UK_NEG_01704,29.738128,78.968222,0,0.785956
POS_000285,29.348889,80.247639,1,0.958986
POS_000657,29.514347,80.052621,1,0.99508
UK_NEG_04071,30.729306,78.653258,0,0.005629
UK_NEG_03334,30.952233,78.973476,0,0.001285
POS_000315,29.371501,79.418553,1,0.979262
POS_000780,29.550571,79.309235,1,0.996293
UK_NEG_01430,29.468224,79.77163,0,0.33913
UK_NEG_00006,29.883765,78.817029,0,0.729471
UK_NEG_05473,30.204058,80.856194,0,0.001178
POS_001387,29.83945,79.799478,1,0.87912
POS_002745,30.145589,79.43004,1,0.990653
POS_002779,30.174541,79.352931,1,0.841009
UK_NEG_03989,30.373275,79.926304,0,0.0131
UK_NEG_02069,29.163711,80.173978,0,0.287329
POS_003353,30.358302,77.975212,1,0.96185
POS_001898,29.97,80.6,1,0.970278
POS_003298,30.334884,78.109906,1,0.837235
POS_001930,29.977862,79.019504,1,0.729699
UK_NEG_00065,30.826373,78.853131,0,0.000239
POS_004270,30.60025,78.714333,1,0.847757
POS_000584,29.496931,80.012234,1,0.990081
UK_NEG_02910,30.888118,79.401665,0,0.002356
POS_000160,29.285194,79.893694,1,0.849972
UK_NEG_04902,31.339727,79.093934,0,0.008523
POS_003050,30.278021,79.575787,1,0.914301
POS_004541,30.755944,78.571294,1,0.915167
UK_NEG_04254,30.514147,79.419024,0,0.187132
UK_NEG_01951,31.092431,79.09925,0,0.000819
UK_NEG_03645,30.412404,79.73437,0,0.014145
POS_005100,30.944235,78.406575,1,0.655817
POS_001700,29.922569,79.315115,1,0.907134
POS_000853,29.578833,79.626833,1,0.143316
POS_002473,30.081323,80.242364,1,0.991687
POS_000705,29.524397,80.100607,1,0.797341
UK_NEG_03075,30.67944,78.805066,0,0.012907
POS_003959,30.533919,78.359011,1,0.994418
POS_004374,30.629361,78.989917,1,0.767706
POS_005517,30.710861,78.466,1,0.91372
UK_NEG_02100,29.704939,79.782608,0,0.259721
UK_NEG_03490,30.024515,79.212209,0,0.006364
POS_005140,30.963979,78.424528,1,0.936274
UK_NEG_02106,30.057891,79.655005,0,0.029585
POS_002407,30.062595,78.529731,1,0.873367
POS_001065,29.702343,79.818362,1,0.927228
POS_002765,30.164199,78.616465,1,0.961013
UK_NEG_02825,30.259974,80.054254,0,0.001994
POS_002320,30.041825,79.895211,1,0.999291
POS_000128,29.269333,80.108639,1,0.925683
POS_000134,29.270432,80.154032,1,0.780296
POS_003660,30.442449,78.75307,1,0.864296
POS_002597,30.102457,79.088619,1,0.967421
POS_004344,30.623222,79.003361,1,0.995508
POS_002000,29.98811,78.91868,1,0.756191
POS_000420,29.436861,80.046417,1,0.296212
POS_004056,30.559472,78.663889,1,0.752037
POS_003728,30.46787,79.502124,1,0.995058
UK_NEG_02501,29.43998,79.359204,0,0.929184
UK_NEG_05415,29.155077,79.811762,0,0.211799
UK_NEG_03018,30.302429,78.47823,0,0.753355
POS_005159,30.96941,78.439245,1,0.986414
POS_003769,30.487541,79.676496,1,0.997114
UK_NEG_03867,30.461409,79.340315,0,0.016569
POS_001774,29.943743,78.477895,1,0.841181
UK_NEG_03074,30.083244,78.26228,0,0.002642
UK_NEG_04589,30.192487,78.007829,0,0.215232
POS_001019,29.678813,80.271567,1,0.991931
POS_000960,29.6465,79.70925,1,0.463859
UK_NEG_01290,29.652699,78.684889,0,0.001513
POS_003229,30.309111,79.015111,1,0.993543
POS_002983,30.263702,78.664401,1,0.890813
UK_NEG_02060,29.912578,78.255047,0,0.039367
POS_001626,29.910083,80.126111,1,0.995043
UK_NEG_04366,30.049121,78.277096,0,0.000715
UK_NEG_03634,30.381566,80.316142,0,0.000794
POS_003444,30.383434,78.762719,1,0.965542
POS_004702,30.805888,78.10954,1,0.949042
UK_NEG_03626,29.958509,77.968352,0,0.000497
POS_004261,30.599294,78.640361,1,0.498024
UK_NEG_03106,30.649598,79.740105,0,0.002144
POS_002700,30.127149,79.51638,1,0.986789
POS_002351,30.050166,79.894089,1,0.940757
POS_002099,30.0,79.0,1,0.889277
UK_NEG_02127,30.311069,79.590731,0,0.006304
POS_000782,29.551428,79.592131,1,0.917863
UK_NEG_00978,29.100344,79.548988,0,0.001445
POS_000041,29.185477,80.179302,1,0.335737
UK_NEG_00748,30.375084,78.279895,0,0.852624
UK_NEG_00317,31.239474,78.994711,0,0.002757
UK_NEG_03090,30.766531,79.735698,0,0.000617
UK_NEG_00288,30.169179,80.000571,0,0.016174
UK_NEG_04628,30.931008,79.315607,0,0.000285
UK_NEG_02470,29.802063,77.77106,0,0.001306
UK_NEG_04218,31.120576,78.576072,0,0.00107
POS_004027,30.548722,78.812361,1,0.334034
POS_003942,30.531333,79.513361,1,0.87311
POS_003311,30.341742,78.525158,1,0.865621
UK_NEG_01744,30.903687,79.344144,0,0.000924
UK_NEG_02140,29.01337,79.871477,0,0.000544
UK_NEG_02301,28.879377,79.463944,0,0.00176
POS_000878,29.598418,80.348364,1,0.739386
POS_002241,30.025798,78.532462,1,0.992654
UK_NEG_03204,31.048768,79.310012,0,0.000407
UK_NEG_02715,28.98699,80.10039,0,0.002049
UK_NEG_01276,30.651763,79.391879,0,0.003229
POS_001557,29.899,78.86,1,0.929444
POS_002139,30.005778,80.136022,1,0.786301
UK_NEG_04844,30.596967,79.725664,0,0.014136
POS_002210,30.018925,80.077564,1,0.862222
POS_004662,30.787564,78.155158,1,0.759806
POS_001477,29.874833,79.904528,1,0.984193
POS_000630,29.509503,79.452938,1,0.948518
POS_000310,29.369012,79.587893,1,0.608595
UK_NEG_01264,31.132508,78.665348,0,0.000565
UK_NEG_03996,29.117996,79.800726,0,0.071534
UK_NEG_03970,31.226041,78.461013,0,0.000581
POS_000690,29.520934,80.262854,1,0.836168
UK_NEG_02476,30.659624,78.4669,0,0.609145
POS_004226,30.594444,78.613833,1,0.791544
UK_NEG_02216,30.586228,78.879551,0,0.018822
POS_004755,30.825457,78.244319,1,0.950607
UK_NEG_02954,30.127808,79.317039,0,0.536167
UK_NEG_00181,29.160386,79.838261,0,0.153036
UK_NEG_01261,29.879581,79.290149,0,0.390053
UK_NEG_02022,29.086342,79.665717,0,0.001006
UK_NEG_03180,31.067583,79.051979,0,0.004641
POS_001043,29.69018,79.071683,1,0.983407
UK_NEG_02509,30.89147,78.276918,0,0.133747
UK_NEG_03377,30.080347,78.691126,0,0.110824
POS_000672,29.517297,80.071861,1,0.990954
POS_003940,30.530944,78.647056,1,0.58075
UK_NEG_03335,29.30405,78.99763,0,0.001529
UK_NEG_03062,30.858542,77.91521,0,0.448563
UK_NEG_04650,29.927531,79.1595,0,0.863365
POS_004567,30.761517,78.456225,1,0.975111
POS_004924,30.87,78.286333,1,0.847746
UK_NEG_03372,29.850568,79.728626,0,0.749785
POS_005366,30.601222,79.023639,1,0.239921
POS_004097,30.567556,78.811444,1,0.815878
UK_NEG_04572,29.51813,78.807739,0,0.006257
POS_005114,30.949962,78.413797,1,0.859705
POS_002648,30.115843,78.631848,1,0.967591
UK_NEG_04643,29.172796,79.785407,0,0.345639
POS_004990,30.900724,78.229841,1,0.998393
UK_NEG_04242,28.725275,79.946346,0,0.000888
POS_000513,29.465998,79.338935,1,0.996811
POS_002579,30.099635,79.688771,1,0.940627
UK_NEG_03011,30.103627,79.965581,0,0.137441
UK_NEG_00627,30.839904,77.762165,0,0.693973
UK_NEG_03865,29.017909,79.581392,0,0.000516
POS_005335,30.65568,79.028241,1,0.837782
UK_NEG_04854,30.99753,78.358994,0,0.052667
UK_NEG_03339,30.411443,80.080427,0,0.002204
POS_002014,29.989889,79.917139,1,0.508908
POS_000489,29.459219,80.024606,1,0.637645
POS_000639,29.511619,80.040158,1,0.993545
UK_NEG_00097,30.456419,78.434008,0,0.877856
UK_NEG_05018,30.536769,78.09897,0,0.974295
UK_NEG_02735,30.455493,78.513953,0,0.214746
UK_NEG_02342,29.607424,80.184497,0,0.54308
POS_004421,30.648972,79.523861,1,0.982712
UK_NEG_02539,29.454921,79.045795,0,0.00128
UK_NEG_05427,29.875666,78.104084,0,0.000971
UK_NEG_00088,30.082595,79.203014,0,0.02141
POS_002458,30.077111,79.584,1,0.384995
UK_NEG_04108,30.019388,78.933324,0,0.175546
UK_NEG_03451,30.280231,80.580583,0,0.008055
UK_NEG_04462,29.960907,79.396045,0,0.768929
POS_005128,30.958041,78.087709,1,0.306791
UK_NEG_02854,29.841438,80.06648,0,0.503312
UK_NEG_01110,31.10281,78.98506,0,0.001537
POS_002326,30.04482,78.795034,1,0.732152
UK_NEG_05271,30.355861,80.540658,0,0.001575
UK_NEG_03458,31.09491,79.282059,0,0.018219
UK_NEG_03966,30.478248,79.042722,0,0.497828
UK_NEG_00580,30.535878,79.260396,0,0.007759
UK_NEG_02324,28.933209,79.546297,0,0.001271
POS_000854,29.578917,79.556417,1,0.284001
POS_002064,29.994969,79.909515,1,0.996976
POS_002013,29.989861,79.932111,1,0.994187
UK_NEG_01303,30.367495,78.381681,0,0.572313
UK_NEG_02958,29.836457,78.43408,0,0.257967
POS_004740,30.819241,78.210361,1,0.982372
POS_000978,29.655987,78.993071,1,0.980377
POS_000429,29.440695,79.409513,1,0.558235
POS_005484,30.5667,79.0612,1,0.99867
UK_NEG_01750,30.749412,78.698288,0,0.012425
UK_NEG_03390,29.091072,79.294428,0,0.000835
POS_001784,29.945739,79.314079,1,0.686103
UK_NEG_02273,29.094631,79.608543,0,0.000551
POS_001741,29.934964,78.875247,1,0.913495
UK_NEG_02575,30.009396,80.647901,0,0.003545
POS_002669,30.121409,78.583827,1,0.967894
POS_001525,29.892139,79.795083,1,0.990641
POS_000848,29.57475,79.549833,1,0.139544
POS_002368,30.055949,78.567131,1,0.945196
POS_002418,30.06503,78.529714,1,0.955729
UK_NEG_05392,30.07789,79.223036,0,0.030778
UK_NEG_05099,31.182629,78.348652,0,0.003307
POS_002493,30.086611,79.472583,1,0.999353
POS_000458,29.452928,79.314286,1,0.952106
UK_NEG_02849,30.641003,79.110708,0,0.012645
UK_NEG_02694,29.211548,80.172911,0,0.030842
POS_001319,29.822863,78.543805,1,0.9514
POS_000295,29.353417,80.119417,1,0.076924
POS_000001,29.135275,80.090843,1,0.943256
POS_001766,29.942171,78.482875,1,0.995579
UK_NEG_03965,30.011537,79.367198,0,0.204339
UK_NEG_03097,30.62819,79.967426,0,0.000189
UK_NEG_00200,29.629547,79.969696,0,0.298006
POS_000916,29.624167,79.103222,1,0.967364
UK_NEG_01286,30.734387,79.237091,0,0.004273
POS_001050,29.692197,80.318907,1,0.761253
UK_NEG_02414,31.221846,78.28757,0,0.008472
UK_NEG_01098,30.615493,79.091895,0,0.465647
UK_NEG_01505,29.980204,77.838413,0,0.000392
UK_NEG_02831,30.538398,79.840185,0,0.001689
UK_NEG_00405,31.139198,79.087821,0,0.005923
UK_NEG_02189,31.080797,77.95046,0,0.001933
UK_NEG_00946,29.9618,80.451889,0,0.026208
POS_000229,29.31929,79.354259,1,0.92694
UK_NEG_00614,29.270183,79.820035,0,0.596596
UK_NEG_01563,29.108054,79.333037,0,0.000292
UK_NEG_01643,30.309561,80.392397,0,0.001102
UK_NEG_01173,29.00718,80.039031,0,0.000915
POS_005446,29.3565,79.4073,1,0.993663
POS_000094,29.255832,79.92872,1,0.978687
UK_NEG_02058,29.178141,79.435043,0,0.000528
POS_005324,30.129487,78.594203,1,0.999612
UK_NEG_04326,29.424985,79.117621,0,0.001658
UK_NEG_04262,30.819339,78.956096,0,0.002485
UK_NEG_02309,29.329798,78.862777,0,0.00325
POS_002776,30.173722,78.893579,1,0.249899
POS_003701,30.455333,79.076694,1,0.991255
UK_NEG_00574,30.11265,80.083216,0,0.370217
UK_NEG_01061,29.788908,80.093444,0,0.50658
POS_005227,29.781919,79.816236,1,0.964267
POS_003635,30.430518,78.651551,1,0.984016
POS_000734,29.536691,79.945931,1,0.995151
UK_NEG_03347,30.536274,78.226504,0,0.039284
POS_003094,30.28475,79.199056,1,0.900778
POS_003275,30.325698,78.724022,1,0.959316
POS_004971,30.893056,78.301667,1,0.879062
UK_NEG_04627,30.008658,78.027923,0,0.000906
POS_002033,29.991667,79.906111,1,0.972782
POS_003225,30.308167,79.004944,1,0.952866
UK_NEG_01790,29.603973,79.870631,0,0.240121
UK_NEG_04112,31.369996,79.161524,0,0.00177
UK_NEG_05304,31.113194,78.375994,0,0.014972
POS_001807,29.955224,80.589653,1,0.956656
POS_003259,30.320916,78.761306,1,0.994757
POS_005113,30.949843,78.100425,1,0.626261
POS_004551,30.758205,78.277556,1,0.920019
UK_NEG_03836,30.709195,78.607172,0,0.053693
POS_004838,30.847754,78.252552,1,0.876431
UK_NEG_01910,29.926225,77.770207,0,0.001111
POS_005303,30.082,78.4361,1,0.9996
UK_NEG_05390,30.395339,77.776325,0,0.001492
POS_002570,30.098415,78.756186,1,0.808122
UK_NEG_00220,29.622633,78.767361,0,0.00093
POS_001801,29.951466,78.674156,1,0.188873
POS_004377,30.629806,79.551111,1,0.998616
UK_NEG_05031,30.51763,80.025164,0,0.002212
POS_000204,29.305361,80.165389,1,0.205055
UK_NEG_02601,30.334165,79.096214,0,0.023529
POS_001210,29.79367,79.184957,1,0.998267
POS_002954,30.250162,78.877133,1,0.997795
UK_NEG_04754,30.787507,79.583191,0,0.001139
POS_001345,29.827488,78.498522,1,0.758689
POS_001163,29.771456,79.064459,1,0.765394
POS_004362,30.627016,78.194969,1,0.541274
UK_NEG_03150,30.586694,79.543691,0,0.016746
UK_NEG_05319,31.256109,79.176458,0,0.001996
UK_NEG_01318,30.313975,79.923525,0,0.001489
UK_NEG_03987,30.445406,80.628292,0,0.002344
POS_000060,29.225598,80.18887,1,0.98702
UK_NEG_02791,29.287482,78.77935,0,0.000863
UK_NEG_05368,30.206628,77.968154,0,0.363944
UK_NEG_05177,30.510291,80.24552,0,0.001967
UK_NEG_01224,29.590948,79.682531,0,0.562723
POS_001044,29.69139,79.272552,1,0.988352
POS_004533,30.754056,78.103611,1,0.972473
POS_000912,29.621418,79.083969,1,0.768198
UK_NEG_05386,30.179905,80.743166,0,0.002465
UK_NEG_04874,30.306994,77.946707,0,0.038291
UK_NEG_03284,30.225486,80.060578,0,0.002788
POS_005282,30.336652,79.319623,1,0.998646
UK_NEG_00789,29.366662,78.908207,0,0.000483
POS_005306,30.067351,78.480205,1,0.875708
UK_NEG_03061,29.387053,79.199333,0,0.007657
POS_004218,30.593616,78.022341,1,0.997043
POS_000357,29.400357,79.317766,1,0.691898
POS_003217,30.306722,78.162472,1,0.962075
UK_NEG_01915,31.095774,78.991462,0,0.000509
POS_004723,30.8136,78.6202,1,0.521547
POS_003746,30.475894,79.503721,1,0.998077
UK_NEG_00383,30.814154,78.750487,0,0.008501
UK_NEG_00853,29.360082,80.08706,0,0.846664
POS_004165,30.583177,78.058055,1,0.984609
POS_001129,29.75833,80.3475,1,0.981759
POS_002937,30.243977,79.403494,1,0.858723
POS_003136,30.2915,79.203861,1,0.919375
POS_005075,30.930392,78.398371,1,0.801649
UK_NEG_05477,30.306436,80.757161,0,0.004887
UK_NEG_00472,31.059043,78.562033,0,0.000624
UK_NEG_03871,29.949686,79.510203,0,0.250386
POS_002190,30.015658,78.521021,1,0.882656
POS_000054,29.208238,79.800921,1,0.927254
POS_002363,30.054214,79.878359,1,0.779409
POS_001067,29.706923,79.558284,1,0.472327
UK_NEG_05121,29.857337,77.938133,0,0.000887
POS_001786,29.946596,79.422115,1,0.854152
UK_NEG_02710,30.075413,78.057106,0,0.06927
UK_NEG_05418,30.212673,77.991121,0,0.011411
POS_005258,30.425028,78.073778,1,0.991434
UK_NEG_00394,30.713233,78.181511,0,0.170335
POS_003141,30.291972,78.657139,1,0.997267
UK_NEG_02271,29.114757,79.975422,0,0.30061
POS_005281,30.342593,79.319116,1,0.999534
UK_NEG_00014,28.827968,79.960025,0,0.002185
POS_003158,30.295056,79.203444,1,0.986654
UK_NEG_02895,31.298114,79.005063,0,0.001997
POS_005042,30.913227,78.228479,1,0.850309
UK_NEG_04980,30.4391,80.357157,0,0.002876
UK_NEG_05367,30.664859,79.362878,0,0.008308
UK_NEG_02618,29.91562,80.383933,0,0.004886
UK_NEG_01245,29.717559,78.63249,0,0.003124
UK_NEG_02709,31.032201,79.028143,0,0.000573
UK_NEG_03279,29.265509,78.843948,0,0.001219
UK_NEG_02724,29.156461,79.48657,0,0.000748
UK_NEG_03882,29.808444,78.262572,0,0.003251
POS_004648,30.783013,78.612643,1,0.965989
UK_NEG_04508,29.09809,79.296648,0,0.000299
POS_003119,30.2885,79.119028,1,0.973184
POS_003997,30.541806,78.793833,1,0.836807
UK_NEG_02628,30.344154,78.414887,0,0.763303
UK_NEG_04176,30.352656,79.700841,0,0.003427
POS_002698,30.126283,79.724059,1,0.816517
UK_NEG_02086,30.120192,79.906694,0,0.059351
UK_NEG_04891,29.659199,77.992307,0,0.00034
UK_NEG_03741,29.878584,78.076827,0,0.000722
POS_005037,30.911596,77.842662,1,0.999132
POS_004045,30.555,78.8605,1,0.148614
UK_NEG_04631,29.884833,78.125548,0,0.001654
UK_NEG_04375,29.86763,77.814078,0,0.000926
UK_NEG_00975,30.545051,79.476866,0,0.235349
UK_NEG_03016,30.015476,79.853803,0,0.589279
UK_NEG_02585,30.032951,80.68525,0,0.029415
POS_003715,30.462111,79.151861,1,0.661221
UK_NEG_02587,29.094868,79.678907,0,0.000602
UK_NEG_04536,30.029183,78.151903,0,0.000663
UK_NEG_03602,30.167528,79.973485,0,0.00549
UK_NEG_01401,30.084871,80.549118,0,0.00225
UK_NEG_01553,30.893474,79.438807,0,0.00108
UK_NEG_03724,30.854668,78.027846,0,0.11335
UK_NEG_02111,30.544068,79.674909,0,0.009348
POS_005243,30.139722,78.594167,1,0.966023
POS_004169,30.58425,78.625583,1,0.856518
UK_NEG_02131,30.868918,79.618787,0,0.005518
POS_002379,30.057995,79.523811,1,0.940912
POS_004228,30.594583,78.693028,1,0.993697
POS_000227,29.319049,79.492545,1,0.918851
UK_NEG_01012,30.192351,80.656921,0,0.003877
UK_NEG_02976,30.661802,78.70469,0,0.071878
UK_NEG_03983,30.874383,79.064516,0,0.001931
UK_NEG_05098,29.990925,79.708816,0,0.355009
POS_004307,30.609139,78.594028,1,0.789827
UK_NEG_04165,29.830538,80.205672,0,0.630793
POS_004405,30.640333,78.977111,1,0.997243
UK_NEG_02423,29.997464,79.202217,0,0.009043
POS_003384,30.368698,78.574432,1,0.998984
UK_NEG_01579,28.976414,79.610791,0,0.001468
UK_NEG_03819,31.034108,79.339628,0,0.000938
UK_NEG_00715,29.18025,79.680485,0,0.092998
UK_NEG_01720,29.671303,79.954151,0,0.994565
POS_002900,30.227407,78.538898,1,0.919233
POS_000076,29.240832,79.995016,1,0.765891
POS_003503,30.394778,78.545611,1,0.999349
UK_NEG_02030,29.744384,79.196425,0,0.090809
UK_NEG_00899,31.200736,79.289345,0,0.007685
UK_NEG_01208,30.771473,78.7201,0,0.003811
UK_NEG_01873,29.011117,79.789127,0,0.000739
POS_000010,29.148941,79.935497,1,0.953656
POS_001816,29.954114,80.099636,1,0.965635
UK_NEG_02480,29.984078,77.861465,0,0.000614
UK_NEG_05170,29.469578,79.557408,0,0.153663
UK_NEG_05396,29.415817,79.233269,0,0.013811
UK_NEG_02129,29.859187,78.224787,0,0.00387
POS_004600,30.769222,78.10302,1,0.996018
POS_005201,29.987355,80.016625,1,0.530193
POS_004334,30.619417,78.165222,1,0.651275
UK_NEG_01396,28.917895,79.807932,0,0.001047
POS_001012,29.674325,80.269556,1,0.72557
POS_004133,30.575833,78.821639,1,0.756548
UK_NEG_03050,30.416545,79.57787,0,0.004654
POS_002212,30.019884,80.149946,1,0.995147
POS_002536,30.093719,79.660665,1,0.742016
POS_005026,30.907099,78.229524,1,0.67671
UK_NEG_02479,29.630577,78.565856,0,0.037674
UK_NEG_03488,28.891636,79.759649,0,0.002931
POS_003659,30.4419,79.0766,1,0.890572
UK_NEG_02316,30.210786,79.123294,0,0.01509
POS_004699,30.801056,78.181583,1,0.961433
UK_NEG_03647,29.606854,78.923611,0,0.080494
UK_NEG_05342,29.291825,80.009028,0,0.62281
UK_NEG_01812,29.72729,79.073745,0,0.893818
POS_003145,30.29305,78.760888,1,0.99472
POS_001308,29.819772,79.197128,1,0.793041
UK_NEG_03682,30.88011,78.152789,0,0.394674
POS_001761,29.941285,79.076401,1,0.984195
POS_001758,29.940841,78.484013,1,0.763275
UK_NEG_00369,31.235848,79.120211,0,0.001413
UK_NEG_03676,30.078129,80.732596,0,0.005866
UK_NEG_03935,29.123351,79.500899,0,0.001025
UK_NEG_00501,29.71338,79.300232,0,0.902974
POS_004516,30.742473,78.493235,1,0.990189
POS_004681,30.795048,78.443153,1,0.7849
UK_NEG_04126,31.071799,77.963994,0,0.00137
POS_003588,30.411389,79.390083,1,0.998927
UK_NEG_03728,30.205917,78.077891,0,0.008839
POS_004854,30.850417,78.275,1,0.692908
UK_NEG_03212,30.710287,78.119961,0,0.461517
POS_005371,30.397111,79.313389,1,0.979158
UK_NEG_00299,29.500408,79.256313,0,0.510454
POS_004413,30.6438,78.3068,1,0.966593
POS_001618,29.908631,78.713455,1,0.945817
POS_002796,30.180689,78.918788,1,0.662475
UK_NEG_01466,28.869427,79.894044,0,0.002406
UK_NEG_01586,30.556731,78.974588,0,0.010304
UK_NEG_02139,30.215725,80.671136,0,0.001177
UK_NEG_02711,30.978947,78.367398,0,0.082149
POS_001880,29.96596,78.766746,1,0.898276
POS_000622,29.507789,80.019631,1,0.965599
UK_NEG_04369,30.724873,78.966637,0,0.001599
UK_NEG_02634,30.592906,79.475903,0,0.001351
POS_002572,30.098694,79.665417,1,0.983736
UK_NEG_02660,30.427102,79.652442,0,0.000891
POS_002877,30.222338,79.253315,1,0.989074
POS_003510,30.396472,78.603444,1,0.980973
UK_NEG_02998,30.876927,79.869482,0,0.000195
POS_003286,30.330285,78.764995,1,0.989018
POS_003999,30.541912,77.953523,1,0.99316
POS_003553,30.402755,78.8456,1,0.407245
UK_NEG_01544,30.144071,78.210899,0,0.002445
POS_002163,30.01171,78.662935,1,0.977266
POS_002054,29.9935,78.751342,1,0.904368
UK_NEG_03387,29.612094,78.860448,0,0.003095
UK_NEG_00736,30.727729,78.221035,0,0.444168
UK_NEG_01021,30.141371,79.541434,0,0.108817
UK_NEG_02565,30.443521,80.20635,0,0.00077
UK_NEG_00198,29.899343,78.123189,0,0.00198
POS_000081,29.244866,79.674616,1,0.894098
UK_NEG_03671,30.373697,79.683979,0,0.014276
UK_NEG_00382,30.109679,79.20729,0,0.264947
UK_NEG_02982,30.309639,79.254583,0,0.576817
POS_000618,29.506139,80.038528,1,0.991378
UK_NEG_03046,29.909778,79.172982,0,0.358068
POS_004038,30.553189,78.805883,1,0.995955
POS_004571,30.762496,78.112596,1,0.910387
POS_004725,30.813816,78.210106,1,0.923528
UK_NEG_02650,29.796103,78.843228,0,0.263794
POS_000665,29.515981,80.026761,1,0.92713
POS_000833,29.569622,79.340426,1,0.810101
POS_003811,30.504417,79.485306,1,0.998891
POS_005300,30.132183,78.347401,1,0.760975
POS_000835,29.569832,80.319601,1,0.949962
POS_000251,29.333454,79.487459,1,0.98292
UK_NEG_01014,29.191809,79.402522,0,0.000405
POS_002324,30.044331,79.895493,1,0.665051
UK_NEG_04862,29.238842,79.05372,0,0.002945
UK_NEG_04322,30.322971,79.604708,0,0.003544
POS_000181,29.295128,79.609551,1,0.973294
POS_002500,30.087789,78.667368,1,0.770491
UK_NEG_00161,31.077831,78.093872,0,0.450228
UK_NEG_03052,30.529517,79.81663,0,0.001138
POS_002813,30.190046,78.795882,1,0.934051
UK_NEG_00657,30.725696,79.718829,0,0.007202
UK_NEG_03508,28.957998,79.82167,0,0.001886
UK_NEG_02337,30.107706,78.056504,0,0.032209
POS_004496,30.7175,78.3508,1,0.984497
UK_NEG_04794,30.265614,78.091881,0,0.028772
UK_NEG_03661,31.240168,78.328568,0,0.00273
POS_004119,30.572939,77.865479,1,0.872103
UK_NEG_02626,29.552376,79.049879,0,0.04117
POS_005287,30.109722,79.429167,1,0.99883
POS_002075,29.996946,78.797617,1,0.975311
POS_001871,29.964247,78.714245,1,0.912007
UK_NEG_02083,30.901162,79.645042,0,0.007677
UK_NEG_02959,29.528155,78.910785,0,0.004664
UK_NEG_02218,30.870259,79.537281,0,0.000389
UK_NEG_03266,30.437169,78.222644,0,0.210991
POS_002559,30.09733,78.937207,1,0.950817
POS_005138,30.962526,78.43049,1,0.978377
POS_001139,29.762116,78.550144,1,0.75921
POS_004256,30.598258,78.703992,1,0.855131
UK_NEG_00510,30.127244,79.864502,0,0.036643
POS_001979,29.98556,80.31833,1,0.690969
UK_NEG_05402,29.591331,80.159513,0,0.869587
UK_NEG_04360,30.417745,79.208084,0,0.896286
POS_004920,30.868906,78.188141,1,0.848516
POS_004214,30.593017,77.764961,1,0.873841
POS_004383,30.631382,77.874562,1,0.917407
UK_NEG_03394,28.916656,79.498518,0,0.000873
UK_NEG_03660,30.961962,79.359144,0,0.009294
POS_001203,29.791407,78.543243,1,0.991544
UK_NEG_05204,29.916422,78.08555,0,0.000652
POS_004176,30.585694,78.823389,1,0.896263
UK_NEG_01195,31.199582,78.230788,0,0.003166
POS_005279,30.658561,78.336291,1,0.999435
UK_NEG_02199,30.433485,80.456732,0,0.010299
UK_NEG_00468,30.060807,78.19366,0,0.000716
POS_000635,29.510069,79.039045,1,0.962814
POS_002093,29.999082,78.800009,1,0.963883
UK_NEG_04454,30.464008,80.068862,0,0.000714
UK_NEG_00058,28.974928,79.518988,0,0.000158
UK_NEG_02449,29.717832,80.131702,0,0.129661
UK_NEG_04188,30.846383,79.872382,0,0.001144
POS_004122,30.573464,79.12448,1,0.825024
POS_002039,29.99231,78.42799,1,0.863122
UK_NEG_04863,30.265933,80.707963,0,0.003964
POS_004574,30.762996,78.40328,1,0.929192
UK_NEG_02546,29.089273,79.420857,0,0.00275
POS_005464,30.652,79.0244,1,0.911618
POS_002858,30.212222,78.247222,1,0.756871
UK_NEG_03679,31.240644,78.331255,0,0.001194
POS_001109,29.745422,80.046681,1,0.938742
POS_001749,29.937738,79.346233,1,0.712919
UK_NEG_01044,30.142309,79.205476,0,0.225558
UK_NEG_00976,30.720926,78.313181,0,0.013851
UK_NEG_01788,30.974972,79.306175,0,0.000688
POS_005034,30.909928,78.229369,1,0.451396
UK_NEG_04077,30.061358,80.030904,0,0.008001
UK_NEG_04488,30.180658,79.557234,0,0.015057
UK_NEG_02465,30.07501,79.138436,0,0.005827
UK_NEG_03514,30.134168,78.277678,0,0.012152
UK_NEG_02971,30.085789,79.984069,0,0.377535
POS_001347,29.827913,78.870396,1,0.819527
UK_NEG_01721,30.544311,79.918749,0,0.000726
POS_000104,29.261458,79.563533,1,0.989603
UK_NEG_05051,29.07983,79.369769,0,0.001044
POS_004751,30.823141,78.449533,1,0.997292
UK_NEG_03726,29.332451,78.763693,0,0.001474
POS_002589,30.101563,79.387896,1,0.968343
UK_NEG_05176,30.491604,78.305383,0,0.891307
POS_000471,29.455151,79.964503,1,0.792587
UK_NEG_03386,30.096953,80.175656,0,0.007536
UK_NEG_05200,31.16503,78.472693,0,0.001945
UK_NEG_01725,30.771497,79.568286,0,0.000775
UK_NEG_01957,29.941393,77.771474,0,0.000925
UK_NEG_03520,30.649901,79.12161,0,0.008537
POS_002822,30.192521,78.639536,1,0.997992
UK_NEG_00114,29.111923,79.810075,0,0.2759
POS_000330,29.3788,79.5406,1,0.440526
UK_NEG_04995,29.382927,79.817835,0,0.165385
POS_004878,30.856602,78.634832,1,0.524294
POS_002328,30.045222,78.612361,1,0.79517
POS_001515,29.889736,79.065206,1,0.979595
UK_NEG_04925,30.418325,78.335148,0,0.1502
UK_NEG_00452,29.388234,79.297371,0,0.145854
UK_NEG_02239,31.106337,79.175242,0,0.018074
POS_005299,30.135844,78.331991,1,0.982056
POS_001939,29.979977,78.657332,1,0.971047
UK_NEG_01428,29.898825,78.306185,0,0.027921
UK_NEG_04429,29.632067,79.796943,0,0.893959
UK_NEG_03569,30.198584,80.645827,0,0.001381
POS_001776,29.943978,78.696936,1,0.468449
POS_002515,30.091425,79.617106,1,0.897563
POS_005091,30.941858,78.404144,1,0.855655
UK_NEG_01819,29.888891,80.446591,0,0.584562
POS_003313,30.341843,79.199409,1,0.975975
UK_NEG_02950,29.880275,78.36314,0,0.003281
UK_NEG_00692,30.500218,77.819866,0,0.002881
UK_NEG_05089,29.007582,79.886678,0,0.000293
UK_NEG_05136,30.683424,79.38952,0,0.003494
POS_000292,29.352778,79.862528,1,0.944744
POS_004537,30.754991,78.101161,1,0.960699
POS_005475,30.5824,79.0379,1,0.972501
POS_000371,29.404868,79.394397,1,0.987786
POS_003886,30.521581,77.916384,1,0.997049
UK_NEG_00387,30.277113,78.314354,0,0.812403
UK_NEG_01135,29.893593,79.623366,0,0.682833
UK_NEG_02357,29.783521,78.302696,0,0.00085
POS_004420,30.647939,79.023852,1,0.644978
POS_004944,30.886268,78.307332,1,0.973782
UK_NEG_01204,31.015176,78.110718,0,0.565962
UK_NEG_00374,31.198842,79.067424,0,0.000985
UK_NEG_01714,30.311104,79.845813,0,0.000659
POS_000573,29.493381,80.152911,1,0.992371
POS_003934,30.530028,78.570333,1,0.951883
POS_000172,29.292222,79.914417,1,0.592895
UK_NEG_02258,29.232588,79.487907,0,0.012657
POS_000895,29.608828,79.306039,1,0.99765
UK_NEG_00569,31.138354,79.080115,0,0.004733
UK_NEG_05457,30.406557,79.236686,0,0.062781
POS_003852,30.515278,78.523139,1,0.998858
UK_NEG_03141,31.073121,78.521961,0,0.006362
POS_000933,29.632504,80.381304,1,0.901134
UK_NEG_00783,29.78597,78.07878,0,0.000774
POS_002445,30.072041,78.660635,1,0.606755
UK_NEG_05019,30.221129,80.524982,0,0.006902
UK_NEG_05254,29.855007,78.915287,0,0.827653
POS_000466,29.454283,79.323847,1,0.990212
UK_NEG_01184,29.312213,79.129213,0,0.00071
POS_004452,30.673715,77.772919,1,0.791297
UK_NEG_00011,30.234352,80.464458,0,0.001556
UK_NEG_00793,29.888832,80.295602,0,0.390471
UK_NEG_03754,30.937849,78.121551,0,0.2332
POS_005194,31.09,78.12,1,0.579177
UK_NEG_01343,29.49662,79.266847,0,0.936786
POS_004073,30.562771,77.814976,1,0.992949
POS_000610,29.504573,79.203445,1,0.281763
UK_NEG_01899,29.551527,79.494253,0,0.61296
POS_005394,30.395583,79.326389,1,0.997941
POS_001134,29.759385,78.554278,1,0.726325
UK_NEG_04815,30.736999,78.111586,0,0.891606
UK_NEG_05185,30.483685,78.41681,0,0.572536
POS_003819,30.508333,78.348611,1,0.911912
UK_NEG_03205,30.033473,79.141365,0,0.020607
POS_002592,30.101738,78.588456,1,0.940995
UK_NEG_01337,30.514227,79.628704,0,0.007274
UK_NEG_04743,29.814973,79.663782,0,0.058537
POS_002151,30.008929,78.508888,1,0.920446
POS_003096,30.284885,79.131163,1,0.980732
POS_003114,30.287528,79.193972,1,0.805872
POS_003064,30.280888,78.766668,1,0.980174
POS_000469,29.454749,79.498678,1,0.960528
POS_000929,29.630989,79.073334,1,0.981804
UK_NEG_02035,30.443672,77.715984,0,0.003445
UK_NEG_02670,31.138455,78.130083,0,0.007918
UK_NEG_02329,30.100087,80.002504,0,0.091323
UK_NEG_01680,30.366907,78.668194,0,0.471888
UK_NEG_04333,30.530321,79.365355,0,0.019611
POS_000794,29.5542,79.3492,1,0.956536
UK_NEG_03846,31.079866,79.204609,0,0.004914
UK_NEG_01920,29.013205,79.725081,0,0.000913
UK_NEG_04351,29.795963,78.942837,0,0.716088
POS_002176,30.013974,78.807365,1,0.997207
POS_001300,29.817,78.937,1,0.801583
POS_000497,29.46106,79.481638,1,0.950274
UK_NEG_04320,30.723194,78.168376,0,0.232426
POS_005119,30.951585,77.841358,1,0.941449
POS_001000,29.669243,79.076167,1,0.995686
UK_NEG_02225,29.926338,80.4454,0,0.010252
UK_NEG_01155,29.752089,77.826714,0,0.001001
UK_NEG_03119,29.363494,79.906287,0,0.778288
POS_000557,29.487104,79.916204,1,0.166564
UK_NEG_05412,29.341344,79.892343,0,0.363789
POS_000302,29.357134,79.476971,1,0.95931
POS_002788,30.178611,79.330139,1,0.997441
POS_001614,29.908378,78.814331,1,0.959259
POS_004979,30.895833,78.676944,1,0.773539
UK_NEG_03045,30.196589,79.004394,0,0.91999
POS_004483,30.7175,78.3508,1,0.975936
POS_003134,30.29125,79.289444,1,0.999722
POS_002184,30.015124,79.874853,1,0.971814
POS_002857,30.211986,78.528778,1,0.98342
UK_NEG_02049,30.018433,79.119596,0,0.028897
POS_004365,30.627214,78.985733,1,0.72667
POS_005108,30.947013,77.865971,1,0.999189
UK_NEG_01192,30.878613,78.919452,0,0.005422
POS_004048,30.555642,78.80765,1,0.456418
POS_002305,30.04,80.3,1,0.990465
POS_003086,30.284205,78.536901,1,0.806422
UK_NEG_01156,30.588873,78.407769,0,0.011961
POS_001936,29.979056,79.914222,1,0.977274
POS_003253,30.318694,79.026611,1,0.978317
UK_NEG_04143,30.948887,79.4079,0,0.001953
POS_002759,30.156356,79.369848,1,0.885408
POS_002847,30.205485,79.459201,1,0.706919
UK_NEG_01707,31.177217,78.598307,0,0.001202
POS_002257,30.028953,80.035717,1,0.868705
POS_000889,29.603252,80.351608,1,0.519048
POS_003140,30.291917,79.100417,1,0.89494
UK_NEG_05431,30.187307,80.964046,0,0.001074
POS_000480,29.456501,79.498112,1,0.965819
POS_002350,30.05,80.31,1,0.898922
UK_NEG_02890,30.541619,79.95035,0,0.001774
POS_002756,30.153689,78.860028,1,0.868722
UK_NEG_04425,31.171326,78.573218,0,0.000817
POS_001011,29.674026,79.804944,1,0.69035
UK_NEG_03941,30.365442,80.721225,0,0.004962
UK_NEG_04936,29.644391,78.789316,0,0.241112
UK_NEG_02252,29.01052,79.993276,0,0.000463
POS_004456,30.677778,79.031111,1,0.012077
POS_001717,29.927936,78.391041,1,0.965461
POS_000033,29.176065,80.132172,1,0.998781
UK_NEG_02259,30.107629,79.896917,0,0.828067
UK_NEG_04458,29.178754,79.086346,0,0.00407
POS_003872,30.519698,79.09523,1,0.959581
UK_NEG_02667,29.699724,79.665838,0,0.846929
UK_NEG_01762,30.969686,78.625021,0,0.002541
POS_004291,30.6055,79.569294,1,0.959329
UK_NEG_04167,30.294506,80.738072,0,0.005613
UK_NEG_00636,29.307649,78.911061,0,0.000484
POS_004704,30.806847,78.222118,1,0.99941
UK_NEG_04812,30.42526,80.407545,0,0.001821
UK_NEG_04576,30.794026,78.02246,0,0.918078
UK_NEG_04809,29.540586,80.032262,0,0.961183
POS_004983,30.898993,77.836854,1,0.869103
UK_NEG_05489,30.144045,78.727093,0,0.576224
POS_002989,30.265705,78.667963,1,0.988977
UK_NEG_00055,30.083611,79.283679,0,0.449576
POS_001356,29.830531,79.002536,1,0.978881
UK_NEG_01405,30.007095,77.88255,0,0.003691
UK_NEG_03102,30.762384,79.337447,0,0.008196
POS_004320,30.614639,78.167111,1,0.440403
UK_NEG_00208,29.858497,80.200921,0,0.630474
POS_002330,30.045439,80.060286,1,0.39159
POS_002852,30.209934,78.755775,1,0.834444
UK_NEG_01252,30.688723,79.635244,0,0.003052
UK_NEG_02941,30.198966,79.540481,0,0.006725
POS_000680,29.5191,79.4066,1,0.961065
POS_002806,30.186177,79.380843,1,0.911204
POS_003675,30.448397,79.429504,1,0.983829
POS_000038,29.182044,80.021544,1,0.994106
UK_NEG_01311,30.635009,78.738242,0,0.871948
POS_002890,30.224861,78.239167,1,0.981665
POS_005082,30.931212,78.391782,1,0.767681
POS_004484,30.7175,78.3508,1,0.975859
UK_NEG_04735,30.736537,79.122162,0,0.024198
UK_NEG_04558,30.106188,80.359018,0,0.006222
UK_NEG_05213,30.636897,79.615197,0,0.099354
UK_NEG_00075,30.715733,77.991854,0,0.432044
UK_NEG_02250,30.310857,79.85148,0,0.001612
POS_000713,29.528083,80.071478,1,0.963479
UK_NEG_04038,30.060864,79.37325,0,0.01461
POS_002276,30.032952,79.65191,1,0.944266
POS_002945,30.247364,78.582139,1,0.963046
UK_NEG_00665,30.311429,80.335639,0,0.00148
POS_001045,29.691396,79.23879,1,0.863909
UK_NEG_05073,31.070456,78.503197,0,0.00386
POS_003206,30.304416,78.875173,1,0.985541
POS_001568,29.900861,80.02775,1,0.763592
POS_002122,30.00309,79.885146,1,0.966649
POS_000039,29.18394,80.007996,1,0.977897
UK_NEG_01605,29.244971,79.156003,0,0.000604
POS_004695,30.799722,78.615278,1,0.894136
POS_002382,30.058333,79.523083,1,0.945399
UK_NEG_03275,30.406626,77.686337,0,0.003879
UK_NEG_01443,30.810314,79.19937,0,0.001124
POS_000005,29.145411,80.180642,1,0.997818
UK_NEG_04770,30.493319,80.121282,0,0.000926
POS_001590,29.905617,78.798351,1,0.996376
UK_NEG_01853,30.609047,78.755127,0,0.006207
POS_000669,29.516444,80.029111,1,0.988686
UK_NEG_03543,30.91463,79.363355,0,0.003114
UK_NEG_00852,30.547718,79.529822,0,0.978963
POS_000516,29.466752,79.479497,1,0.969802
POS_004991,30.9008,78.6786,1,0.651395
UK_NEG_00993,30.037639,78.957266,0,0.253602
POS_005377,30.335944,79.320167,1,0.996734
POS_000752,29.544136,80.312749,1,0.951155
UK_NEG_02495,29.201329,78.967147,0,0.000953
POS_003477,30.389639,79.299972,1,0.949585
POS_005399,29.833833,80.147306,1,0.623612
POS_001256,29.805,80.49472,1,0.981741
POS_000509,29.464564,79.332239,1,0.995302
POS_003839,30.513144,77.972592,1,0.986336
POS_002791,30.179531,78.862137,1,0.590548
UK_NEG_04686,29.068108,79.180823,0,0.000708
POS_001576,29.901748,78.878753,1,0.822976
UK_NEG_02341,29.997108,80.513408,0,0.005058
POS_000695,29.521748,79.431384,1,0.926398
POS_002509,30.090053,78.727813,1,0.164851
POS_003880,30.52081,78.351317,1,0.939485
POS_001142,29.764108,79.97879,1,0.80484
POS_004989,30.900556,78.328889,1,0.908059
UK_NEG_04208,30.967615,79.298697,0,0.001613
UK_NEG_03134,29.563896,80.102775,0,0.31035
UK_NEG_03993,30.898791,78.132995,0,0.139225
POS_004285,30.603438,77.904944,1,0.949825
UK_NEG_04685,30.458032,78.327445,0,0.379222
UK_NEG_03897,30.067921,79.949762,0,0.007064
POS_002622,30.108025,78.683728,1,0.804996
POS_001973,29.984722,79.962833,1,0.684877
UK_NEG_05505,30.395189,80.506319,0,0.001106
UK_NEG_01959,31.14525,79.118057,0,0.001789
POS_002302,30.039689,78.73458,1,0.821063
UK_NEG_01271,30.465972,79.671507,0,0.026332
POS_002809,30.188683,78.803122,1,0.670503
UK_NEG_05409,30.615146,78.908583,0,0.006954
UK_NEG_01369,29.259687,78.949828,0,0.003575
POS_001573,29.901654,78.879128,1,0.58678
POS_002007,29.989126,78.458924,1,0.89167
UK_NEG_04099,30.327385,80.041207,0,0.001843
POS_003928,30.528975,77.885328,1,0.992652
UK_NEG_04609,30.207517,80.466549,0,0.005154
UK_NEG_04207,28.994649,79.376372,0,0.000947
UK_NEG_02679,29.735652,78.02951,0,0.00043
POS_004492,30.7175,78.3508,1,0.975936
POS_000720,29.529269,79.396633,1,0.903944
UK_NEG_04407,29.687002,79.596036,0,0.827193
POS_000476,29.455774,80.071751,1,0.887057
UK_NEG_04321,30.635555,79.660746,0,0.004386
POS_000559,29.487306,79.985861,1,0.999155
UK_NEG_02382,29.901062,78.229009,0,0.005446
UK_NEG_00561,29.878354,77.763259,0,0.002816
POS_000353,29.396469,79.63573,1,0.708825
UK_NEG_00910,30.565407,79.309856,0,0.004269
POS_000332,29.379611,79.973361,1,0.806634
UK_NEG_01890,29.888749,79.696118,0,0.831221
UK_NEG_00480,30.649437,80.203471,0,0.001747
POS_002120,30.002475,80.143394,1,0.999452
UK_NEG_04246,30.209892,80.657308,0,0.005918
POS_002733,30.139182,78.805093,1,0.79009
POS_003155,30.294639,79.106528,1,0.971861
UK_NEG_02534,30.438717,79.749876,0,0.008952
POS_004528,30.753194,78.475167,1,0.738874
UK_NEG_02862,29.857182,80.28786,0,0.006494
UK_NEG_04842,29.789061,80.226521,0,0.319917
UK_NEG_02290,31.047647,78.021303,0,0.471187
UK_NEG_01934,30.851745,79.244451,0,0.001445
UK_NEG_03110,29.006382,79.652275,0,0.000801
UK_NEG_02592,30.067366,78.752152,0,0.836449
UK_NEG_00164,29.707652,79.72297,0,0.59737
POS_001868,29.963789,80.132256,1,0.931316
UK_NEG_01353,30.479372,78.336915,0,0.786269
UK_NEG_00135,29.136,79.872517,0,0.212047
POS_002140,30.005819,80.182306,1,0.185635
POS_002132,30.00444,80.14611,1,0.035472
UK_NEG_05038,29.606308,78.830273,0,0.003222
POS_000901,29.614083,79.622833,1,0.377193
UK_NEG_02366,30.677882,80.096166,0,0.001387
UK_NEG_03862,30.331248,79.675758,0,0.000752
UK_NEG_02951,30.161106,80.514556,0,0.004905
POS_003808,30.5036,79.088,1,0.99846
UK_NEG_03340,30.24758,80.828557,0,0.011532
UK_NEG_02320,30.280096,80.3687,0,0.001394
UK_NEG_03459,30.844217,79.048282,0,0.003498
POS_004100,30.568161,78.815719,1,0.988772
POS_005496,30.36,78.9788,1,0.990605
POS_005504,30.4127,79.3664,1,0.974649
UK_NEG_05253,30.07946,80.722632,0,0.001156
UK_NEG_01300,30.262417,78.452481,0,0.928384
UK_NEG_01540,30.454532,80.44914,0,0.009691
UK_NEG_03300,31.361587,79.018186,0,0.002214
UK_NEG_04027,30.51824,79.814128,0,0.013704
UK_NEG_00924,30.018668,78.409752,0,0.438354
POS_000319,29.374536,79.468644,1,0.998214
UK_NEG_00624,29.473976,78.987909,0,0.003778
POS_000547,29.484841,79.886383,1,0.962295
POS_002422,30.066667,79.521111,1,0.701529
UK_NEG_02762,30.719421,79.436153,0,0.001789
POS_003074,30.281962,78.968621,1,0.999096
UK_NEG_05138,30.374906,80.579168,0,0.000727
POS_005479,30.5746,79.0543,1,0.998533
POS_001770,29.943208,78.578758,1,0.995325
POS_003572,30.407771,78.847589,1,0.422905
UK_NEG_03553,29.126371,79.915464,0,0.414824
POS_004409,30.643008,79.02293,1,0.656878
UK_NEG_01088,31.163294,79.175344,0,0.002449
UK_NEG_02658,29.445354,78.953155,0,0.051074
UK_NEG_04352,30.175225,78.245784,0,0.265875
POS_004284,30.603,78.636633,1,0.988827
UK_NEG_02469,30.407982,80.020531,0,0.000722
POS_001239,29.799639,78.547788,1,0.998635
UK_NEG_01433,29.981839,77.802996,0,0.000634
UK_NEG_02699,31.337304,79.219888,0,0.010964
POS_000998,29.668287,79.07634,1,0.988257
UK_NEG_01550,31.010521,78.843945,0,0.003454
UK_NEG_02417,31.332451,79.117995,0,0.01191
POS_002987,30.265222,79.149139,1,0.871799
POS_002911,30.234483,77.946137,1,0.716666
UK_NEG_03270,30.93684,78.528643,0,0.017019
UK_NEG_04023,30.040203,80.624887,0,0.018618
UK_NEG_00601,29.388642,79.253213,0,0.00715
UK_NEG_02431,30.676971,78.098685,0,0.653034
UK_NEG_01905,30.879239,79.733039,0,0.0032
POS_005129,30.958333,78.421667,1,0.995213
POS_003329,30.347556,79.075528,1,0.995869
UK_NEG_01302,30.278982,79.351221,0,0.223661
UK_NEG_05143,29.094061,80.003439,0,0.002345
UK_NEG_01882,29.876236,80.016251,0,0.420377
POS_001252,29.803725,78.54577,1,0.981542
UK_NEG_01479,29.171811,79.369684,0,0.001173
UK_NEG_04767,29.293354,78.907439,0,0.000389
UK_NEG_02443,30.980583,79.539199,0,0.003583
POS_004387,30.633663,78.013976,1,0.976068
UK_NEG_03869,29.858595,78.367066,0,0.897998
POS_000461,29.453408,79.476306,1,0.969595
UK_NEG_02746,30.739708,79.657765,0,0.010585
UK_NEG_04506,28.982276,80.096071,0,0.004001
POS_000730,29.534144,79.404779,1,0.953396
UK_NEG_02961,30.478519,80.285186,0,0.000784
POS_003350,30.357333,79.282444,1,0.886333
UK_NEG_03817,30.881332,79.262637,0,0.000901
POS_003805,30.501944,78.438611,1,0.822771
UK_NEG_04015,31.042087,79.295076,0,0.001222
POS_001178,29.779469,79.222961,1,0.925823
POS_000345,29.387396,80.248537,1,0.820461
UK_NEG_04989,29.800206,80.394345,0,0.982465
UK_NEG_01684,29.139184,79.881355,0,0.090648
POS_000083,29.245557,79.851988,1,0.923005
UK_NEG_01538,30.987343,79.464829,0,0.004647
UK_NEG_04496,29.188685,79.142443,0,0.001079
UK_NEG_02404,30.987364,78.258651,0,0.142992
POS_005290,30.087139,79.473153,1,0.955401
UK_NEG_00641,29.199322,79.022054,0,0.007504
UK_NEG_05197,30.411624,77.586343,0,0.001083
UK_NEG_02237,31.046315,79.36108,0,0.001491
POS_000969,29.651,79.0453,1,0.911019
POS_004828,30.846283,78.09154,1,0.911301
UK_NEG_01975,31.108048,79.041553,0,0.000755
UK_NEG_04949,30.706201,78.88692,0,0.02844
POS_001182,29.781251,79.224752,1,0.91188
UK_NEG_02821,30.271948,79.825184,0,0.001912
POS_003603,30.418297,78.077244,1,0.979063
UK_NEG_05120,28.953777,79.559528,0,0.002577
POS_004995,30.901944,78.254167,1,0.023838
POS_001425,29.855822,78.828401,1,0.948464
POS_000532,29.476878,80.004872,1,0.953323
UK_NEG_00295,29.184323,79.095288,0,0.000618
UK_NEG_04140,29.037336,80.072586,0,0.001927
POS_002430,30.069556,78.536833,1,0.835394
POS_002504,30.089252,80.2434,1,0.069213
UK_NEG_04747,30.411832,77.853068,0,0.007405
UK_NEG_01608,30.551681,78.183491,0,0.406058
UK_NEG_01150,29.691098,78.041561,0,0.002901
UK_NEG_03697,30.327161,78.279936,0,0.798774
UK_NEG_03681,30.017477,80.525418,0,0.034891
POS_002352,30.050407,78.558517,1,0.656591
UK_NEG_01456,30.463475,78.766656,0,0.886268
POS_000742,29.538607,80.256731,1,0.433569
UK_NEG_03783,28.950534,79.480338,0,0.000677
UK_NEG_02441,30.311864,78.443618,0,0.831721
UK_NEG_02437,30.48966,80.048315,0,0.000263
POS_004752,30.823153,77.842272,1,0.955602
UK_NEG_04164,30.195039,79.047138,0,0.722764
POS_003619,30.423639,78.588944,1,0.977649
POS_000481,29.456903,79.467962,1,0.919841
UK_NEG_01885,30.796637,78.273577,0,0.440392
POS_003148,30.293417,79.380889,1,0.964558
UK_NEG_03562,30.374139,79.973041,0,0.001846
UK_NEG_01702,30.766312,79.715357,0,0.000858
POS_003672,30.447944,79.075389,1,0.997254
UK_NEG_03196,30.079282,80.32689,0,0.638379
UK_NEG_01366,30.669893,78.319863,0,0.536075
POS_004891,30.859782,78.239581,1,0.872887
UK_NEG_00436,30.935508,77.960387,0,0.230901
UK_NEG_05243,29.935139,80.467535,0,0.011368
POS_003258,30.320074,78.759231,1,0.479581
POS_005241,30.405539,78.141053,1,0.960862
UK_NEG_04560,29.295353,78.817294,0,0.000625
POS_003575,30.408281,78.143207,1,0.982248
UK_NEG_04348,29.843092,79.475219,0,0.08946
UK_NEG_02603,30.060129,78.722282,0,0.167577
UK_NEG_01248,31.134076,79.201642,0,0.001042
POS_004134,30.57585,78.822878,1,0.477537
UK_NEG_01907,31.259282,79.12987,0,0.00577
POS_004871,30.855278,78.281944,1,0.976011
UK_NEG_00320,30.155133,78.156877,0,0.003154
UK_NEG_03210,30.295279,80.656039,0,0.000937
UK_NEG_04737,29.662005,79.847975,0,0.102097
UK_NEG_02333,30.660645,78.858823,0,0.195976
UK_NEG_00145,29.635517,79.795395,0,0.528295
POS_002283,30.035552,78.629425,1,0.971374
UK_NEG_04680,29.46451,79.396406,0,0.76369
UK_NEG_04355,30.137409,79.753059,0,0.006734
POS_001514,29.88944,79.928726,1,0.913674
POS_002748,30.149177,78.802551,1,0.917226
POS_004141,30.578967,78.006488,1,0.998433
UK_NEG_00508,30.598277,78.929697,0,0.025734
POS_002329,30.045431,79.604978,1,0.982622
POS_003256,30.319889,79.19225,1,0.814443
UK_NEG_00335,30.894677,79.372356,0,0.002511
UK_NEG_04827,30.73841,79.464778,0,0.004816
POS_004591,30.766682,78.397141,1,0.803888
POS_004007,30.543917,78.799639,1,0.95743
POS_004907,30.863645,78.062658,1,0.368701
POS_003269,30.324333,79.196083,1,0.847325
POS_004557,30.759167,78.440278,1,0.949373
POS_004118,30.572806,79.080972,1,0.834809
UK_NEG_05322,30.717099,78.782272,0,0.001269
UK_NEG_00656,30.100342,78.373471,0,0.923004
UK_NEG_03547,30.993165,78.768965,0,0.000622
POS_002408,30.063862,78.779648,1,0.915762
POS_004639,30.780687,78.363964,1,0.981997
UK_NEG_03064,30.868754,79.403364,0,0.001495
UK_NEG_01427,30.407019,80.276429,0,0.00278
UK_NEG_00017,30.537507,79.165274,0,0.111575
UK_NEG_02572,31.230788,78.971185,0,0.001761
POS_004480,30.7175,78.3508,1,0.975859
UK_NEG_01953,29.632342,79.471028,0,0.171618
POS_005469,30.611,79.015,1,0.534553
POS_005137,30.962196,78.427587,1,0.979299
POS_000131,29.270031,79.550619,1,0.985613
POS_002583,30.100453,79.038016,1,0.644945
UK_NEG_01446,30.589001,78.552668,0,0.480714
UK_NEG_00465,30.685147,78.845761,0,0.014442
UK_NEG_04416,30.032312,78.367619,0,0.849633
UK_NEG_04830,30.635431,79.65257,0,0.001365
POS_002704,30.13,80.25,1,0.843062
POS_003496,30.392841,78.73521,1,0.995278
POS_001009,29.673983,79.273005,1,0.97548
UK_NEG_02591,30.036127,78.070502,0,0.610349
UK_NEG_04803,30.473054,80.449726,0,0.000845
UK_NEG_01002,29.796042,77.902482,0,0.001483
UK_NEG_00584,31.326186,79.208467,0,0.005196
POS_000954,29.643406,80.32413,1,0.815993
POS_004797,30.838944,78.257826,1,0.92902
POS_003301,30.335694,79.319944,1,0.95235
POS_005451,29.380077,79.491868,1,0.997601
UK_NEG_01676,29.525691,78.884877,0,0.005007
UK_NEG_00971,29.034324,79.820396,0,0.00056
UK_NEG_00041,30.757151,78.511032,0,0.9155
UK_NEG_04455,30.651553,79.485269,0,0.000329
POS_002863,30.214889,78.231389,1,0.944379
UK_NEG_02526,31.11563,77.980712,0,0.009692
POS_003482,30.390658,78.738049,1,0.999004
POS_002671,30.121528,79.611722,1,0.644571
UK_NEG_03892,31.061881,78.628823,0,0.002018
UK_NEG_04950,29.927862,80.429628,0,0.075614
POS_002811,30.189644,78.805839,1,0.792641
POS_002110,30.000678,80.140338,1,0.957799
POS_001903,29.970083,79.90775,1,0.996465
POS_004040,30.553611,78.308333,1,0.764404
UK_NEG_03465,30.40199,79.86251,0,0.002351
POS_004813,30.844318,78.24888,1,0.711657
UK_NEG_02163,30.365448,78.117565,0,0.950807
POS_002624,30.108974,79.432157,1,0.950557
UK_NEG_02280,30.951333,77.990368,0,0.645951
POS_004183,30.587167,78.623611,1,0.756246
UK_NEG_03435,30.26474,80.602619,0,0.005914
UK_NEG_04305,30.751509,79.91784,0,0.007602
POS_001538,29.896338,79.748373,1,0.974718
UK_NEG_00571,31.035714,78.19151,0,0.008474
UK_NEG_03504,30.878977,78.926531,0,0.001288
UK_NEG_03832,30.971868,78.51551,0,0.001795
UK_NEG_01991,30.091851,80.570429,0,0.001906
UK_NEG_02567,28.913631,79.785801,0,0.001235
POS_003043,30.276139,78.609667,1,0.565518
POS_004868,30.854722,78.199583,1,0.747216
POS_005293,30.12292,78.381461,1,0.967467
POS_005205,29.99074,79.930685,1,0.938825
UK_NEG_01987,30.849953,79.493725,0,0.002144
UK_NEG_04110,30.888427,79.711604,0,0.000668
UK_NEG_04719,29.317322,79.061485,0,0.00139
UK_NEG_02503,29.438036,79.611916,0,0.29317
POS_003565,30.405923,78.128262,1,0.950335
POS_001442,29.86465,78.595345,1,0.96779
POS_002734,30.139222,78.593941,1,0.987929
UK_NEG_03165,30.162342,77.983769,0,0.016961
POS_001681,29.91909,79.417782,1,0.941062
POS_005298,30.058541,78.509662,1,0.983464
UK_NEG_05107,31.167858,78.439436,0,0.004931
UK_NEG_04232,29.123859,79.512515,0,0.000936
POS_001497,29.882055,78.611968,1,0.683339
UK_NEG_02619,29.328241,78.883211,0,0.00246
POS_001423,29.85536,78.825739,1,0.892933
POS_002721,30.135708,79.71699,1,0.933744
POS_001411,29.847442,79.086055,1,0.942518
UK_NEG_04289,30.694322,78.436533,0,0.251307
POS_005038,30.912222,78.354444,1,0.442955
POS_000847,29.573836,80.353159,1,0.998432
UK_NEG_02208,30.542187,78.121082,0,0.061708
POS_002903,30.229328,78.825755,1,0.894112
UK_NEG_03809,29.60517,79.598628,0,0.654453
UK_NEG_01799,29.062625,79.302149,0,0.000243
POS_002976,30.261611,79.159361,1,0.909798
POS_000832,29.568875,80.293013,1,0.706094
UK_NEG_04603,30.238741,79.373327,0,0.047802
POS_004443,30.660926,79.036781,1,0.138906
UK_NEG_03414,29.120775,79.937829,0,0.113391
UK_NEG_04447,30.508233,79.912803,0,0.003209
POS_001076,29.71427,80.278017,1,0.759895
UK_NEG_01235,30.596572,78.544166,0,0.301206
POS_004559,30.759413,78.375565,1,0.888145
POS_002533,30.093528,79.529333,1,0.962304
UK_NEG_02812,29.555844,80.14114,0,0.605057
UK_NEG_01388,30.409207,80.184741,0,0.001983
POS_001706,29.924167,78.716123,1,0.978878
UK_NEG_01220,30.694435,80.123625,0,0.000473
POS_001332,29.825306,80.090917,1,0.761503
UK_NEG_01691,29.341155,79.83605,0,0.632286
POS_001419,29.851683,79.775017,1,0.73387
POS_002100,30.0,79.0,1,0.913618
UK_NEG_00012,30.563934,78.916477,0,0.05862
POS_001499,29.882454,79.433351,1,0.946844
UK_NEG_02125,29.144067,79.751954,0,0.124454
UK_NEG_03908,29.75858,79.723249,0,0.728195
POS_004458,30.680583,78.232417,1,0.78201
UK_NEG_02820,30.447727,79.654639,0,0.007428
POS_001910,29.970662,80.101307,1,0.996075
UK_NEG_03485,30.960558,78.860887,0,0.013466
UK_NEG_04998,29.239954,79.519517,0,0.001999
POS_003595,30.413521,78.128358,1,0.998466
UK_NEG_02133,30.513914,80.348977,0,0.074927
UK_NEG_03686,30.375458,77.70199,0,0.252093
UK_NEG_00435,30.204539,80.48857,0,0.00443
POS_003605,30.418403,78.628581,1,0.969777
POS_004472,30.698611,79.061833,1,0.283768
POS_000007,29.147085,79.941277,1,0.94763
UK_NEG_02383,30.698879,78.434519,0,0.0554
POS_004789,30.837333,78.2475,1,0.919946
POS_000193,29.300194,79.697389,1,0.998248
POS_000277,29.344961,79.712972,1,0.788799
POS_004171,30.584444,78.8205,1,0.778839
POS_004850,30.848,78.0544,1,0.247849
POS_004524,30.752059,78.432813,1,0.835131
POS_000627,29.509016,80.303447,1,0.941604
UK_NEG_02580,31.123938,79.304034,0,0.0032
POS_004689,30.797693,78.179885,1,0.999152
POS_000479,29.456367,79.574229,1,0.518568
UK_NEG_05090,29.307971,80.268285,0,0.68684
UK_NEG_03163,30.507904,79.397001,0,0.970527
POS_000668,29.516336,79.480038,1,0.866383
POS_003654,30.438861,79.289111,1,0.887279
UK_NEG_02079,31.181459,79.049797,0,0.028579
UK_NEG_00430,30.775081,79.808419,0,0.001377
UK_NEG_03979,30.299601,78.368606,0,0.082495
POS_001823,29.956919,78.69335,1,0.996924
UK_NEG_02707,30.716705,78.576795,0,0.786293
POS_001704,29.923497,79.318706,1,0.917304
UK_NEG_03483,30.898306,79.279533,0,0.002109
POS_001366,29.833155,79.05763,1,0.952896
POS_003686,30.450806,79.428917,1,0.999512
UK_NEG_00973,31.02548,77.970602,0,0.428714
UK_NEG_05023,29.795609,79.010276,0,0.120184
POS_000809,29.561459,79.213104,1,0.973558
POS_001092,29.724667,79.593083,1,0.30931
UK_NEG_02459,31.124126,78.068801,0,0.246089
POS_004538,30.755311,77.82967,1,0.418815
UK_NEG_00316,30.309736,80.397815,0,0.001269
POS_000036,29.179958,79.910223,1,0.99205
POS_005382,30.412472,79.297278,1,0.96492
UK_NEG_00528,29.715528,78.007144,0,0.000809
POS_000825,29.566535,79.21527,1,0.988031
POS_002174,30.013763,79.951405,1,0.966927
POS_004202,30.590889,78.681389,1,0.981151
POS_000042,29.186147,79.629781,1,0.381568
UK_NEG_00886,30.0244,78.279174,0,0.001879
UK_NEG_04850,30.224071,79.675654,0,0.00277
UK_NEG_00875,30.381383,77.780082,0,0.001735
UK_NEG_04930,28.923001,79.675607,0,0.001028
POS_001219,29.794827,78.529297,1,0.99692
UK_NEG_04668,29.38075,78.943774,0,0.00198
UK_NEG_00185,29.69599,78.842226,0,0.434398
POS_002217,30.020449,78.806415,1,0.886866
POS_004479,30.7175,78.3508,1,0.984497
POS_002406,30.062472,79.539667,1,0.959002
POS_000971,29.652917,80.238417,1,0.777106
POS_004634,30.780139,78.451528,1,0.888382
POS_004322,30.615,78.316667,1,0.318907
POS_000269,29.3402,79.5237,1,0.996795
POS_003255,30.319417,79.026444,1,0.891415
UK_NEG_04676,29.201035,79.13928,0,0.0023
POS_005350,29.758889,80.349444,1,0.320084
UK_NEG_00367,29.387494,79.000583,0,0.001017
UK_NEG_05321,30.085937,79.716228,0,0.021381
UK_NEG_05239,30.343262,80.759018,0,0.001476
UK_NEG_03858,29.475223,78.802221,0,0.000496
UK_NEG_04923,30.321602,80.092615,0,0.001433
UK_NEG_04565,30.920714,77.981693,0,0.039961
UK_NEG_01527,30.665188,78.801517,0,0.003823
UK_NEG_01868,29.204634,79.612168,0,0.507983
UK_NEG_03831,28.941246,79.429029,0,0.000402
UK_NEG_01749,30.920269,78.50923,0,0.003222
POS_005180,30.988345,78.06633,1,0.773879
UK_NEG_05012,29.331465,79.020002,0,0.001771
POS_000656,29.51404,79.479387,1,0.835643
POS_002626,30.109258,79.68101,1,0.425019
UK_NEG_01588,30.58029,79.695865,0,0.005075
POS_005054,30.92225,78.383167,1,0.907205
UK_NEG_03945,30.768907,77.94389,0,0.772431
UK_NEG_00669,30.88727,78.54885,0,0.002066
POS_004772,30.832201,78.102429,1,0.936157
POS_000648,29.512408,80.060808,1,0.996343
UK_NEG_01424,28.885235,79.548615,0,0.002425
UK_NEG_04736,30.953213,79.087045,0,0.002852
UK_NEG_04507,31.180347,78.108382,0,0.006975
POS_001882,29.967398,78.770836,1,0.993594
POS_000939,29.634433,79.254016,1,0.979083
UK_NEG_01858,29.429726,79.779253,0,0.127347
UK_NEG_02156,30.337951,77.777709,0,0.002569
UK_NEG_03672,30.449268,77.770672,0,0.004144
POS_004753,30.824167,78.615512,1,0.780818
UK_NEG_00322,29.722131,79.987471,0,0.781822
POS_000804,29.558795,79.453735,1,0.83886
POS_003438,30.381912,78.767556,1,0.420179
POS_001927,29.977449,79.265359,1,0.943666
POS_005173,30.973833,77.953583,1,0.696216
UK_NEG_04587,31.172519,79.070606,0,0.008352
UK_NEG_00579,31.28341,79.07307,0,0.001254
POS_000800,29.55698,79.196327,1,0.996287
POS_005040,30.912529,78.220076,1,0.604393
POS_001511,29.888431,78.456578,1,0.99924
POS_003484,30.390867,78.516755,1,0.85541
POS_005142,30.964526,78.430284,1,0.971867
POS_003402,30.373738,78.903886,1,0.810294
UK_NEG_02167,30.483925,79.934397,0,0.001133
UK_NEG_02562,29.112727,79.348916,0,0.000662
POS_004856,30.850549,77.815659,1,0.984627
UK_NEG_00869,30.809319,78.905773,0,0.005213
UK_NEG_00352,31.123644,78.119241,0,0.001646
UK_NEG_03185,29.129068,79.468961,0,0.001152
UK_NEG_04421,30.233623,80.716861,0,0.001166
POS_004068,30.562297,79.570742,1,0.701577
POS_000940,29.634848,80.379669,1,0.714802
POS_001055,29.693414,80.31978,1,0.993081
UK_NEG_02482,29.350013,78.919353,0,0.000565
POS_000634,29.510069,80.024114,1,0.99684
UK_NEG_02774,29.992494,78.23664,0,0.000359
POS_004078,30.563789,77.845259,1,0.967989
UK_NEG_01893,30.613522,78.257189,0,0.439642
POS_003132,30.290944,78.657778,1,0.953376
UK_NEG_00695,29.237473,79.804866,0,0.213674
UK_NEG_00100,30.808533,77.793219,0,0.483737
POS_005466,30.62,79.99,1,0.00095
POS_004117,30.571986,78.000758,1,0.996476
UK_NEG_05076,29.812694,77.927103,0,0.001498
POS_003816,30.506395,77.984281,1,0.947321
UK_NEG_02152,30.402123,80.701035,0,0.000896
POS_001822,29.956264,79.195922,1,0.657628
POS_003202,30.303833,79.203944,1,0.91777
UK_NEG_00165,30.178595,80.039914,0,0.006003
UK_NEG_04025,30.869597,78.980378,0,0.001226
POS_000662,29.515211,80.065156,1,0.945159
POS_002063,29.994459,79.461084,1,0.38406
POS_001989,29.986805,79.086793,1,0.163365
POS_000127,29.269307,80.070335,1,0.917006
UK_NEG_00421,29.542578,78.981047,0,0.33857
POS_003138,30.291639,79.101972,1,0.95359
UK_NEG_02569,30.149716,78.241988,0,0.000906
UK_NEG_04177,30.927035,78.038261,0,0.539324
POS_004520,30.748889,78.452056,1,0.999124
POS_003461,30.386282,78.57549,1,0.991949
POS_004660,30.7875,78.169278,1,0.906848
UK_NEG_01326,29.86777,79.307584,0,0.958792
POS_002118,30.002232,78.804525,1,0.98061
UK_NEG_01500,31.059738,78.058692,0,0.536822
POS_000445,29.448438,79.289705,1,0.858798
UK_NEG_04237,30.232022,80.537094,0,0.002202
UK_NEG_01609,30.413566,79.506837,0,0.004583
UK_NEG_03182,30.477855,79.89631,0,0.000765
UK_NEG_04056,29.937459,78.454216,0,0.136446
POS_001966,29.984028,79.959,1,0.969668
UK_NEG_05380,29.895915,80.513218,0,0.374707
POS_001171,29.777094,79.225233,1,0.992
POS_001127,29.757124,78.556338,1,0.708218
POS_002181,30.014811,78.806811,1,0.997469
UK_NEG_00887,29.73853,78.605759,0,0.044234
UK_NEG_01867,30.673768,78.85487,0,0.819443
POS_000079,29.244021,80.015769,1,0.997913
POS_001510,29.887541,79.963422,1,0.736692
POS_004883,30.85801,78.646741,1,0.601369
UK_NEG_04579,30.335347,77.83175,0,0.00337
UK_NEG_03559,30.134096,80.646914,0,0.00202
UK_NEG_03793,28.988948,79.954467,0,0.000873
POS_003559,30.404562,78.096741,1,0.987661
POS_004731,30.815,78.20375,1,0.846449
UK_NEG_02355,30.550276,78.186343,0,0.83625
POS_002547,30.0945,79.38662,1,0.610855
POS_002479,30.084222,79.522528,1,0.895571
POS_005092,30.941915,78.405897,1,0.92518
POS_002223,30.0215,79.664722,1,0.933284
UK_NEG_00069,29.706038,78.166593,0,0.001648
UK_NEG_05103,30.870858,79.186664,0,0.008738
POS_000179,29.294278,80.030639,1,0.99822
UK_NEG_02387,30.035726,78.898473,0,0.099836
UK_NEG_03956,29.656612,79.43599,0,0.386189
UK_NEG_05130,30.719954,79.795067,0,0.001036
POS_001672,29.918065,78.676453,1,0.991448
UK_NEG_03175,30.942327,79.567737,0,0.000337
POS_000739,29.538083,79.669167,1,0.624659
POS_001533,29.895292,80.032288,1,0.955721
UK_NEG_02747,30.37781,79.973115,0,0.008127
UK_NEG_00311,30.866997,79.717661,0,0.00037
UK_NEG_02843,30.544459,80.219345,0,0.000861
POS_002020,29.990039,79.941115,1,0.850686
UK_NEG_05361,29.516561,80.167779,0,0.666461
UK_NEG_01692,30.423886,79.846559,0,0.00145
UK_NEG_00588,30.210205,79.767643,0,0.01391
POS_001914,29.97242,79.06727,1,0.814141
POS_001795,29.950062,78.51842,1,0.748999
UK_NEG_02033,30.97187,78.692027,0,0.504897
UK_NEG_00117,30.967622,78.834166,0,0.002207
POS_005513,30.5363,79.5877,1,0.740772
POS_004876,30.856389,78.072222,1,0.644958
POS_004543,30.756561,78.400138,1,0.899543
UK_NEG_01462,29.965009,78.004801,0,0.00028
POS_003398,30.373,79.273333,1,0.931345
POS_000678,29.518375,80.068267,1,0.99307
UK_NEG_04280,29.525748,78.723829,0,0.709184
UK_NEG_00552,29.283976,78.939074,0,0.001372
POS_005189,30.9969,78.6969,1,0.077179
POS_000070,29.236404,79.88644,1,0.997743
UK_NEG_05043,29.7251,78.071013,0,0.000812
UK_NEG_00812,30.442062,78.268988,0,0.692544
UK_NEG_04468,30.124052,77.963706,0,0.014474
POS_002066,29.995963,78.58444,1,0.853319
UK_NEG_02894,30.198416,78.060694,0,0.000866
UK_NEG_03127,31.191615,78.248769,0,0.01385
UK_NEG_05347,29.749152,79.537927,0,0.384953
UK_NEG_05096,29.320424,78.957993,0,0.000762
POS_001266,29.808045,78.598895,1,0.50294
UK_NEG_01395,30.91369,79.214967,0,0.002468
POS_002072,29.99679,78.805832,1,0.985502
UK_NEG_02180,30.500003,80.16426,0,0.010279
POS_002644,30.115002,78.583458,1,0.975764
POS_004438,30.655889,78.980806,1,0.272557
UK_NEG_01530,29.689964,78.027259,0,0.001368
UK_NEG_02445,30.42317,80.31781,0,0.001438
POS_000830,29.568669,79.786435,1,0.737639
UK_NEG_03517,30.188854,80.099751,0,0.034832
UK_NEG_03538,31.211605,79.088318,0,0.017876
POS_001565,29.900727,78.898956,1,0.989055
UK_NEG_04717,30.641087,79.935746,0,0.003158
UK_NEG_02744,30.055073,79.365626,0,0.021792
POS_000303,29.357283,79.430067,1,0.998889
POS_003522,30.398303,78.179089,1,0.995135
UK_NEG_01320,29.696512,79.626483,0,0.885162
UK_NEG_01316,31.302358,79.091883,0,0.002342
UK_NEG_03863,28.812204,80.030954,0,0.000837
POS_002126,30.003376,79.880055,1,0.785707
POS_003227,30.308778,79.014361,1,0.997503
POS_001349,29.828503,79.898567,1,0.754238
UK_NEG_04210,31.065181,78.328855,0,0.019462
POS_001893,29.969425,79.200408,1,0.740402
UK_NEG_03299,29.762856,78.971416,0,0.782271
UK_NEG_04120,28.894039,79.510109,0,0.007037
UK_NEG_00336,30.016858,77.914077,0,0.00287
POS_005476,30.584472,79.023528,1,0.775716
POS_000101,29.259111,80.07125,1,0.990043
UK_NEG_03552,29.516481,79.741085,0,0.653643
POS_001228,29.795582,79.187542,1,0.981311
POS_005077,30.930641,78.403956,1,0.587238
UK_NEG_02408,29.370675,80.217316,0,0.603391
POS_002810,30.189436,78.619754,1,0.993591
POS_001647,29.914095,78.711847,1,0.99406
POS_001619,29.909028,79.819461,1,0.988954
POS_003752,30.480789,78.045158,1,0.99929
UK_NEG_00562,31.105108,78.087411,0,0.793065
UK_NEG_04855,29.93944,80.212024,0,0.023496
UK_NEG_01857,30.645667,78.83235,0,0.020212
POS_002604,30.104755,78.888088,1,0.990272
UK_NEG_05070,29.362722,79.837812,0,0.075036
POS_004435,30.654399,78.010601,1,0.873891
UK_NEG_03327,30.549756,78.928878,0,0.009571
POS_005061,30.924908,77.839547,1,0.905675
POS_005328,30.0809,78.5555,1,0.999718
UK_NEG_01504,30.305931,78.390755,0,0.449714
POS_005422,31.026481,77.829878,1,0.783664
UK_NEG_00498,30.498136,78.69719,0,0.441496
UK_NEG_05298,31.029306,79.098397,0,0.00247
POS_004216,30.593611,78.691278,1,0.978994
POS_003541,30.401373,79.034691,1,0.996296
POS_004899,30.861364,78.238401,1,0.963791
UK_NEG_03632,29.193422,79.210387,0,0.000883
UK_NEG_00098,30.065077,78.405524,0,0.811629
POS_003883,30.521276,78.016622,1,0.996869
POS_005365,30.608806,79.020222,1,0.636388
POS_004274,30.601169,79.021998,1,0.993291
UK_NEG_02852,30.431724,79.668082,0,0.000826
POS_002591,30.101736,79.090141,1,0.669174
UK_NEG_00203,29.621677,79.409947,0,0.68122
POS_003481,30.390584,78.738462,1,0.993135
UK_NEG_01827,29.725091,78.534155,0,0.042299
POS_001123,29.755556,79.771667,1,0.916191
POS_004328,30.616511,78.990261,1,0.252132
POS_000329,29.378724,79.490183,1,0.994087
UK_NEG_00448,30.436578,79.048661,0,0.916093
UK_NEG_01381,30.714995,77.750307,0,0.396596
POS_001401,29.843906,78.724534,1,0.481194
UK_NEG_03278,30.907175,79.265664,0,0.001959
POS_004609,30.772704,78.29899,1,0.883877
POS_002142,30.006782,79.872573,1,0.943051
UK_NEG_00499,30.084619,80.375074,0,0.005197
UK_NEG_04760,28.984496,79.703114,0,0.001131
POS_000982,29.657596,78.993694,1,0.969232
UK_NEG_02548,29.698744,78.533229,0,0.000959
POS_002727,30.13764,78.601752,1,0.961319
POS_004743,30.820469,78.211327,1,0.995851
UK_NEG_03096,30.125249,78.285477,0,0.004653
UK_NEG_04008,30.85602,78.337237,0,0.57127
UK_NEG_04867,29.041879,79.430995,0,0.000273
UK_NEG_02752,29.747956,78.698524,0,0.305271
UK_NEG_01973,29.140427,79.260511,0,0.000521
UK_NEG_00775,29.063118,79.993399,0,0.000482
UK_NEG_05264,31.270225,78.932545,0,0.002307
UK_NEG_04426,30.220497,79.346152,0,0.503225
POS_000270,29.340505,79.576198,1,0.998638
UK_NEG_04286,30.702949,78.794082,0,0.00157
POS_001311,29.821027,78.599025,1,0.972288
POS_003652,30.438137,78.728261,1,0.767658
UK_NEG_02126,30.877819,78.352101,0,0.011879
UK_NEG_03690,30.059815,77.916137,0,0.000295
POS_004128,30.57425,79.051139,1,0.645443
POS_001736,29.933922,79.356805,1,0.851219
POS_001225,29.795111,79.774611,1,0.976058
UK_NEG_02907,30.040558,78.090558,0,0.011267
POS_004893,30.860278,78.643611,1,0.865151
POS_001010,29.674003,79.28329,1,0.984258
POS_004785,30.83575,78.248,1,0.98442
UK_NEG_04616,28.977779,79.933449,0,0.001155
POS_000897,29.609924,79.10295,1,0.98879
POS_004940,30.884464,77.829521,1,0.951729
UK_NEG_03039,30.049969,78.434698,0,0.781112
UK_NEG_04206,30.338395,77.943021,0,0.017659
POS_005089,30.939843,78.405266,1,0.892805
POS_003245,30.317278,79.030583,1,0.940305
POS_002981,30.263533,79.213708,1,0.997543
UK_NEG_04528,31.244823,79.122463,0,0.002034
POS_000518,29.468026,79.973511,1,0.846725
UK_NEG_00817,29.030507,80.07529,0,0.006883
UK_NEG_04139,29.81918,78.432018,0,0.047869
UK_NEG_01940,30.428403,78.010763,0,0.834861
POS_001480,29.87694,80.5625,1,0.572326
UK_NEG_01718,30.01834,78.460614,0,0.287064
UK_NEG_00655,29.661987,80.297479,0,0.301502
UK_NEG_00103,29.619865,78.957367,0,0.580045
POS_003180,30.299264,78.763689,1,0.984241
POS_005344,30.0125,80.029778,1,0.943209
UK_NEG_04711,30.448043,79.246538,0,0.012467
POS_001961,29.982861,79.97175,1,0.945519
POS_003062,30.280529,78.614806,1,0.975802
POS_002470,30.081101,79.599136,1,0.984457
UK_NEG_00399,30.243244,80.139542,0,0.000437
UK_NEG_01168,30.335058,78.391531,0,0.680932
UK_NEG_01018,29.787987,79.579019,0,0.315692
POS_005081,30.931111,78.683611,1,0.803012
POS_002449,30.073581,78.505395,1,0.993229
UK_NEG_00247,30.544325,79.186198,0,0.050917
UK_NEG_04344,30.623954,79.088866,0,0.319743
POS_002424,30.067029,79.591035,1,0.992988
POS_004181,30.586944,78.647417,1,0.879079
POS_002119,30.002267,78.81245,1,0.877893
POS_000148,29.278167,80.033472,1,0.982988
UK_NEG_03323,29.100761,79.671501,0,0.001896
POS_001853,29.960722,79.710583,1,0.771622
UK_NEG_02464,29.715395,78.646446,0,0.002059
UK_NEG_04939,30.075351,78.243586,0,0.004761
UK_NEG_00948,30.787515,79.603933,0,0.002536
POS_004963,30.891667,78.302778,1,0.257841
UK_NEG_01961,31.431992,79.08973,0,0.007468
UK_NEG_00830,29.147573,78.937781,0,0.000507
POS_003179,30.298944,79.012722,1,0.957159
UK_NEG_00786,30.859326,79.830099,0,0.006632
POS_000430,29.440714,79.497838,1,0.994743
UK_NEG_03906,31.016715,78.209536,0,0.006872
POS_003494,30.39212,78.818267,1,0.790589
UK_NEG_00913,29.022064,79.256831,0,0.000645
POS_000846,29.573819,79.33811,1,0.979554
UK_NEG_02729,28.750231,79.986216,0,0.000914
UK_NEG_05340,29.570443,78.648763,0,0.049941
POS_005011,30.904284,78.233075,1,0.969223
UK_NEG_00663,30.679507,80.128782,0,0.001746
UK_NEG_05100,29.578862,78.671795,0,0.960256
POS_001657,29.915419,80.161789,1,0.537766
POS_000991,29.66531,80.269799,1,0.424674
UK_NEG_04943,29.299057,79.486084,0,0.793945
UK_NEG_00620,30.828579,78.345192,0,0.491385
UK_NEG_01355,30.372349,78.431478,0,0.86533
POS_003280,30.328242,79.19451,1,0.974999
POS_004243,30.596028,78.678833,1,0.997782
UK_NEG_04945,31.092161,78.291337,0,0.027775
UK_NEG_03913,30.675643,78.623632,0,0.044959
POS_004246,30.596401,78.023705,1,0.994035
POS_005260,30.99119,78.45545,1,0.003744
UK_NEG_01664,31.176672,78.097144,0,0.027763
POS_002767,30.165843,78.614431,1,0.992608
POS_003622,30.425411,78.587836,1,0.904905
UK_NEG_00644,30.761282,80.190926,0,0.001582
POS_003726,30.46663,77.932142,1,0.943132
UK_NEG_00502,29.985689,78.963375,0,0.004469
UK_NEG_04175,30.624081,78.81011,0,0.096912
POS_002703,30.12898,78.655553,1,0.873678
UK_NEG_05209,29.79841,77.835217,0,0.001695
POS_004722,30.813038,78.206671,1,0.900315
POS_004784,30.835,78.451667,1,0.929733
POS_001553,29.898737,78.666637,1,0.803903
UK_NEG_01559,30.364062,80.751964,0,0.000549
POS_002616,30.107452,78.680667,1,0.876445
POS_002942,30.244833,78.206833,1,0.784472
UK_NEG_00186,30.618909,79.350936,0,0.002164
POS_002159,30.01016,80.080263,1,0.998274
UK_NEG_02150,30.708815,80.173622,0,0.004993
UK_NEG_03296,30.562239,78.147133,0,0.856147
UK_NEG_00719,31.084967,79.060586,0,0.00171
POS_003587,30.410868,77.935274,1,0.816819
POS_004886,30.858889,78.246667,1,0.898628
UK_NEG_02483,30.086468,78.380998,0,0.131555
UK_NEG_03792,30.313192,79.509412,0,0.033834
POS_002019,29.99,80.71,1,0.400188
UK_NEG_04315,30.660364,79.754482,0,0.003063
POS_004672,30.792083,78.445278,1,0.898672
POS_002031,29.991453,79.937667,1,0.998347
POS_000799,29.5566,79.4019,1,0.976565
UK_NEG_00315,29.275827,78.854129,0,0.001303
UK_NEG_05268,29.685679,79.485847,0,0.288745
POS_003911,30.526254,77.872589,1,0.981413
UK_NEG_05032,29.77202,78.043902,0,0.000456
UK_NEG_03170,31.079253,78.854348,0,0.001945
POS_000112,29.263583,80.206306,1,0.819684
POS_000577,29.494203,79.423222,1,0.992253
UK_NEG_00520,31.169444,78.704809,0,0.003652
POS_000999,29.668611,79.282222,1,0.539845
POS_001150,29.76851,79.180219,1,0.524015
UK_NEG_00901,31.059331,78.036346,0,0.219367
POS_000320,29.374536,79.468644,1,0.996252
UK_NEG_05356,30.633636,80.031001,0,0.000621
UK_NEG_05519,30.106516,78.043858,0,0.470503
UK_NEG_02407,28.857861,79.681583,0,0.001242
POS_002828,30.195928,78.775854,1,0.847055
POS_004266,30.599939,78.712806,1,0.721802
POS_002358,30.05253,80.220333,1,0.167596
POS_002774,30.173278,79.380278,1,0.972383
POS_004770,30.831018,78.449502,1,0.983024
POS_003428,30.379583,79.159944,1,0.300473
UK_NEG_03510,29.054289,79.436026,0,0.00086
UK_NEG_00327,30.602205,79.639766,0,0.012252
POS_001141,29.76389,80.33139,1,0.998616
UK_NEG_01325,30.08219,79.018478,0,0.021135
POS_003318,30.343389,79.059028,1,0.720396
UK_NEG_04202,29.912276,77.922432,0,0.001671
POS_003268,30.324314,78.969257,1,0.911073
POS_005226,29.553869,79.608217,1,0.919366
UK_NEG_02718,29.830965,79.668203,0,0.02372
POS_000556,29.4871,79.0883,1,0.810662
UK_NEG_01147,29.829152,78.227655,0,0.000361
POS_003439,30.381953,78.893465,1,0.618487
UK_NEG_01671,31.117055,78.616028,0,0.001724
UK_NEG_04919,30.158412,78.482582,0,0.649123
POS_000601,29.500667,80.001667,1,0.998435
POS_005386,30.414389,79.307444,1,0.904348
UK_NEG_04520,31.207554,79.262811,0,0.001058
POS_002347,30.05,80.3,1,0.354472
POS_003195,30.30271,79.206677,1,0.990519
POS_002872,30.219972,78.238722,1,0.989894
UK_NEG_02997,30.197104,80.855739,0,0.004453
POS_001371,29.833944,79.872889,1,0.611137
POS_001145,29.766183,79.071299,1,0.99394
UK_NEG_04567,31.347074,79.066443,0,0.005773
UK_NEG_01090,30.157263,80.396517,0,0.031642
POS_001820,29.956144,78.160094,1,0.98453
UK_NEG_01336,30.850364,80.017764,0,0.003235
POS_004641,30.781139,78.365139,1,0.914961
POS_000317,29.3725,79.471644,1,0.99359
POS_003905,30.525417,78.789667,1,0.894014
POS_003766,30.486934,78.036238,1,0.998614
POS_000914,29.622446,79.219786,1,0.983326
POS_002584,30.100475,78.504961,1,0.926041
UK_NEG_00381,29.659908,80.155244,0,0.487154
UK_NEG_03457,29.766047,79.278374,0,0.693137
UK_NEG_02364,30.684565,79.170851,0,0.000938
POS_002452,30.074917,79.585389,1,0.573885
POS_001385,29.839306,79.9205,1,0.356147
POS_001915,29.972584,78.418056,1,0.773083
UK_NEG_03353,29.287152,79.331529,0,0.006147
POS_002365,30.054695,79.576505,1,0.867189
POS_003445,30.383665,78.762226,1,0.922856
POS_005428,29.319882,79.351964,1,0.863819
UK_NEG_03383,29.141904,79.569783,0,0.000706
POS_004337,30.620833,79.019444,1,0.750365
UK_NEG_05165,29.824641,80.052309,0,0.508525
POS_003531,30.399865,78.588802,1,0.826884
POS_000284,29.348889,80.248889,1,0.888552
UK_NEG_00129,29.114858,79.554384,0,0.000886
POS_002084,29.998221,78.807929,1,0.984251
POS_003151,30.293777,78.978017,1,0.981605
POS_000300,29.356057,79.471346,1,0.99823
POS_002655,30.118671,78.671669,1,0.925798
POS_000045,29.189677,80.109494,1,0.998716
UK_NEG_01459,29.314463,79.215473,0,0.000634
UK_NEG_05212,29.10514,80.093688,0,0.004807
UK_NEG_04938,30.361775,80.24061,0,0.007896
POS_004987,30.900196,78.325517,1,0.954346
UK_NEG_02741,29.203481,78.995503,0,0.000287
POS_003509,30.396173,78.030646,1,0.98152
POS_004692,30.798262,78.17897,1,0.846396
UK_NEG_02777,29.236625,79.971561,0,0.231764
POS_000569,29.490624,80.132585,1,0.998904
POS_002047,29.993333,79.943889,1,0.75859
UK_NEG_04845,31.061863,78.802376,0,0.004242
UK_NEG_00595,30.732033,77.949465,0,0.923506
POS_002742,30.143818,79.429579,1,0.941303
POS_001900,29.97,80.68,1,0.832672
POS_000911,29.618688,79.129281,1,0.926052
POS_004546,30.757788,78.19654,1,0.391301
POS_000032,29.175471,80.086015,1,0.976661
UK_NEG_04083,30.027359,80.223942,0,0.257096
POS_004162,30.582811,77.941974,1,0.926376
POS_005340,30.815694,78.619583,1,0.91806
POS_003663,30.444333,79.075556,1,0.998542
UK_NEG_02686,29.337623,79.077641,0,0.000549
POS_003755,30.48175,79.186194,1,0.954167
UK_NEG_01488,30.475941,79.826953,0,0.00157
UK_NEG_01225,30.531754,79.905807,0,0.000302
POS_003249,30.317722,79.185556,1,0.986452
UK_NEG_01771,30.612175,79.11327,0,0.075982
POS_004982,30.898028,78.326435,1,0.829759
UK_NEG_00912,30.343812,77.757157,0,0.003024
POS_002295,30.038255,80.057943,1,0.984524
POS_004282,30.602778,78.288611,1,0.798733
POS_002661,30.12,80.25,1,0.942113
POS_001466,29.872021,78.722121,1,0.90868
POS_004099,30.568,78.814417,1,0.957115
UK_NEG_02284,30.130735,80.281542,0,0.029033
POS_003059,30.279946,78.51962,1,0.642711
POS_005236,30.064722,79.513056,1,0.975471
UK_NEG_01856,30.001375,80.208028,0,0.01684
UK_NEG_00266,29.199196,79.170284,0,0.001886
POS_004364,30.627184,77.79241,1,0.991224
POS_002660,30.119817,78.818964,1,0.720864
POS_004111,30.571023,79.561066,1,0.811372
POS_004267,30.600028,78.836167,1,0.746865
UK_NEG_00402,31.181585,79.014385,0,0.031042
POS_005218,30.445792,78.806508,1,0.793893
UK_NEG_04079,29.292159,79.166464,0,0.001391
POS_004977,30.894889,78.238389,1,0.854219
POS_000265,29.339672,79.71969,1,0.853857
POS_000491,29.459568,80.029622,1,0.684792
UK_NEG_00331,30.339387,80.094509,0,0.004375
UK_NEG_03409,29.668508,78.835883,0,0.158173
POS_003252,30.318278,79.027917,1,0.953266
POS_002607,30.105911,79.505631,1,0.995398
UK_NEG_04835,30.012674,78.977537,0,0.030532
UK_NEG_05323,29.21027,79.41602,0,0.003432
UK_NEG_03905,28.958139,79.396802,0,0.001762
UK_NEG_02517,30.044597,78.858393,0,0.982316
POS_004547,30.75788,78.190138,1,0.934383
UK_NEG_02444,29.9539,77.988382,0,0.000585
UK_NEG_01956,30.943371,79.158476,0,0.002063
UK_NEG_02779,29.449619,79.818244,0,0.354295
POS_002982,30.263583,79.157194,1,0.969994
UK_NEG_01474,30.052343,80.389459,0,0.039852
UK_NEG_01612,30.84092,79.220071,0,0.005127
POS_005158,30.969361,78.4485,1,0.957608
POS_002332,30.045583,79.614434,1,0.996747
POS_002225,30.022361,79.706111,1,0.996893
POS_000068,29.235606,79.676596,1,0.907061
UK_NEG_01255,30.30212,80.019783,0,0.00093
UK_NEG_01520,29.18677,79.168763,0,0.000946
POS_003757,30.48325,79.471139,1,0.947371
UK_NEG_01365,30.45086,79.016806,0,0.46638
UK_NEG_02497,30.662062,77.933862,0,0.713722
UK_NEG_04778,30.491727,77.812011,0,0.013376
POS_001170,29.775513,79.018539,1,0.566808
POS_003165,30.295936,78.979954,1,0.894498
UK_NEG_05153,29.630456,80.098467,0,0.562505
POS_003845,30.514136,79.129037,1,0.395656
UK_NEG_02253,29.986366,79.643433,0,0.66995
UK_NEG_05062,30.185996,80.42504,0,0.002707
POS_002752,30.151119,78.607072,1,0.995388
POS_005023,30.90661,78.336705,1,0.830689
POS_004286,30.603599,79.075406,1,0.957232
UK_NEG_02784,29.036727,79.737138,0,0.000384
POS_000069,29.236158,79.888237,1,0.990868
POS_000301,29.356697,79.588212,1,0.976095
UK_NEG_03749,29.915395,77.948598,0,0.000482
UK_NEG_03729,31.087721,78.856078,0,0.001406
POS_001231,29.796686,79.043557,1,0.9708
UK_NEG_05224,30.53691,78.190511,0,0.205724
UK_NEG_00125,29.940934,77.91996,0,0.000571
POS_001149,29.767945,78.554516,1,0.020725
POS_001189,29.784823,79.42674,1,0.997811
POS_001848,29.96,79.948368,1,0.699472
POS_003555,30.403639,78.511695,1,0.872916
POS_001560,29.900226,78.7794,1,0.252961
POS_004649,30.783053,78.620929,1,0.624997
UK_NEG_00951,29.220328,79.266264,0,0.000996
UK_NEG_00360,31.014545,78.435215,0,0.039057
UK_NEG_05492,29.453059,79.038875,0,0.010706
POS_004640,30.780699,78.475327,1,0.84595
UK_NEG_01278,30.167128,78.761009,0,0.358424
POS_002824,30.193922,78.880183,1,0.808465
UK_NEG_00418,28.991777,79.710482,0,0.000648
UK_NEG_01202,30.072355,79.147576,0,0.015968
UK_NEG_00756,29.774829,78.443739,0,0.006573
POS_003175,30.297652,78.605363,1,0.908238
UK_NEG_01759,29.898627,80.392496,0,0.763265
POS_001279,29.81075,79.718472,1,0.97653
POS_001600,29.906995,78.827942,1,0.978779
POS_002205,30.018083,79.096333,1,0.86178
UK_NEG_02351,29.973818,77.982269,0,0.002278
POS_005256,30.491389,78.040472,1,0.969494
POS_001392,29.840298,79.928481,1,0.969566
UK_NEG_03777,30.38267,80.453983,0,0.004658
UK_NEG_01241,29.923654,78.159222,0,0.002404
POS_002932,30.243194,78.155667,1,0.079016
UK_NEG_04093,29.83282,78.627234,0,0.207335
UK_NEG_05007,30.675505,79.803543,0,0.00138
POS_001909,29.970599,78.469892,1,0.927305
POS_002675,30.122033,80.241184,1,0.733696
UK_NEG_03771,30.167355,79.511834,0,0.001522
POS_003204,30.303972,79.015111,1,0.971533
UK_NEG_04602,30.120121,78.312908,0,0.000732
POS_002209,30.018568,80.132794,1,0.97654
UK_NEG_03587,29.948284,79.922735,0,0.954299
UK_NEG_03308,30.909853,78.703051,0,0.004528
UK_NEG_00776,30.420355,79.914727,0,0.176136
POS_001602,29.907042,78.760336,1,0.965608
POS_005118,30.951505,78.692052,1,0.605941
UK_NEG_03317,29.2874,78.986064,0,0.000806
UK_NEG_00841,30.072086,80.678029,0,0.00129
UK_NEG_01793,30.345587,77.86168,0,0.002949
POS_005004,30.903823,78.339167,1,0.22467
POS_003250,30.317944,79.186444,1,0.962447
UK_NEG_01210,30.841065,79.143011,0,0.000656
POS_002356,30.051421,79.879186,1,0.860325
UK_NEG_03320,30.476883,79.545261,0,0.003022
UK_NEG_04184,30.201116,80.391135,0,0.003477
POS_004326,30.615833,78.5125,1,0.815888
UK_NEG_04388,30.408552,80.132538,0,0.001776
POS_000139,29.273278,80.099389,1,0.995442
UK_NEG_03316,31.073485,78.893954,0,0.004134
UK_NEG_02772,29.906367,79.860114,0,0.732674
UK_NEG_04577,30.709889,78.979527,0,0.016127
UK_NEG_01990,31.155528,79.116547,0,0.00663
UK_NEG_02589,29.289272,79.046031,0,0.001168
UK_NEG_03573,30.031357,77.88504,0,0.00169
POS_004775,30.832778,78.450417,1,0.979981
POS_002528,30.093214,79.629971,1,0.923688
POS_003796,30.5,79.49,1,0.699968
UK_NEG_03207,30.425732,80.444998,0,0.001555
POS_001782,29.945559,78.755763,1,0.997073
UK_NEG_00726,31.137051,78.468402,0,0.033457
UK_NEG_03586,30.379675,79.91637,0,0.006518
POS_001978,29.985361,79.955556,1,0.917067
POS_000434,29.441417,79.431811,1,0.589579
POS_005276,30.8683,78.6542,1,0.807243
POS_005347,29.872861,80.5575,1,0.993416
UK_NEG_05240,29.818029,79.487217,0,0.700886
POS_002736,30.140639,79.966361,1,0.995931
POS_000486,29.458114,80.096184,1,0.852258
UK_NEG_01745,29.378346,79.803649,0,0.340033
UK_NEG_00302,30.628308,78.717757,0,0.040182
POS_005495,30.3185,78.9691,1,0.989528
POS_001962,29.983058,79.970417,1,0.905555
UK_NEG_04007,29.365951,79.25231,0,0.016356
POS_001773,29.943427,79.328566,1,0.998505
UK_NEG_04074,30.731201,78.765042,0,0.004072
UK_NEG_01196,29.937494,79.926307,0,0.700465
UK_NEG_01085,30.993598,79.504911,0,0.003697
POS_003295,30.333981,78.969918,1,0.505851
UK_NEG_01640,29.61131,80.155072,0,0.666224
UK_NEG_04215,30.928077,79.391613,0,0.00103
UK_NEG_02262,28.869087,80.000254,0,0.000727
UK_NEG_04837,30.898436,78.939079,0,0.019759
POS_004178,30.585833,78.823861,1,0.763103
POS_002799,30.182415,78.61009,1,0.964353
UK_NEG_02375,31.10253,78.084317,0,0.81058
UK_NEG_01877,29.447331,79.227269,0,0.047871
UK_NEG_01073,31.01704,79.43642,0,0.001352
POS_004404,30.640182,79.012837,1,0.664123
UK_NEG_02157,30.082036,79.71742,0,0.087967
UK_NEG_00566,31.214626,78.252906,0,0.002726
UK_NEG_02428,29.14303,79.355063,0,0.001697
UK_NEG_04544,30.64448,80.122159,0,0.003333
UK_NEG_03203,29.8538,78.93913,0,0.539409
POS_001194,29.788787,78.594795,1,0.695943
UK_NEG_01490,29.990313,78.249325,0,0.001401
POS_000797,29.555841,80.347144,1,0.796382
POS_002264,30.030262,79.916484,1,0.757297
POS_002590,30.101694,78.595586,1,0.936488
POS_002843,30.202083,78.230222,1,0.351569
UK_NEG_05155,30.704932,78.75133,0,0.011199
POS_000987,29.661478,79.011225,1,0.697491
POS_000822,29.565761,79.151775,1,0.99623
UK_NEG_00799,30.852583,79.136963,0,0.001007
UK_NEG_00556,30.596939,79.1195,0,0.006522
POS_003758,30.483306,79.192639,1,0.243242
POS_002378,30.057836,78.653375,1,0.853472
UK_NEG_04895,29.384083,79.202472,0,0.004294
POS_005485,30.5655,79.0617,1,0.830423
UK_NEG_00681,30.643758,78.42163,0,0.555097
POS_003274,30.325538,78.558434,1,0.738668
UK_NEG_00805,31.003561,79.315738,0,0.001506
UK_NEG_03288,29.077024,79.563092,0,0.000678
POS_003881,30.521003,77.979029,1,0.988672
POS_003485,30.391103,78.584183,1,0.999573
UK_NEG_05150,30.767253,80.057534,0,0.001763
POS_000013,29.150005,79.996229,1,0.975883
UK_NEG_02953,30.682028,78.397442,0,0.72648
UK_NEG_00393,30.236629,79.178454,0,0.431636
POS_000593,29.49879,79.887989,1,0.962193
UK_NEG_04824,30.574591,79.627002,0,0.004565
POS_004737,30.817917,78.245556,1,0.856814
UK_NEG_03501,30.095369,78.987819,0,0.460959
UK_NEG_02926,29.886591,80.248282,0,0.444773
UK_NEG_02331,30.828392,79.043453,0,0.003171
UK_NEG_03701,29.982491,79.82363,0,0.738728
UK_NEG_02819,30.089856,78.145034,0,0.000783
POS_004477,30.714764,77.959013,1,0.959124
POS_004022,30.547222,78.806944,1,0.870417
POS_001426,29.856044,78.826136,1,0.968378
UK_NEG_01091,29.448491,79.158732,0,0.008952
POS_005415,30.083917,79.799694,1,0.985249
UK_NEG_03821,30.222765,78.475659,0,0.764133
POS_000379,29.409944,79.906806,1,0.90259
POS_001896,29.969721,79.066434,1,0.904397
POS_000026,29.163593,80.092587,1,0.980525
POS_001473,29.874434,78.518676,1,0.924849
UK_NEG_02836,30.646417,78.183793,0,0.7765
POS_003785,30.494265,78.03939,1,0.994275
UK_NEG_00905,30.075257,80.104228,0,0.101189
POS_002454,30.07525,79.492389,1,0.832867
POS_001743,29.935013,78.602434,1,0.942927
UK_NEG_00605,30.373209,80.29004,0,0.002748
POS_004037,30.552958,77.848486,1,0.999078
POS_001357,29.831,78.997,1,0.783791
POS_001244,29.80139,80.42972,1,0.531953
UK_NEG_01273,29.168065,79.353177,0,0.000844
UK_NEG_00699,30.132026,80.49897,0,0.003563
POS_003304,30.339417,79.202111,1,0.353076
POS_001108,29.742938,80.046214,1,0.830283
UK_NEG_05105,29.925387,78.085803,0,0.000889
POS_004605,30.77147,78.301454,1,0.195835
POS_004101,30.568238,77.98746,1,0.994638
UK_NEG_05447,29.84272,80.301854,0,0.715649
POS_003264,30.323719,79.196798,1,0.934025
POS_004501,30.729002,77.847277,1,0.306385
POS_000995,29.667054,80.268681,1,0.386618
POS_002563,30.09803,78.755949,1,0.799522
POS_001224,29.795,78.817,1,0.987064
UK_NEG_05517,29.165596,79.958052,0,0.232711
POS_005509,30.43675,79.42864,1,0.75756
UK_NEG_04832,29.671635,78.572382,0,0.006398
POS_001443,29.864849,79.010169,1,0.968335
UK_NEG_04688,31.065386,78.12349,0,0.222379
POS_000400,29.430497,79.564227,1,0.924131
POS_000875,29.595297,79.0988,1,0.904944
UK_NEG_02231,30.711918,78.178649,0,0.432625
UK_NEG_00703,29.883624,79.700109,0,0.856169
UK_NEG_00991,29.250879,79.20518,0,0.001341
UK_NEG_00334,29.799086,79.370912,0,0.724692
UK_NEG_02594,30.416992,78.329521,0,0.371656
UK_NEG_05261,30.209479,78.055246,0,0.00649
POS_005384,30.411917,79.300139,1,0.792738
UK_NEG_01839,30.718037,79.103344,0,0.009101
POS_000147,29.277631,80.120772,1,0.980556
UK_NEG_00370,30.909418,78.741058,0,0.018774
POS_002102,30.0016,80.728633,1,0.988707
POS_004190,30.588739,77.877553,1,0.918566
POS_000092,29.253827,79.934349,1,0.299967
POS_000457,29.452635,79.461743,1,0.707877
UK_NEG_00253,30.174314,80.684248,0,0.003567
UK_NEG_05421,30.036605,79.470051,0,0.012477
UK_NEG_04227,29.583935,78.599958,0,0.003413
POS_001516,29.889837,78.969873,1,0.995034
UK_NEG_02921,31.215385,78.179715,0,0.006013
POS_001840,29.959381,79.074699,1,0.940325
POS_002808,30.187944,79.256694,1,0.999219
POS_001032,29.685869,80.322893,1,0.974633
UK_NEG_01436,29.126895,79.96846,0,0.19925
UK_NEG_01826,30.26687,79.331409,0,0.807363
POS_001767,29.942611,79.077556,1,0.925362
POS_000758,29.545599,80.306429,1,0.965921
UK_NEG_00026,29.932342,80.539123,0,0.620255
UK_NEG_02740,30.868793,79.97373,0,0.011638
UK_NEG_05338,29.95669,78.399983,0,0.397433
POS_001596,29.906706,79.813945,1,0.999077
UK_NEG_02993,29.031911,79.454695,0,0.001388
UK_NEG_00996,30.228733,79.728784,0,0.001837
POS_003786,30.494278,79.1985,1,0.116355
UK_NEG_04156,30.266937,79.913046,0,0.002992
POS_005132,30.959934,77.894659,1,0.637253
UK_NEG_01690,30.25708,78.545828,0,0.302567
POS_004901,30.861667,78.203056,1,0.955141
UK_NEG_03053,30.998921,79.453968,0,0.001184
POS_004185,30.587917,78.825694,1,0.890947
POS_002346,30.05,80.32,1,0.335552
POS_000575,29.494121,79.466822,1,0.992734
UK_NEG_05474,28.93405,79.999399,0,0.000889
UK_NEG_01201,30.74577,80.039854,0,0.001891
POS_004781,30.833958,78.22023,1,0.776444
UK_NEG_01397,30.061584,79.367864,0,0.016805
POS_004534,30.754131,78.177191,1,0.850779
UK_NEG_04115,30.551866,79.279572,0,0.007227
POS_005395,29.864667,80.164944,1,0.514958
UK_NEG_03801,30.190053,80.16069,0,0.001301
POS_003851,30.515083,78.646139,1,0.996235
UK_NEG_03536,29.855963,80.137066,0,0.277588
POS_001975,29.984947,78.535703,1,0.832138
UK_NEG_02903,30.216795,78.323963,0,0.978781
POS_002505,30.089586,78.658296,1,0.408876
UK_NEG_04032,29.89647,80.275472,0,0.019693
UK_NEG_05192,30.111696,79.754081,0,0.017638
UK_NEG_00282,30.328075,79.355806,0,0.569657
POS_001200,29.791008,79.970856,1,0.976427
UK_NEG_03594,30.185629,80.540451,0,0.00084
UK_NEG_00560,30.933513,79.356085,0,0.001829
UK_NEG_04338,31.278846,79.046867,0,0.003139
POS_000136,29.271579,80.124965,1,0.816674
POS_002172,30.013318,80.079654,1,0.994931
UK_NEG_03423,30.947738,78.908565,0,0.008811
POS_004310,30.61125,78.602194,1,0.829435
UK_NEG_05399,31.199674,79.278159,0,0.003629
UK_NEG_02651,30.479709,78.436591,0,0.927224
POS_005044,30.915181,78.237057,1,0.67742
UK_NEG_02577,30.76128,79.040707,0,0.046106
POS_004790,30.8375,78.253889,1,0.83286
UK_NEG_03711,30.148962,79.537161,0,0.528513
UK_NEG_02155,29.249174,79.454242,0,0.002299
POS_002388,30.060032,79.89217,1,0.937155
POS_004065,30.561648,77.816104,1,0.964945
POS_000259,29.338074,79.524148,1,0.972095
UK_NEG_01262,29.902043,80.203903,0,0.466061
UK_NEG_04981,28.794038,79.92925,0,0.000526
UK_NEG_00828,30.419849,78.408627,0,0.264514
UK_NEG_02661,29.424537,79.17032,0,0.064314
POS_000399,29.428922,79.632526,1,0.993753
POS_001995,29.98764,79.584358,1,0.937537
UK_NEG_03900,30.847167,78.94184,0,0.0035
POS_002027,29.990889,79.930139,1,0.937889
POS_000053,29.207895,79.80212,1,0.969453
UK_NEG_02068,31.154786,78.049453,0,0.016757
UK_NEG_05458,30.355018,78.225517,0,0.511873
POS_003976,30.538944,78.778,1,0.425986
UK_NEG_00894,29.850929,78.921805,0,0.046321
UK_NEG_02856,30.357215,78.834813,0,0.395331
POS_005078,30.930833,78.684444,1,0.728769
UK_NEG_04109,29.78101,78.023806,0,0.000716
POS_000913,29.6215,79.61375,1,0.349568
POS_003368,30.364468,78.54176,1,0.991976
UK_NEG_02232,30.701326,80.044938,0,0.001099
POS_003823,30.508917,78.629417,1,0.98654
POS_004809,30.843432,78.627434,1,0.872485
UK_NEG_05263,30.6459,78.145784,0,0.061369
UK_NEG_00133,29.705196,78.012047,0,0.000419
POS_003142,30.292528,79.201139,1,0.854791
POS_001102,29.73796,79.488559,1,0.922068
POS_002518,30.092139,79.653583,1,0.643292
POS_003436,30.381585,78.019495,1,0.97252
POS_002008,29.989361,79.933222,1,0.97446
UK_NEG_01338,30.8329,79.233449,0,0.00209
UK_NEG_04475,30.675644,78.159052,0,0.010176
UK_NEG_02947,30.223406,80.029435,0,0.002476
UK_NEG_04396,30.790925,77.809141,0,0.757788
POS_003272,30.325083,79.195056,1,0.979563
UK_NEG_03467,30.137532,78.479166,0,0.93453
POS_004545,30.756667,78.443056,1,0.885223
UK_NEG_03893,29.009518,79.796919,0,0.001229
UK_NEG_00044,30.977768,79.063272,0,0.000526
UK_NEG_02981,30.736013,79.468248,0,0.00124
UK_NEG_02669,30.026228,78.379827,0,0.773874
UK_NEG_04251,29.638429,79.014242,0,0.743275
UK_NEG_02756,29.983862,80.51501,0,0.004021
UK_NEG_01374,30.60831,79.930916,0,0.003297
POS_004050,30.556222,78.80525,1,0.990956
UK_NEG_03604,30.040834,78.854663,0,0.140603
UK_NEG_00567,29.966278,80.356439,0,0.012167
UK_NEG_04480,30.626978,80.039261,0,0.012302
UK_NEG_00565,30.478714,79.746643,0,0.111978
UK_NEG_00959,30.53092,79.403368,0,0.012632
POS_005501,30.32811,79.32111,1,0.988081
POS_001970,29.984682,79.982738,1,0.964756
POS_005521,30.19158,79.977955,1,0.011997
POS_002600,30.103559,79.087525,1,0.973212
UK_NEG_01468,29.28629,79.408578,0,0.731332
UK_NEG_04535,29.79002,78.973185,0,0.336513
POS_000719,29.5291,79.0842,1,0.998854
POS_003164,30.295742,78.6148,1,0.957891
POS_003860,30.516339,78.030255,1,0.987639
POS_004164,30.583056,78.335278,1,0.97732
POS_001544,29.897306,80.032667,1,0.919202
POS_003599,30.415363,78.118143,1,0.976014
UK_NEG_01603,29.142402,79.155961,0,0.001723
POS_000603,29.501617,80.003067,1,0.98591
UK_NEG_03592,30.591865,79.941288,0,0.00276
UK_NEG_01836,30.080949,80.510948,0,0.041084
UK_NEG_05468,30.651234,78.082266,0,0.525614
POS_000789,29.553321,79.281461,1,0.900352
UK_NEG_04181,30.158463,80.718088,0,0.005454
POS_002256,30.02882,79.888365,1,0.856333
POS_000888,29.601952,80.357774,1,0.44398
POS_002046,29.993278,79.566667,1,0.365736
POS_004294,30.605997,77.872547,1,0.982231
POS_001818,29.955352,80.126755,1,0.977838
UK_NEG_04511,30.430951,80.026271,0,0.005481
UK_NEG_02089,31.02171,78.776503,0,0.02549
POS_002973,30.260854,78.74769,1,0.959025
POS_003173,30.297433,78.977908,1,0.925457
POS_001564,29.900673,78.725642,1,0.963271
UK_NEG_01434,29.354594,79.090609,0,0.001624
POS_002848,30.20775,78.165667,1,0.004612
UK_NEG_02696,30.037165,80.481743,0,0.00279
POS_005124,30.955705,78.41753,1,0.986862
UK_NEG_03361,30.658865,79.690478,0,0.003256
POS_001540,29.896437,78.707455,1,0.714318
POS_004697,30.800913,78.620694,1,0.943884
POS_001686,29.920056,80.108361,1,0.820119
UK_NEG_04983,29.489375,79.028093,0,0.019384
POS_004845,30.848,78.2816,1,0.98513
POS_005093,30.942139,77.872722,1,0.764691
UK_NEG_04026,30.142163,79.902048,0,0.013097
POS_004946,30.887156,78.31106,1,0.686932
POS_000550,29.485694,79.975583,1,0.999228
POS_004398,30.63625,78.974361,1,0.995038
POS_004575,30.763056,78.096111,1,0.912712
UK_NEG_01886,29.876843,80.100302,0,0.038708
UK_NEG_01123,30.614229,79.715931,0,0.000583
UK_NEG_00078,29.985174,78.010943,0,0.001132
POS_000874,29.595263,79.097637,1,0.962697
POS_003449,30.384538,78.83414,1,0.095444
POS_002908,30.232944,78.244444,1,0.370675
UK_NEG_01879,30.452793,79.709614,0,0.024907
UK_NEG_04909,30.361117,78.773616,0,0.632546
POS_005073,30.93,78.39625,1,0.878254
UK_NEG_05014,30.225846,79.837029,0,0.000931
UK_NEG_01361,29.242854,79.537845,0,0.002761
POS_001924,29.977,78.782,1,0.997508
POS_003455,30.385398,78.022625,1,0.90026
POS_001716,29.927586,79.18071,1,0.980935
POS_004437,30.654917,79.517694,1,0.976476
POS_004972,30.893443,78.320915,1,0.522103
UK_NEG_01924,30.376365,79.736294,0,0.000542
POS_000520,29.468896,79.332207,1,0.999198
POS_002798,30.182194,78.210778,1,0.023313
POS_001348,29.82822,79.775016,1,0.999095
POS_003039,30.27572,79.222426,1,0.991441
UK_NEG_01914,30.647369,78.577253,0,0.830887
UK_NEG_04977,29.993823,79.511859,0,0.398016
POS_003737,30.473095,79.511488,1,0.985856
UK_NEG_03807,30.126674,80.606185,0,0.086667
POS_001563,29.900482,79.059231,1,0.70589
UK_NEG_01167,29.728475,77.914295,0,0.001592
POS_002699,30.1269,79.724091,1,0.657529
POS_001295,29.816046,78.89589,1,0.994232
POS_003294,30.333663,78.546888,1,0.962386
POS_002129,30.003584,80.140058,1,0.777402
POS_003210,30.306047,79.203156,1,0.793241
UK_NEG_02666,30.645649,77.916477,0,0.848126
POS_003078,30.283083,79.221083,1,0.943261
UK_NEG_01503,30.947407,79.278123,0,0.000911
UK_NEG_03658,30.632059,77.97864,0,0.458773
POS_002360,30.053889,79.97,1,0.73636
UK_NEG_00194,29.232427,80.162475,0,0.30935
UK_NEG_03014,30.144638,78.452733,0,0.790646
UK_NEG_03208,30.563971,79.483654,0,0.013618
POS_002403,30.061861,79.524361,1,0.920736
UK_NEG_00804,30.906258,79.315766,0,0.002344
UK_NEG_02687,28.86578,80.046156,0,0.000845
UK_NEG_01813,29.811896,78.411094,0,0.096037
POS_000769,29.548203,79.341684,1,0.839125
UK_NEG_01166,29.001213,80.012017,0,0.00035
UK_NEG_01101,29.993788,77.811641,0,0.000655
POS_004074,30.563131,77.834797,1,0.996103
UK_NEG_01970,30.471777,78.272579,0,0.070368
POS_003282,30.329472,78.652948,1,0.687754
POS_000511,29.465039,79.914154,1,0.859178
POS_000655,29.514005,80.001918,1,0.93478
UK_NEG_03567,30.11636,79.558894,0,0.020521
POS_001432,29.860258,78.497537,1,0.995091
UK_NEG_01368,30.693698,78.783411,0,0.012807
UK_NEG_00785,29.5373,79.030317,0,0.018594
UK_NEG_01570,31.030795,79.226988,0,0.002497
UK_NEG_03446,29.804694,78.787902,0,0.716158
UK_NEG_04258,30.356479,80.075649,0,0.000954
POS_001215,29.794488,78.595555,1,0.988798
POS_000654,29.513156,80.039572,1,0.981971
UK_NEG_05157,30.328043,80.677227,0,0.004093
UK_NEG_00689,30.46538,80.391973,0,0.006431
UK_NEG_02424,30.745354,78.995021,0,0.002097
POS_002995,30.266769,79.17155,1,0.997291
UK_NEG_02360,29.938816,77.974035,0,0.000327
UK_NEG_03927,30.320432,79.817072,0,0.012265
POS_001367,29.833528,79.822778,1,0.628211
UK_NEG_01031,29.356678,79.331297,0,0.012746
UK_NEG_04973,30.710617,77.791939,0,0.467193
POS_000841,29.571608,79.166608,1,0.973248
UK_NEG_02130,29.238507,79.140844,0,0.000536
UK_NEG_04294,29.911452,78.050578,0,0.000714
POS_003076,30.282925,78.998006,1,0.968955
POS_001192,29.787265,78.753852,1,0.9398
UK_NEG_03657,30.107607,80.276248,0,0.067466
UK_NEG_01509,30.109002,79.153442,0,0.021455
UK_NEG_04533,30.448099,78.476963,0,0.838172
POS_001164,29.773151,79.167168,1,0.856008
UK_NEG_01742,30.300482,78.573021,0,0.9513
POS_005090,30.940735,78.405315,1,0.886001
POS_003729,30.467875,78.626272,1,0.96159
UK_NEG_02440,30.957377,79.49604,0,0.000611
POS_003322,30.344167,79.199694,1,0.987996
POS_001229,29.796222,79.039583,1,0.613938
UK_NEG_01175,29.219632,79.149702,0,0.00354
UK_NEG_04612,29.299155,79.040417,0,0.003768
UK_NEG_03617,30.109166,77.934875,0,0.002513
POS_004937,30.880167,78.309639,1,0.993298
UK_NEG_03546,29.703467,79.469313,0,0.566934
UK_NEG_00550,29.022708,79.274926,0,0.000504
UK_NEG_04963,28.966886,79.539467,0,0.001103
POS_002690,30.124645,79.6182,1,0.66911
UK_NEG_00092,30.217202,79.010733,0,0.758925
UK_NEG_01007,30.042388,80.420534,0,0.035934
UK_NEG_04471,29.756292,79.44139,0,0.337978
UK_NEG_04990,30.979669,79.427442,0,0.001386
UK_NEG_04039,30.807461,79.29224,0,0.005227
POS_003433,30.380889,78.944874,1,0.958604
UK_NEG_00209,29.453791,79.098702,0,0.002405
POS_002856,30.210809,79.48275,1,0.946016
POS_000762,29.545978,80.310203,1,0.973733
UK_NEG_01263,29.766369,79.310743,0,0.544917
POS_001433,29.861075,79.204587,1,0.992381
UK_NEG_00429,30.010676,78.419257,0,0.162067
POS_001370,29.833874,78.695542,1,0.822972
UK_NEG_02678,30.848246,78.84644,0,0.00154
UK_NEG_03198,31.207111,78.23909,0,0.001669
POS_001120,29.754,79.661417,1,0.326159
POS_000165,29.28713,79.581368,1,0.370842
POS_003800,30.501028,78.627444,1,0.924956
POS_003901,30.524234,77.936031,1,0.989397
POS_001112,29.748428,80.28129,1,0.940424
POS_002979,30.263193,78.66474,1,0.997732
UK_NEG_02227,30.756178,78.009881,0,0.024006
UK_NEG_01111,28.987391,79.528726,0,0.000699
UK_NEG_00919,29.787445,78.723855,0,0.51698
POS_003488,30.391289,78.797175,1,0.859915
UK_NEG_04001,29.335232,79.137466,0,0.000506
UK_NEG_03730,29.427168,79.740473,0,0.436943
POS_003534,30.400444,78.583111,1,0.978876
POS_002595,30.102174,79.034568,1,0.909151
UK_NEG_01003,30.803841,79.886749,0,0.00287
POS_000500,29.461473,79.971673,1,0.973834
UK_NEG_01140,30.651755,78.736844,0,0.072258
UK_NEG_01604,30.66831,79.999234,0,0.001549
UK_NEG_01660,30.403364,79.842723,0,0.001749
POS_001769,29.942949,78.599987,1,0.509557
POS_002286,30.036059,79.64155,1,0.991272
UK_NEG_02851,29.635554,80.134612,0,0.759761
POS_001783,29.945574,78.879838,1,0.726779
UK_NEG_02963,30.212619,78.04255,0,0.01302
UK_NEG_05325,30.252766,79.819906,0,0.001962
UK_NEG_03630,29.851364,79.572746,0,0.688461
UK_NEG_02523,30.202194,80.415756,0,0.00143
UK_NEG_00392,30.096801,79.773264,0,0.479788
POS_003610,30.420913,78.622262,1,0.982408
POS_003745,30.475489,77.923598,1,0.969598
POS_001495,29.881803,79.433317,1,0.969565
UK_NEG_02308,29.874034,78.928304,0,0.530479
UK_NEG_02761,29.2458,79.710096,0,0.869395
POS_005161,30.969531,78.453015,1,0.639093
UK_NEG_02664,30.706215,79.490908,0,0.00898
POS_000755,29.545315,80.306349,1,0.948612
POS_000596,29.499696,80.099342,1,0.998496
POS_001803,29.95175,78.681132,1,0.99438
UK_NEG_04259,30.884231,79.565398,0,0.000864
UK_NEG_05191,29.6117,80.306939,0,0.359382
POS_004513,30.740056,78.525111,1,0.975867
UK_NEG_00836,30.054294,77.910147,0,0.00108
POS_005288,30.085642,79.470643,1,0.982472
POS_004598,30.768246,78.272742,1,0.90516
POS_005182,30.990326,77.956444,1,0.619116
POS_001874,29.965238,78.701667,1,0.44434
UK_NEG_01197,28.848474,79.836545,0,0.001227
POS_005497,30.3791,79.0034,1,0.85619
POS_002525,30.093,79.65025,1,0.738514
UK_NEG_03947,30.709126,77.792375,0,0.519613
POS_004372,30.628667,78.995611,1,0.842323
POS_000506,29.463218,79.364364,1,0.945143
UK_NEG_02769,29.279379,79.771576,0,0.795917
UK_NEG_05175,29.240221,79.479617,0,0.002664
POS_005417,30.078833,79.794472,1,0.068636
POS_002866,30.21646,79.4678,1,0.994264
POS_001634,29.911727,79.417462,1,0.914324
POS_001034,29.687721,79.074614,1,0.96298
POS_002713,30.133156,79.71915,1,0.930942
POS_001116,29.751472,79.765889,1,0.890361
UK_NEG_03652,31.44448,79.075919,0,0.004432
POS_000986,29.659278,80.210361,1,0.761615
POS_004422,30.649152,77.843783,1,0.910484
UK_NEG_00023,28.999481,79.536336,0,0.001211
POS_004837,30.84771,78.211768,1,0.833594
UK_NEG_05262,30.42409,77.727307,0,0.004505
POS_002645,30.115194,79.948222,1,0.184901
UK_NEG_04889,30.845221,78.763536,0,0.004869
POS_001359,29.831502,78.600294,1,0.985775
POS_005022,30.906398,77.857133,1,0.911769
POS_004980,30.896566,78.32007,1,0.53594
POS_004730,30.814972,78.180972,1,0.907701
POS_002553,30.095482,79.449858,1,0.971146
POS_001527,29.893177,78.455382,1,0.314334
UK_NEG_05284,29.822357,78.003439,0,0.000727
UK_NEG_00140,31.003069,79.484924,0,0.005206
UK_NEG_04638,28.844943,80.040076,0,0.001088
POS_002763,30.162098,79.367682,1,0.946524
UK_NEG_02893,30.32771,77.947407,0,0.166003
UK_NEG_03872,29.723284,78.667488,0,0.007493
POS_001846,29.959889,79.629417,1,0.353633
UK_NEG_05437,30.19248,78.086747,0,0.001763
UK_NEG_03021,30.409339,79.785713,0,0.00084
POS_003696,30.453864,77.954205,1,0.993878
POS_002272,30.032121,79.654223,1,0.855162
UK_NEG_00248,30.455144,79.002459,0,0.015032
UK_NEG_02538,29.780323,78.953896,0,0.661698
POS_002131,30.003957,80.152498,1,0.995143
POS_003519,30.397972,78.880502,1,0.875475
UK_NEG_02700,30.863606,78.378214,0,0.039763
POS_003504,30.395194,79.325556,1,0.986247
UK_NEG_04531,30.334953,79.722543,0,0.00407
POS_000464,29.454073,79.600257,1,0.960134
UK_NEG_00355,30.668236,77.910433,0,0.989265
UK_NEG_03842,30.197524,80.65846,0,0.016869
UK_NEG_03876,29.106514,79.553469,0,0.000743
POS_005393,30.395639,79.326611,1,0.996958
POS_002875,30.22082,79.25258,1,0.984058
POS_003502,30.394149,78.59525,1,0.994814
UK_NEG_03646,29.420683,79.362698,0,0.82343
POS_002244,30.02667,80.03977,1,0.976993
UK_NEG_02409,30.422934,80.327823,0,0.002966
POS_005095,30.942896,78.407218,1,0.936399
POS_001261,29.807296,78.549982,1,0.978743
POS_003537,30.400686,79.033976,1,0.988826
UK_NEG_02781,29.822864,79.428277,0,0.660511
POS_004887,30.859169,78.085063,1,0.996764
POS_004736,30.8178,78.448808,1,0.800441
POS_000133,29.270031,79.550619,1,0.985613
POS_001206,29.792,78.752,1,0.932333
UK_NEG_00213,28.981261,79.311035,0,0.000481
UK_NEG_01567,30.535549,78.90933,0,0.355595
POS_001026,29.683837,80.376263,1,0.837548
POS_002201,30.01742,80.150755,1,0.988652
UK_NEG_02061,30.189093,77.950752,0,0.488807
POS_001172,29.777803,79.223369,1,0.997811
POS_003516,30.397562,78.880935,1,0.852239
POS_003714,30.459785,78.5699,1,0.968039
POS_003641,30.433081,77.889638,1,0.985571
UK_NEG_03120,31.047913,78.854994,0,0.009984
UK_NEG_03889,28.948061,79.956451,0,0.002306
UK_NEG_02293,30.143591,78.734812,0,0.529945
POS_003011,30.271389,79.214833,1,0.970147
POS_002249,30.027649,79.524498,1,0.105326
UK_NEG_00629,30.046424,78.980646,0,0.105367
POS_001901,29.97,80.6,1,0.980406
POS_003478,30.389899,78.936044,1,0.938029
UK_NEG_00590,30.182839,80.394999,0,0.003127
POS_003980,30.539389,78.673056,1,0.814724
POS_000515,29.466562,79.335137,1,0.999527
UK_NEG_02081,30.446899,78.551788,0,0.134199
POS_005251,29.799444,80.250194,1,0.964341
UK_NEG_02041,31.131847,78.707405,0,0.003422
POS_000904,29.615722,79.161139,1,0.996221
POS_002657,30.119038,78.689756,1,0.995067
POS_005465,30.64,79.02,1,0.884086
POS_000572,29.492889,79.142232,1,0.083133
UK_NEG_03486,30.440959,79.635388,0,0.007322
POS_004108,30.570134,79.12356,1,0.992767
POS_004984,30.899141,78.325632,1,0.892513
UK_NEG_04380,29.700432,79.413894,0,0.802543
POS_002487,30.085722,79.470417,1,0.996664
UK_NEG_00870,30.127307,78.266546,0,0.003704
UK_NEG_04971,31.247591,78.98484,0,0.000779
POS_004732,30.815821,78.198885,1,0.913911
POS_002098,29.999664,78.800898,1,0.959414
POS_000706,29.524417,79.69525,1,0.484524
POS_003856,30.5155,79.0619,1,0.320261
POS_002344,30.05,80.3,1,0.398791
POS_003912,30.526333,78.760028,1,0.890716
UK_NEG_03823,29.736456,79.535895,0,0.429001
UK_NEG_04518,29.186975,79.803929,0,0.873638
UK_NEG_01789,29.249485,79.354793,0,0.000851
POS_004319,30.6145,79.200667,1,0.481219
POS_002023,29.990339,80.082853,1,0.950005
UK_NEG_05283,29.614906,78.850792,0,0.000776
POS_005005,30.903887,78.32857,1,0.871818
POS_004719,30.811985,78.37572,1,0.941445
UK_NEG_03028,29.935277,79.246263,0,0.9386
POS_002006,29.989056,79.94,1,0.914201
UK_NEG_03820,29.797825,78.305203,0,0.000544
UK_NEG_01653,30.523632,79.622875,0,0.029774
UK_NEG_00280,29.988774,78.229657,0,0.003158
POS_004474,30.710231,77.971084,1,0.737876
UK_NEG_00522,30.8516,79.429766,0,0.001365
POS_003471,30.387929,77.984044,1,0.9886
UK_NEG_00958,30.266596,79.680748,0,0.007306
UK_NEG_04021,30.648142,77.9536,0,0.444591
POS_004080,30.564669,77.771968,1,0.965132
UK_NEG_00210,29.749565,79.215692,0,0.742578
UK_NEG_04193,31.19318,78.956965,0,0.002076
UK_NEG_01528,30.431891,79.797184,0,0.00461
POS_002906,30.231295,79.267228,1,0.967713
POS_001337,29.825912,79.778448,1,0.987438
UK_NEG_00476,30.16684,80.451967,0,0.003182
UK_NEG_04813,30.535791,79.472536,0,0.477183
UK_NEG_00934,29.850626,80.375093,0,0.690727
POS_001021,29.681667,79.061107,1,0.975254
POS_001585,29.905,78.885,1,0.825015
UK_NEG_02753,29.580444,78.646268,0,0.00523
POS_002749,30.149297,78.605702,1,0.975253
UK_NEG_00882,31.198422,79.017257,0,0.006066
POS_002933,30.243693,78.910004,1,0.988551
UK_NEG_03588,30.426145,79.841861,0,0.009688
UK_NEG_00363,29.619445,79.469467,0,0.02147
UK_NEG_00380,30.025181,80.417344,0,0.718421
UK_NEG_05039,29.613828,79.873408,0,0.418908
UK_NEG_00359,29.928662,79.84523,0,0.515305
UK_NEG_01662,31.291462,79.081417,0,0.000954
UK_NEG_04146,29.986786,80.519296,0,0.009168
POS_000502,29.461815,79.360454,1,0.994531
POS_002656,30.118833,79.275028,1,0.921049
UK_NEG_00650,30.166949,78.051165,0,0.000968
POS_002790,30.179014,78.618285,1,0.98723
POS_004332,30.618889,78.986472,1,0.93461
POS_001877,29.965389,79.959111,1,0.591292
POS_003631,30.42875,78.6465,1,0.999077
UK_NEG_03338,30.346148,79.971806,0,0.001592
POS_000412,29.434665,79.668186,1,0.998263
UK_NEG_04985,30.291241,79.832582,0,0.001157
POS_002854,30.210769,78.766485,1,0.792695
UK_NEG_02506,29.855354,78.015564,0,0.000639
UK_NEG_04279,29.790089,79.082952,0,0.025835
POS_004764,30.829105,78.619715,1,0.839277
UK_NEG_04339,30.741679,79.705654,0,0.00067
POS_004084,30.565222,79.129417,1,0.646523
POS_004451,30.673528,79.512889,1,0.150012
UK_NEG_00314,28.954377,79.688242,0,0.003974
UK_NEG_00496,29.947749,80.422982,0,0.004701
UK_NEG_04459,30.039546,79.180407,0,0.001095
POS_001007,29.673572,80.375032,1,0.946641
POS_001584,29.904477,78.891976,1,0.977909
UK_NEG_01566,30.502805,80.344694,0,0.003079
UK_NEG_02841,29.072735,79.342437,0,0.002085
UK_NEG_03628,30.18355,78.981721,0,0.299561
POS_002789,30.178971,78.86199,1,0.970061
UK_NEG_04194,29.624506,78.679744,0,0.001101
UK_NEG_04556,31.056011,78.487418,0,0.004989
POS_000309,29.368978,79.472131,1,0.998468
UK_NEG_01296,30.921455,79.472204,0,0.000814
UK_NEG_04364,30.318659,78.456116,0,0.128256
POS_004157,30.5822,78.3263,1,0.86874
UK_NEG_03866,30.6853,78.770884,0,0.019099
POS_002746,30.148771,78.605412,1,0.999347
POS_002117,30.001999,80.147691,1,0.958241
UK_NEG_02520,29.973638,80.438991,0,0.19938
POS_004300,30.6072,78.3202,1,0.976129
POS_000565,29.489714,79.911899,1,0.961329
POS_000304,29.35896,79.484396,1,0.990399
UK_NEG_01092,30.849963,79.17289,0,0.015601
UK_NEG_02829,30.889057,79.436119,0,0.001022
POS_002277,30.033171,79.56956,1,0.872946
UK_NEG_02999,29.772195,78.243955,0,0.00392
UK_NEG_04066,30.890614,78.541957,0,0.001644
POS_000273,29.343211,79.503095,1,0.986148
POS_003644,30.435627,78.677988,1,0.991449
POS_002760,30.159301,79.319942,1,0.966885
POS_004150,30.580697,78.824061,1,0.257953
POS_001324,29.823662,78.537939,1,0.95239
POS_002288,30.036698,79.956484,1,0.953408
POS_003167,30.296528,79.301389,1,0.997723
UK_NEG_03655,30.897598,78.862022,0,0.001459
POS_002088,29.998599,79.571332,1,0.975056
UK_NEG_00549,28.922764,79.483681,0,0.001207
UK_NEG_02494,31.133186,78.484274,0,0.005228
UK_NEG_04553,29.459021,78.831177,0,0.000605
UK_NEG_05414,29.238215,79.347397,0,0.001679
POS_003945,30.531775,77.976824,1,0.951136
POS_001038,29.688968,79.073803,1,0.988313
POS_001275,29.810006,79.718188,1,0.981582
POS_001487,29.880266,79.889626,1,0.684424
UK_NEG_02736,29.667824,79.508345,0,0.034302
POS_003722,30.465065,79.457206,1,0.991031
POS_002254,30.028465,79.26164,1,0.92868
UK_NEG_02730,30.67326,78.807484,0,0.025681
UK_NEG_02599,29.854813,79.538761,0,0.017554
UK_NEG_05510,28.985431,79.629358,0,0.00092
UK_NEG_03663,29.00426,79.807483,0,0.001819
UK_NEG_00845,30.104677,78.110992,0,0.001169
POS_004258,30.598639,78.614167,1,0.477099
UK_NEG_03933,30.643475,80.197042,0,0.014061
UK_NEG_01627,30.5614,78.11308,0,0.266613
UK_NEG_03388,31.119567,79.046769,0,0.022988
POS_002073,29.996824,78.47233,1,0.950705
UK_NEG_02553,30.022256,80.46494,0,0.007973
POS_001365,29.833143,79.045469,1,0.654237
POS_001233,29.798813,79.69747,1,0.569997
UK_NEG_05508,30.362419,78.462541,0,0.945365
POS_000455,29.452596,79.964519,1,0.863835
POS_003906,30.525583,78.604639,1,0.970806
UK_NEG_05252,30.071189,80.705601,0,0.014573
UK_NEG_00051,29.854712,78.183048,0,0.000963
UK_NEG_03033,29.641842,79.932408,0,0.692974
UK_NEG_02832,30.7719,79.241638,0,0.001814
POS_000642,29.511882,79.908295,1,0.942212
POS_001176,29.779095,79.836423,1,0.990951
UK_NEG_02676,29.789291,78.719997,0,0.275643
POS_005024,30.906667,78.204444,1,0.039156
POS_000792,29.553724,79.193619,1,0.988478
POS_000975,29.6549,79.0407,1,0.976137
POS_004688,30.797222,78.420833,1,0.913599
UK_NEG_03273,29.583865,79.696694,0,0.052357
POS_004614,30.773028,77.824444,1,0.251629
POS_000589,29.498295,79.142698,1,0.788764
UK_NEG_03828,29.622941,80.14858,0,0.497305
UK_NEG_04461,29.752592,78.84509,0,0.54734
UK_NEG_04182,29.498615,79.744025,0,0.076849
UK_NEG_00128,30.654906,78.162532,0,0.977976
UK_NEG_00842,29.219642,79.338766,0,0.000461
POS_000876,29.5954,79.0636,1,0.623947
UK_NEG_00489,30.517092,79.93218,0,0.015331
POS_003625,30.426778,78.075528,1,0.982596
UK_NEG_01888,29.663445,79.670271,0,0.360799
POS_001887,29.968777,78.436285,1,0.695701
POS_001530,29.893486,78.998484,1,0.965726
POS_000745,29.539528,79.945251,1,0.720981
UK_NEG_00856,30.78967,78.687932,0,0.015
UK_NEG_04329,30.908072,79.667683,0,0.00045
UK_NEG_03309,30.02379,80.544464,0,0.010433
UK_NEG_04345,30.416527,77.781761,0,0.019293
UK_NEG_04046,30.081021,79.959864,0,0.004227
UK_NEG_05352,30.360949,78.112382,0,0.470363
POS_003604,30.4183,79.0357,1,0.81686
POS_000915,29.622701,80.355815,1,0.731085
UK_NEG_03814,29.743055,79.950628,0,0.492442
UK_NEG_03324,30.211569,80.279354,0,0.010079
POS_003049,30.277944,79.230306,1,0.989358
POS_002934,30.243803,78.653536,1,0.993483
POS_002220,30.02083,80.15694,1,0.860676
POS_005275,30.881375,78.664746,1,0.91791
POS_001567,29.900853,78.762751,1,0.978812
UK_NEG_01260,29.647622,79.595315,0,0.458436
UK_NEG_03917,29.843319,80.287016,0,0.456996
POS_002354,30.050805,79.892422,1,0.849681
UK_NEG_01551,29.851437,78.662898,0,0.495691
POS_002078,29.997259,78.91906,1,0.621391
POS_001947,29.98,80.58,1,0.986925
POS_000849,29.575332,79.242916,1,0.965017
POS_003767,30.487083,79.484028,1,0.981597
UK_NEG_00940,30.054383,77.958589,0,0.000502
POS_000583,29.496397,80.145302,1,0.955077
UK_NEG_04898,29.334006,80.192179,0,0.860083
UK_NEG_00718,30.90315,79.191141,0,0.001128
POS_000880,29.598527,79.088171,1,0.979488
UK_NEG_03677,29.334349,79.315155,0,0.002795
POS_003743,30.475148,77.878398,1,0.875689
POS_003047,30.277389,79.220306,1,0.929646
POS_002919,30.237905,78.701746,1,0.998109
UK_NEG_03382,29.659969,79.43485,0,0.288591
UK_NEG_04148,30.148971,80.426175,0,0.005147
POS_003218,30.306803,78.857548,1,0.966259
UK_NEG_01815,28.970871,79.513395,0,0.00054
POS_003476,30.388889,78.175639,1,0.953529
POS_003751,30.479647,78.047396,1,0.980308
UK_NEG_02555,30.292816,78.937593,0,0.553024
UK_NEG_02978,30.86493,79.650556,0,0.002044
UK_NEG_01583,31.056683,78.531167,0,0.000747
UK_NEG_03365,30.186731,80.304248,0,0.161861
POS_000823,29.56598,79.231635,1,0.946385
POS_003187,30.301361,79.20575,1,0.878668
UK_NEG_03381,29.613829,79.754458,0,0.621055
UK_NEG_05236,29.913867,77.903025,0,0.002164
POS_002815,30.190425,78.763352,1,0.991883
POS_004667,30.790278,78.13375,1,0.682655
UK_NEG_02886,29.226278,79.583394,0,0.36559
POS_001696,29.92133,78.618524,1,0.939741
POS_002299,30.038586,80.182736,1,0.313312
POS_001537,29.896303,78.708126,1,0.939204
UK_NEG_01450,29.832323,78.410202,0,0.397865
UK_NEG_03525,31.054331,79.015549,0,0.001159
POS_002155,30.009959,79.582735,1,0.78781
UK_NEG_00758,30.017794,80.438504,0,0.003745
UK_NEG_00788,30.233398,80.388382,0,0.00053
UK_NEG_03745,29.943897,80.080697,0,0.926867
UK_NEG_05198,31.008467,78.289877,0,0.012912
POS_003624,30.425977,78.038751,1,0.995904
POS_001520,29.89056,80.32556,1,0.171576
UK_NEG_02070,31.151927,78.619715,0,0.007694
UK_NEG_03557,29.591511,79.361946,0,0.582961
UK_NEG_02693,30.255373,79.772336,0,0.002692
UK_NEG_03448,31.055096,77.928089,0,0.02698
POS_004335,30.620389,78.988611,1,0.857289
POS_002405,30.062343,78.652931,1,0.2928
UK_NEG_02896,30.42821,79.340737,0,0.915402
POS_001836,29.958431,78.489041,1,0.958609
POS_005452,29.80409,80.265002,1,0.196977
POS_002865,30.215515,79.377048,1,0.609248
UK_NEG_00346,30.761706,78.674206,0,0.020117
POS_004231,30.594833,78.685,1,0.947938
POS_002025,29.990611,79.926306,1,0.98312
POS_003189,30.301953,78.761592,1,0.925964
POS_002651,30.117475,78.686746,1,0.945587
POS_002894,30.226111,78.198778,1,0.2511
POS_003864,30.517355,79.134621,1,0.993937
UK_NEG_01115,29.873931,78.541305,0,0.83429
POS_002061,29.994056,79.9295,1,0.963606
POS_004441,30.658544,79.031924,1,0.615325
POS_002966,30.254417,79.216472,1,0.977063
UK_NEG_02652,30.205811,80.8767,0,0.005777
UK_NEG_00809,30.443799,80.543931,0,0.00081
POS_000395,29.424927,79.32868,1,0.998381
UK_NEG_01407,30.962327,79.128657,0,0.003692
UK_NEG_03770,30.216882,78.346223,0,0.744559
POS_005232,30.119639,78.364778,1,0.865928
POS_002375,30.0575,80.29222,1,0.28993
POS_001559,29.9,78.915,1,0.971881
POS_005071,30.929811,78.403453,1,0.970568
UK_NEG_00626,29.914729,79.515519,0,0.443404
UK_NEG_01279,29.833883,80.430416,0,0.809698
UK_NEG_05433,30.174601,80.692734,0,0.003502
POS_003467,30.386944,79.198083,1,0.905808
POS_005425,30.071,78.490722,1,0.905856
UK_NEG_02019,30.025796,80.700457,0,0.002076
POS_003849,30.514958,77.975314,1,0.997087
POS_002849,30.208944,79.241056,1,0.984115
POS_002162,30.011448,79.874964,1,0.883989
UK_NEG_01524,29.187328,79.851721,0,0.581117
UK_NEG_04597,30.436077,80.279049,0,0.000801
UK_NEG_04516,28.995534,79.48451,0,0.000505
UK_NEG_05521,29.863,78.958676,0,0.230855
POS_003657,30.44132,78.916154,1,0.978863
POS_004674,30.792417,78.190667,1,0.828787
POS_003713,30.459511,79.07582,1,0.374738
UK_NEG_03826,29.917931,80.004032,0,0.322391
UK_NEG_02182,30.525323,79.402147,0,0.004428
UK_NEG_01008,30.30701,80.620859,0,0.001049
UK_NEG_00115,30.130027,79.238477,0,0.760389
POS_000990,29.664951,80.336221,1,0.987064
UK_NEG_04615,29.921189,78.134892,0,0.00101
UK_NEG_03194,31.079046,78.153075,0,0.790355
UK_NEG_01404,30.473908,78.268403,0,0.078133
POS_003466,30.386836,78.581647,1,0.946071
POS_004623,30.77731,78.368866,1,0.912872
POS_000439,29.444437,79.989443,1,0.988713
POS_003281,30.328528,78.567167,1,0.805268
POS_004680,30.79449,78.120171,1,0.975493
POS_001545,29.89744,80.033033,1,0.862381
UK_NEG_01984,30.512963,80.199577,0,0.001592
POS_003468,30.38703,79.214833,1,0.646279
POS_005070,30.929685,78.39698,1,0.589651
UK_NEG_02024,30.364667,78.463418,0,0.880398
UK_NEG_00527,30.801675,79.042027,0,0.001111
POS_004956,30.889167,78.322778,1,0.52217
UK_NEG_05278,29.809245,80.021573,0,0.193975
POS_004536,30.754804,78.186357,1,0.950006
UK_NEG_03341,30.446603,79.775984,0,0.004672
POS_001546,29.898006,78.858767,1,0.856298
POS_003797,30.500028,78.625222,1,0.879144
POS_003596,30.413539,78.911542,1,0.807394
POS_000981,29.657,78.978,1,0.990913
POS_002523,30.09286,80.241933,1,0.742817
UK_NEG_01394,30.254155,80.110874,0,0.003078
POS_003781,30.492278,79.120111,1,0.88588
POS_000384,29.416097,79.638859,1,0.852625
UK_NEG_03228,30.340517,78.469042,0,0.281346
POS_000087,29.252361,80.061833,1,0.999063
UK_NEG_02063,29.036268,79.39604,0,0.000381
POS_003834,30.511093,78.068312,1,0.969633
UK_NEG_03373,30.443436,78.42022,0,0.959372
POS_004204,30.591667,78.646833,1,0.957815
POS_000222,29.317778,79.691472,1,0.881144
POS_000374,29.407222,80.16725,1,0.633243
UK_NEG_03109,30.658984,78.468,0,0.167618
POS_004403,30.64,78.327222,1,0.816297
UK_NEG_02644,31.07777,78.825924,0,0.009601
POS_002169,30.013069,80.080804,1,0.901107
UK_NEG_01455,30.447349,77.856765,0,0.00689
POS_004647,30.782778,77.839556,1,0.454863
POS_003866,30.518119,77.945485,1,0.996917
POS_002395,30.061041,79.26574,1,0.332036
POS_001912,29.97143,79.068181,1,0.972147
POS_001742,29.934976,78.591151,1,0.672771
UK_NEG_02788,29.313902,78.81123,0,0.002836
POS_000754,29.5448,80.291452,1,0.995056
POS_000215,29.314,79.962306,1,0.937776
UK_NEG_02665,29.426462,79.267338,0,0.026206
POS_000082,29.24543,80.010754,1,0.995737
UK_NEG_01730,30.155025,80.246082,0,0.825472
UK_NEG_04225,29.996594,78.377389,0,0.967234
UK_NEG_04125,30.159527,78.066977,0,0.003351
UK_NEG_03166,30.213788,80.683798,0,0.001643
POS_002891,30.225083,79.257028,1,0.994756
POS_002313,30.040847,79.550468,1,0.940966
UK_NEG_00028,28.92132,79.88871,0,0.000647
UK_NEG_04657,31.156646,78.674051,0,0.000512
UK_NEG_00811,30.192425,79.420367,0,0.694755
POS_001283,29.812786,78.556667,1,0.955184
POS_003469,30.387476,78.578171,1,0.959783
POS_004008,30.544444,78.802111,1,0.98352
UK_NEG_05348,30.006028,80.600161,0,0.018407
POS_000088,29.252444,80.087361,1,0.465093
UK_NEG_02374,30.165397,80.512232,0,0.008311
UK_NEG_04359,29.879906,79.352287,0,0.755189
UK_NEG_02797,30.697072,79.847961,0,0.008221
UK_NEG_04357,30.670359,79.74974,0,0.002634
UK_NEG_00379,30.373055,78.226018,0,0.588145
UK_NEG_02439,29.37317,80.148101,0,0.180451
POS_002768,30.165964,79.260463,1,0.72366
UK_NEG_02039,29.993903,78.154332,0,0.367808
POS_003988,30.540972,78.567083,1,0.951121
UK_NEG_03716,30.037093,79.31437,0,0.004047
POS_001926,29.977083,79.912083,1,0.965237
UK_NEG_01284,29.049481,79.317462,0,0.001449
POS_000296,29.3539,79.4246,1,0.998779
UK_NEG_05114,30.888931,79.744486,0,0.005454
POS_002227,30.02255,79.877392,1,0.918297
UK_NEG_05289,30.171892,78.988777,0,0.430626
UK_NEG_00810,29.20572,78.952808,0,0.001661
UK_NEG_01775,30.689097,79.696789,0,0.002453
POS_004019,30.546222,78.802056,1,0.953521
POS_005163,30.970186,78.434355,1,0.925462
POS_003351,30.357556,79.208222,1,0.677501
POS_004894,30.860312,78.287489,1,0.991515
POS_001303,29.817333,79.731806,1,0.994266
POS_004618,30.775865,78.449935,1,0.99531
POS_003066,30.281218,78.968077,1,0.999732
UK_NEG_04465,30.725456,79.581199,0,0.001146
POS_003146,30.293083,79.109111,1,0.876934
UK_NEG_02512,30.017455,79.403692,0,0.0645
UK_NEG_04519,29.750222,79.126594,0,0.463635
POS_001292,29.814589,78.609862,1,0.991216
POS_004606,30.771667,78.4325,1,0.93909
UK_NEG_00694,30.172393,80.637645,0,0.003062
UK_NEG_01258,30.411402,79.791729,0,0.001714
UK_NEG_04703,30.367104,80.146405,0,0.014023
POS_002959,30.251527,78.211004,1,0.923388
POS_000447,29.448601,79.476353,1,0.983101
UK_NEG_00146,30.785499,79.611216,0,0.001832
UK_NEG_05491,30.196732,78.383785,0,0.551478
POS_005069,30.928772,78.39427,1,0.760212
UK_NEG_02871,30.064294,80.541411,0,0.440095
POS_003451,30.384706,78.761137,1,0.816928
POS_004712,30.808333,78.147417,1,0.802574
POS_000242,29.326,79.661,1,0.96201
UK_NEG_04548,30.940752,77.756135,0,0.022177
POS_001464,29.871733,78.753766,1,0.987995
UK_NEG_01053,30.120128,78.05818,0,0.146657
POS_003708,30.457867,78.034632,1,0.583164
POS_003943,30.531667,78.755361,1,0.87955
UK_NEG_02573,28.921807,79.895809,0,0.000109
UK_NEG_00221,29.491535,79.265781,0,0.753757
UK_NEG_02317,29.083704,79.812482,0,0.018838
UK_NEG_02112,30.73555,79.105795,0,0.003266
POS_003529,30.399444,78.196667,1,0.894205
UK_NEG_03879,28.756577,79.932212,0,0.000939
UK_NEG_01237,30.448615,80.212109,0,0.093523
POS_000744,29.539333,79.518458,1,0.926233
UK_NEG_02074,29.410777,79.217376,0,0.001294
POS_002308,30.04,80.31,1,0.288418
POS_000406,29.432874,79.973087,1,0.98679
POS_002665,30.120885,78.769397,1,0.599459
POS_001093,29.724782,78.873783,1,0.957027
POS_004973,30.893458,78.323846,1,0.655342
POS_005259,30.410694,78.0865,1,0.967798
POS_004715,30.809056,78.448611,1,0.999016
POS_002588,30.101363,79.431506,1,0.824271
POS_005013,30.904651,78.229605,1,0.506929
UK_NEG_00945,30.343283,80.204016,0,0.033309
POS_003376,30.367528,78.994589,1,0.976956
UK_NEG_03659,30.36461,79.857384,0,0.001901
POS_005409,30.000944,80.718944,1,0.993665
POS_004549,30.758111,77.812167,1,0.093239
UK_NEG_00082,30.253784,80.059383,0,0.001028
UK_NEG_01621,29.96469,80.378356,0,0.039469
POS_002271,30.031921,80.197792,1,0.348689
POS_003891,30.522056,79.070028,1,0.707221
POS_004158,30.582242,78.011497,1,0.999375
POS_001729,29.932207,78.478068,1,0.926166
POS_003640,30.432861,79.374306,1,0.990823
POS_000519,29.468111,80.00775,1,0.997016
POS_005088,30.939784,78.404248,1,0.969935
POS_004794,30.838611,78.451389,1,0.622294
UK_NEG_00437,30.141156,78.934363,0,0.781791
POS_005442,29.382697,79.42724,1,0.914249
POS_001154,29.7693,79.165294,1,0.510528
POS_000422,29.437167,80.043694,1,0.980964
UK_NEG_04878,29.084347,79.489376,0,0.000602
POS_003719,30.463731,78.062156,1,0.988207
POS_003949,30.532194,78.649889,1,0.900537
POS_003592,30.412109,78.119395,1,0.959691
POS_004423,30.649722,78.332778,1,0.986181
POS_003003,30.268903,79.618879,1,0.744318
POS_001651,29.914817,79.037974,1,0.883704
POS_001597,29.906812,78.830182,1,0.776666
POS_001140,29.763292,78.529789,1,0.069847
POS_004608,30.772147,77.917445,1,0.00646
UK_NEG_04904,29.515512,78.747381,0,0.014827
UK_NEG_02927,30.150924,79.099349,0,0.087359
UK_NEG_01148,29.74157,79.215167,0,0.461086
POS_002484,30.085168,80.242283,1,0.892854
POS_005370,30.39625,79.313556,1,0.784689
POS_005109,30.947079,78.410534,1,0.875447
UK_NEG_04379,29.903208,79.094193,0,0.823054
UK_NEG_04787,31.189231,78.467376,0,0.000256
UK_NEG_01015,30.673835,78.294121,0,0.86297
POS_003704,30.4556,78.632812,1,0.787547
POS_002238,30.024687,80.065764,1,0.973899
UK_NEG_01811,30.636045,79.333146,0,0.000852
POS_000636,29.510686,80.010961,1,0.999358
POS_003419,30.377175,79.123847,1,0.95428
POS_000608,29.503478,79.442838,1,0.974265
POS_001409,29.84667,80.53639,1,0.900727
UK_NEG_02132,29.733074,78.593584,0,0.854033
UK_NEG_02029,29.972718,79.531506,0,0.426238
UK_NEG_01522,30.488339,80.077502,0,0.001335
POS_002105,30.0,80.56,1,0.847457
